corp_code,corp_name,stock_code,induty_code,est_dt,acc_mt,status
00260985,한빛네트,036720,58221,19970722,12,000
00264529,(주)엔플렉스,040130,58221,19981030,12,000
00358545,(주)동서정보기술,055000,58221,19960410,12,000
00231567,주식회사 애드모바일,032600,58221,19950614,12,000
00359614,(주)리더컴,056140,26410,19980801,12,000
00153551,(주)허메스홀딩스,012400,26429,19770705,12,000
00344746,(주)유티엑스,045880,26410,19971212,09,000
00261188,(주)글로포스트,037830,58221,19980728,12,000
00268020,(주)쏠라엔텍,030390,46599,19760216,12,000
00269287,(주)보홍,041320,46521,19931206,12,000
00475286,동북아1호선박투자회사,078420,71531,20040116,12,000
00250775,에듀아크,046350,2622,19910114,12,000
00114321,(주)데코,013650,14112,19781209,12,000
00191108,(주)엘앤씨피,015390,20491,19810309,12,000
00167378,(주)희훈디앤지,019640,42,19861217,12,000
00225210,(주)퓨쳐인포넷,058690,58221,19920113,12,000
00223346,(주)쓰리디넷,035400,58221,19920115,12,000
00174129,(주)제일저축은행,024100,64131,19680622,06,000
00114826,제일창업투자(주),026540,64209,19900524,12,000
00173333,(주)현대DSF,016510,47111,19821126,12,000
00687599,(주)네프로아이티,950030,63991,20000209,03,000
00256292,(주)자강,036790,2642,19960731,12,000
00271431,케이엠에스(주),038830,2642,19930701,12,000
00154727,(주)에버리소스,020070,46510,19870701,12,000
00246189,제이에스(주),037110,2642,19940905,12,000
00154204,태창기업(주),007490,13401,19560901,12,000
00152631,(주)에이치비이에너지,017300,26,19831020,12,000
00358095,(주)코어비트,056850,58221,19930923,12,000
00510215,동북아8호선박투자회사,082110,71531,20041119,12,000
00347619,한국통신데이타(주),045760,58221,19990108,12,000
00372013,(주)케너텍,062730,291,19970924,12,000
00353735,(주)다휘,055250,291,19950412,12,000
00186540,코오롱아이넷(주),022520,58221,19900720,12,000
00128759,캠브리지코오롱(주),004620,14111,19660610,12,000
00535588,네오세미테크(주),089240,2612,19990805,12,000
00264981,(주)디에이치패션,045260,467,19971004,12,000
00231521,(주)핸디소프트,032380,58221,19910210,12,000
00159908,케이엠에이치(주),009690,28302,19740307,12,000
00259493,(주)씨엘엘씨디,035710,47919,19940705,12,000
00359641,(주)현대푸드시스템,114410,56130,19991223,12,000
00161639,메리츠종합금융(주),012420,64919,19770713,03,000
00211271,제넥셀세인(주),034660,27111,19900211,12,000
00388272,(주)쓰리디월드,065340,26,20000320,12,000
00264796,(주)스톰이앤에프,043680,5911,19940819,12,000
00134909,(주)소예,035010,467,19740307,06,000
00236368,(주)엠엔에프씨,048640,22214,19941212,12,000
00684547,하이트맥주(주),103150,11,20080701,12,000
00251385,(주)보광티에스,066690,2592,19980510,12,000
00262682,(주)아인스엠앤엠,040740,59111,19990514,12,000
00234555,씨엔씨엔터프라이즈(주),038420,292,19940608,12,000
00507257,(주)아이알디,084810,29271,19990917,12,000
00417963,(주)바이나믹,067850,59114,19990916,12,000
00543523,(주)코크렙제7호위탁관리부동산투자회사,086720,68112,20051025,04,000
00300566,엔빅스(주),054170,62021,19920917,12,000
00299376,(주)선팩테크,054010,2629,19970225,12,000
00112068,마이크로닉스(주),001190,13109,19540507,12,000
00257194,(주)블루스톤디앤아이,033720,58221,19920410,12,000
00477372,(주)신지소프트,078700,58221,20000328,12,000
00465410,(주)맥쿼리센트럴오피스기업구조조정부동산투자회사,076850,68112,20031212,06,000
00331760,테스텍(주),048510,29271,19961102,12,000
00200761,(주)중앙디자인,030030,73201,19910322,12,000
00268297,(주)에코페트로시스템,042870,46800,19970721,12,000
00161301,한림창업투자(주),021060,64209,19880928,12,000
00237260,(주)헤쎄나,036270,2642,19900716,12,000
00297970,미래에셋굿라이프혼합형자녀를위한투자회사10-1,037510,64201,19991124,11,000
00107358,(주)일공공일안경콘택트,032030,46493,19850531,12,000
00267474,(주)지앤알,043630,27112,19930730,12,000
00134051,(주)셀런,013240,26,19780412,12,000
00596066,한국 베트남15-1유전 해외자원개발투자회사,093820,64201,20061101,01,000
00347363,(주)에이치원바이오,052310,58221,19960925,12,000
00150226,(주)씨앤중공업,008400,30203,19730108,12,000
00152914,FnC코오롱(주),001370,1419,19541217,12,000
00158839,(주)제너비오믹스,017010,27214,19830530,12,000
00159281,(주)케드콤,011050,2642,19760213,12,000
00210537,(주)지엔텍홀딩스,065410,74100,19900326,12,000
00240370,동부씨엔아이(주),044640,58221,19940706,12,000
00247887,(주)아이피에스,051820,29271,19960327,12,000
00268358,(주)에스브이에이치,046240,58221,19970926,12,000
00316488,(주)제이콤,060750,2642,19980501,12,000
00264130,(주)옥션,043790,4610,19960322,12,000
00540304,(주)네이쳐글로벌,088020,2611,20000510,12,000
00617299,GB 블루오션베트남주식혼합형 투자회사 1호,094950,64201,20070105,01,000
00262275,엠씨티티코어(주),052210,26410,19970123,12,000
00200798,(주)에이스 앤 파트너스,032930,2642,19820105,12,000
00335924,(주)지앤디윈텍,061050,2642,19980605,12,000
00111591,인터피온반도체,014010,2612,19790412,12,000
00189343,(주)솔로몬저축은행,007800,64131,19720406,06,000
00252588,(주)엠트론스토리지테크놀로지,046320,46510,19901212,12,000
00267997,(주)에스티앤아이,031800,2611,19940530,12,000
00299686,(주)유퍼트,060670,2811,19870415,12,000
00463050,(주)엑스로드,074140,26429,20000104,12,000
00238913,(주)선우중공업,068770,292,19870908,12,000
00107446,(주)남양,003020,13922,19601019,06,000
00114303,(주)엘지데이콤,015940,61210,19820329,12,000
00318617,(주)LG파워콤,045820,61210,20000126,12,000
00267775,동산진흥(주),031960,14111,19850119,12,000
00394574,티이씨(주),067950,292,19981026,12,000
00110176,한국기술산업(주),008320,28302,19721226,10,000
00136554,(주)스타맥스,017050,59111,19830610,12,000
00144562,(주)유성티에스아이,024870,259,19870101,12,000
00370547,(주)네오리소스,058550,2642,19960403,12,000
00242439,(주)케이알,035950,2511,19920428,03,000
00134060,(주)씨앤상선,000790,50112,19510704,12,000
00392600,(주)투미비티,058900,58221,19950623,12,000
00259855,(주)코아정보시스템,039990,62021,19901213,12,000
00385451,(주)케이에스리소스,066340,2642,19990719,12,000
00258944,(주)세계투어,047600,75210,19940325,12,000
00798530,동양밸류오션기업인수목적(주),122290,64999,20091221,06,000
00451268,케이이엔지(주),077960,29271,19990625,12,000
00336570,(주)사이버패스,063280,58221,20000724,12,000
00363325,산양전기(주),079870,2622,19890704,12,000
00148188,(주)으뜸상호저축은행,032150,64132,19741121,06,000
00508566,(주)국제개발,080570,41224,20041203,12,000
00133928,세신(주),004230,25931,19650428,12,000
00540784,골든브릿지더블유엠경매부동산일호투자회사,084160,64209,20050415,04,000
00298252,(주)엘앤피아너스,061140,26,19960314,12,000
00264556,(주)에이스일렉트로닉스,038690,2622,19990324,12,000
00581000,(주)디앤샵,090090,4791,20060501,12,000
00359094,(주)더 체인지,054120,2811,19941109,12,000
00686970,(주)다산자기관리부동산투자회사,105380,6811,20071207,12,000
00255309,(주)써니트렌드,035500,59111,19930312,12,000
00362380,(주)뉴젠비아이티,054650,4659,19930917,12,000
00244862,(주)룩소네이트,033880,14120,19970403,12,000
00297165,(주)현대오토넷,042100,2629,20000215,12,000
00105767,LG마이크론(주),016990,2629,19830511,12,000
00173397,(주)서광건설산업,001600,41221,19551202,12,000
00259606,(주)플러스프로핏,036660,58111,19890823,06,000
00178471,(주)한와이어리스,037020,62090,19750320,12,000
00331733,(주)포휴먼,049690,715,19890501,12,000
00104892,(주)알이네트웍스,023670,28303,19880610,12,000
00647917,(주)케이알제2호개발전문위탁관리부동산투자회사,101790,68129,20071026,12,000
00597764,미래에셋맵스 오퍼튜니티 베트남 주식혼합형 투자회사 1호,094520,64999,20061127,11,000
00355821,(주)씨티엘테크,088960,263,20000525,12,000
00329677,이디디컴퍼니(주),052650,2642,19891219,12,000
00244871,(주)케이티프리텔,032390,61220,19970103,12,000
00246383,(주)메카포럼,035830,90191,19920515,12,000
00345499,(주)에스피코프,048130,46800,19990813,12,000
00348140,(주)이롬텍,045400,26,19861121,10,000
00215107,(주)이앤텍,047450,26321,19771102,12,000
00560991,(주)맥스브로,088810,2224,20060306,12,000
00265263,토자이홀딩스 주식회사,037700,4659,19980123,12,000
00142564,(주)우방,013200,4111,19780408,12,000
00198572,동양매직(주),023020,28519,19921001,12,000
00642648,코웰이홀딩스유한공사,900020,64992,20061128,12,000
00537443,(주)아구스,078670,26,20010704,12,000
00113173,(주)대한은박지,007480,24222,19711122,09,000
00441872,(주)인스프리트,073130,58221,20001023,12,000
00480844,(주)하이럭스,079340,26211,20010814,12,000
00262044,(주)트리니티,053070,2642,19950217,12,000
00101442,(주)카라반케이디이,032570,26310,19870613,12,000
00295875,(주)더존디지털웨어,045380,58221,19951205,12,000
00441298,(주)디보스,080140,26,20000316,12,000
00263885,(주)포네이처,045290,2811,19920212,12,000
00475532,(주)테이크시스템즈,076090,29272,19970715,12,000
00130204,(주)폴켐,033190,2219,19821026,12,000
00128731,유리이에스(주),007050,29230,19710210,12,000
00325981,(주)에프아이투어,047370,2642,19911219,12,000
00540021,(주)모빌탑,085680,58221,19990325,12,000
00362089,(주)올리브나인,052970,59114,19991106,12,000
00228916,(주)디패션,030420,63991,19890209,12,000
00114215,(주)알덱스,025970,24222,19840316,12,000
00109648,(주)오라바이오틱스,016160,26,19820707,12,000
00261212,(주)시노펙스그린테크,037320,46510,19960912,12,000
00348007,(주)야호커뮤니케이션,059720,63991,19990601,12,000
00275808,브이케이(주),048760,28202,19970912,12,000
00375579,(주)팬택앤큐리텔,063350,2642,20010409,12,000
00197324,(주)팬텀엔터테인먼트그룹,025460,73901,19900605,12,000
00339063,(주)삼성수산,052560,03112,19970305,12,000
00538497,동북아15호선박투자회사,084240,71531,20050520,12,000
00225140,(주)쌈지,033260,15121,19931019,12,000
00101947,브이오산업(주),018890,2229,19860318,12,000
00287724,코디콤(주),041800,26,19961011,12,000
00347840,(주)제네시스엔알디,052640,62021,19940106,12,000
00504357,동북아6호선박투자회사,080410,71531,20040908,12,000
00269339,(주)인네트,041450,62021,19960528,12,000
00634959,한국월드와이드아시아태평양특별자산1호투자회사,098150,64201,20070423,04,000
00267094,(주)헤파호프코리아,039350,27199,19960724,12,000
00142698,(주)휴리프,006210,26,19690911,03,000
00350057,(주)하이스마텍,057100,58221,19980821,12,000
00721981,삼성디지털이미징(주),108070,27,20090204,12,000
00248691,씨제이인터넷(주),037150,5821,19820930,12,000
00335562,엠넷미디어(주),056200,58221,19940629,12,000
00369675,(주)온미디어,045710,64992,20000615,12,000
00265078,(주)유니텍전자,039040,4659,19920423,12,000
00267809,위더스기술금융(주),019430,64209,19861101,12,000
00314000,(주)클라스타,037550,58221,19900608,12,000
00355292,(주)아시아미디어홀딩스,052810,58221,19910402,12,000
00386557,아이스테이션(주),056010,263,20000223,12,000
00548865,동북아21호 선박투자회사,088010,71531,20051026,12,000
00221320,(주)에이스디지텍,036550,26211,19950824,12,000
00124054,(주)부산저축은행,007830,64132,19700610,06,000
00301486,(주)에피밸리,068630,2642,19970326,12,000
00311298,오페스(주),053470,26410,19950201,12,000
00348557,(주)액티투오,047710,2642,19961031,12,000
00265342,(주)에이치에스씨홀딩스,038920,58221,19940318,12,000
00156734,한국고덴시(주),027840,2612,19800514,12,000
00208693,(주)나리지*온,036850,2612,19880428,12,000
00128953,(주)프로비타,014420,26,19791204,12,000
00428792,(주)제로원인터랙티브,069470,63991,20021001,12,000
00148744,제일화재해상보험(주),000610,65121,19490322,03,000
00518873,동북아9호선박투자회사,083120,71531,20050316,12,000
00300779,(주)굿이엠지,051530,59201,19990812,12,000
00397766,(주)아이드림,066850,27,20001207,12,000
00174305,(주)조인에너지,004820,467,19661108,12,000
00320807,(주)태광이엔시,048140,28123,19910219,12,000
00106492,(주)렉스엘이앤지,004790,26,19661027,12,000
00592583,코리아퍼시픽05호 선박투자회사,093400,76190,20060921,12,000
00275260,(주)엑큐리스,048460,2622,19960725,12,000
00183914,우경(주),025920,2419,19841213,12,000
00481676,세미텍(주),081220,2612,19990723,12,000
00104971,그린손해보험(주),000470,65121,19470117,03,000
00269773,(주)대양글로벌,040180,62021,19920925,12,000
00334767,엔하이테크(주),046720,2612,19941231,12,000
00453752,(주)제너시스템즈,073930,58221,20000222,03,000
00140919,(주)엘트온,015050,26211,19801020,12,000
00255840,태산엘시디(주),036210,26211,19830120,12,000
00133034,성원건설(주),012090,41221,19770327,12,000
00161028,대우송도개발(주),004550,45110,19660325,12,000
00174475,(주)현대금속,018410,25932,19851023,12,000
00251482,(주)트라이써클,034010,85503,19920406,12,000
00824659,아이비케이에스스마트에스엠이기업인수목적1호(주),126680,6619,20100423,12,000
00259536,네스테크(주),037540,27212,19901029,12,000
00505198,동북아5호선박투자회사,080980,71531,20040715,12,000
00679730,(주)파브코,101990,30,20080508,12,000
00803504,우리기업인수목적1호(주),122750,6619,20091230,12,000
00350118,(주)뉴젠아이씨티,054150,46510,19840124,12,000
00352295,(주)인젠,041630,58221,19980201,12,000
00240088,(주)지앤에스티,036920,46103,19870508,12,000
00560025,(주)코크렙제8호위탁관리부동산투자회사,090540,68112,20060518,06,000
00140380,유니온스틸(주),003640,24122,19621210,12,000
00101275,경남모직(주),001670,13212,19560127,12,000
00797674,(주)대우증권그린코리아기업인수목적회사,121910,64999,20091215,03,000
00244589,(주)지노시스템,033850,58222,19871201,12,000
00802028,(주)한국투자신성장1호기업인수목적회사,123290,66199,20100225,12,000
00371519,(주)휴먼텍코리아,066060,72129,19980922,12,000
00126593,에스에스씨피(주),071660,2049,19850731,12,000
00220181,(주)평산,089480,25912,19940106,12,000
00254009,(주)지디코프,036610,59114,19970623,12,000
00505541,아시아퍼시픽2호선박투자회사,081190,76190,20040819,12,000
00240398,무한투자(주),034510,64209,19961018,12,000
00828309,동부티에스블랙펄기업인수목적(주),128910,66199,20100514,12,000
00349468,(주)블루젬디앤씨,053040,204,19970902,12,000
00808262,부국퓨쳐스타즈기업인수목적주식회사,123300,64,20100310,12,000
00252393,(주)예당컴퍼니,049000,59201,19921028,12,000
00229818,(주)터보테크,032420,2642,19880407,12,000
00154189,케이비물산(주),008540,14120,19730214,01,000
00680161,연합과기공고유한공사,900030,64992,20070213,12,000
00102645,글로스텍(주),012410,2611,19760707,12,000
00844884,중국고섬공고유한공사,950070,6499,20080909,12,000
00592592,코리아퍼시픽06호 선박투자회사,093410,76190,20060921,12,000
00268437,(주)나노트로닉스,010670,27212,19750627,12,000
00798284,미래에셋제1호기업인수목적(주),121950,6619,20091221,12,000
00164195,(주)에이원마이크로,037380,141,19800213,12,000
00264811,(주)에이프로테크놀로지,045470,27216,19870827,12,000
00676380,(주)모린스,110310,2629,20031210,12,000
00543231,(주)디지텍시스템스,091690,263,20000906,12,000
00122436,(주)배명금속,011800,24122,19761221,12,000
00505189,동북아4호선박투자회사,080970,71531,20040715,12,000
00271413,(주)사라콤,040020,2642,19711123,12,000
00245296,(주)폴리플러스,065610,20202,19860401,12,000
00480905,(주)영찬테크,085990,29271,19990111,12,000
00890333,(주)케이비부국제1호개발전문위탁관리부동산투자회사,149130,68121,20110308,10,000
00510534,아시아퍼시픽8호선박투자회사,081930,76190,20041005,12,000
00150855,진흥저축은행(주),007200,64131,19710329,06,000
00173634,(주)에듀언스,009010,85501,19730711,12,000
00830377,성융광전투자유한공사,900150,6499,20080417,12,000
00224567,(주)샤인시스템,066300,22211,19840128,12,000
00582054,(주)씨모텍,081090,2642,20020506,12,000
00125929,(주)에스컴,014900,68112,19800702,12,000
00502793,아시아퍼시픽1호선박투자회사,080180,76190,20040618,12,000
00505550,아시아퍼시픽3호선박투자회사,081200,76190,20041004,12,000
00104704,한국저축은행(주),025610,64131,19821207,06,000
00361035,미리넷(주),056710,26410,19950725,12,000
00630111,3노드디지탈그룹유한공사,900010,64992,19960703,12,000
00264802,(주)유일엔시스,038720,29271,19920827,12,000
00399773,(주)케이피케미칼,064420,20111,20011228,12,000
00257529,(주)이루넷,041030,5811,19920227,12,000
00804114,대신증권그로쓰알파기업인수목적(주),123550,64999,20100226,12,000
00416706,(주)유에이블,071530,15129,19900516,12,000
00173324,(주)경윤하이드로에너지,019120,291,19860609,12,000
00121729,(주)롯데미도파,004010,47111,19640831,12,000
00808226,한화에스브이명장제1호기업인수목적(주),124050,66,20100326,12,000
00162577,(주)셀텍,019260,13101,19860820,12,000
00812229,에스비아이앤솔로몬드림기업인수목적(주),123910,64999,20100329,12,000
00351153,(주)위다스,056810,26429,19960530,12,000
00126885,(주)에스와이코퍼레이션,008080,27,19720906,12,000
00264741,어울림 네트웍스(주),042820,2642,19780411,12,000
00266989,(주)에이디모터스,038120,27199,19900602,12,000
00260693,평안물산(주),037240,261,19950831,12,000
00267951,(주)아큐텍,013780,2629,19790127,12,000
00804983,히든챔피언제1호기업인수목적(주),123160,649,20100224,12,000
00502474,동북아2호선박투자회사,080030,71531,20040615,12,000
00579379,금강제강(주),105070,24312,19970501,12,000
00264857,(주)아라온테크,041060,58221,19960403,12,000
00375302,우리금융지주(주),053000,64992,20010327,12,000
00264848,(주)대국,042340,46800,19960807,12,000
00251190,글로웍스(주),034600,58221,19900720,09,000
00694003,중국식품포장유한공사,900060,64992,20070830,03,000
00505170,동북아3호선박투자회사,080960,71531,20040715,12,000
00259439,(주)지아이바이오,035450,62021,19970723,12,000
00207436,주식회사 알에스넷,046430,4659,19850524,06,000
00408585,나이스메탈(주),072530,2611,19970115,12,000
00115038,하나IB증권 주식회사,003330,66121,19620207,03,000
00288653,퓨쳐비젼(주),042570,26,19880304,12,000
00303837,이레전자산업(주),045310,2642,19960918,12,000
00330017,(주)레이더스컴퍼니,047420,58221,19951102,03,000
00264769,(주)포이보스,038810,18200,19930907,12,000
00308948,(주)미디어코프,053890,5811,19980813,12,000
00321222,(주)케이디세코,073780,26,19990423,12,000
00361202,(주)이노블루,066200,46521,19930928,12,000
00450728,(주)도움,078610,2642,19980623,12,000
00535773,(주)엑스씨이,081500,58221,20000307,12,000
00152950,코오롱유화(주),011020,20202,19760206,12,000
00296069,(주)세라온홀딩스,050600,263,19980929,12,000
00521956,현대경매부동산일호투자회사,083160,64201,20041206,12,000
00360540,우수씨엔에스(주),060550,14120,19930314,12,000
00593519,동북아31호선박투자회사,093730,71531,20061012,12,000
00194372,후야인포넷(주),032050,26410,19870424,12,000
00154693,(주)이레아이엔씨,036900,29180,19900309,12,000
00106650,(주)카스코,005330,30,19671209,12,000
00368791,(주)모델라인,064720,2642,19980512,12,000
00220552,(주)청람디지탈,035270,2642,19910727,12,000
00294371,(주)한텔,041940,2642,19961026,12,000
00353683,(주)코스모스피엘씨,053170,58221,19970826,12,000
00252375,(주)나노하이텍,071360,26211,19920130,12,000
00260903,(주)쓰리소프트,036360,58221,19931023,12,000
00261461,(주)트라이콤,038410,46510,19930623,12,000
00265218,케이엔에스홀딩스(주),036760,263,19920523,12,000
00471989,(주)지비에스,076170,25933,20040103,12,000
00306986,(주)피더블유제네틱스,065910,62021,19920321,12,000
00356644,엠텍반도체(주),054440,29221,19920220,12,000
00305695,(주)세니콘,056060,2642,19891221,12,000
00257051,유씨아이콜스(주),065810,58221,19980109,12,000
00459589,코크렙제3호CR리츠,073530,68112,20030806,02,000
00366164,(주)아이티센네트웍스,057110,62021,19970423,12,000
00436728,리얼티코리아제1호기업구조조정부동산투자(주),072450,68112,20030424,10,000
00136235,(주)BHK,003990,46800,19640818,12,000
00328854,(주)포넷,048270,5811,19961024,12,000
00120960,맥슨텔레콤(주),009890,2642,19740521,12,000
00119733,엔토리노(주),032590,2642,19790312,12,000
00119423,(주)두림티앤씨,033330,22214,19840622,12,000
00557067,동북아27호선박투자회사,089170,71531,20060206,12,000
00557058,동북아28호선박투자회사,089180,71531,20060206,12,000
00557030,동북아30호선박투자회사,089200,71531,20060206,12,000
00557049,동북아29호선박투자회사,089190,71531,20060206,12,000
00244330,현주컴퓨터(주),038960,26310,19920824,06,000
00120100,LG석유화학(주),012990,20111,19780306,12,000
00246657,(주)오브제,058680,14112,19940621,12,000
00130037,(주)휴닉스,009790,2622,19740415,12,000
00405074,세이프아시아(주),066330,75310,20020401,12,000
00398534,(주)코크렙제1호기업구조조정부동산투자회사,067910,68112,20020504,12,000
00165200,(주)위너스인프라인,005760,1419,19681004,10,000
00150183,AP우주통신(주),015670,26,19811124,12,000
00268482,(주)조이토토,044370,58221,19940712,12,000
00363033,(주)한도하이테크,060660,62021,19870716,12,000
00364227,(주)에너윈,055970,62090,19940114,12,000
00458915,유레스메리츠제1호,073470,68112,20030729,03,000
00386876,교보메리츠퍼스트기업구조조정부동산투자회사,064900,68119,20011221,12,000
00543073,굿앤리치부동산공경매투자회사1호,085450,64201,20050520,05,000
00160445,한국합섬(주),025830,13213,19870211,12,000
00554468,굿앤리치부동산공경매투자회사2호,088510,64201,20050928,09,000
00165565,(주)디에스피이엔티,016040,30,19820510,12,000
00300256,(주)시큐어소프트,037060,58221,19961202,12,000
00138491,동부일렉트로닉스(주),001830,2612,19560828,12,000
00102821,고려시멘트(주),003660,23311,19621228,12,000
00377814,(주)베스트플로우,060410,73901,19940926,12,000
00364670,(주)쿨투,056020,27199,19950227,12,000
00143013,(주)우영,012460,26,19810708,12,000
00263991,모빌링크텔레콤(주),041310,58221,19880808,12,000
00105183,극동제혁(주),010200,15110,19740927,12,000
00173254,(주)한마음상호저축은행,025450,64131,19741101,06,000
00101637,그로웰전자(주),009220,2642,19730906,12,000
00124513,(주)부흥,003930,14111,19640323,12,000
00154417,(주)퍼시픽글라스,009080,23192,19730721,12,000
00119362,(주)아이인프라,008780,2629,19730512,12,000
00140353,(주)씨크롭,016970,25119,19830429,12,000
00170451,외환신용카드주식회사,038400,64913,19880519,12,000
00267793,삼화기연(주),033210,2811,19810715,12,000
00260639,대흥멀티미디어통신(주),037250,2642,19860812,12,000
00153852,텔슨정보통신(주),018180,2642,19850318,12,000
00248956,(주)비이티,036820,26410,19940504,12,000
00390028,코오롱인터내셔널(주),063510,46800,20011201,12,000
00260888,엔써커뮤니티 주식회사,037750,62021,19950511,12,000
00275710,써미트테크놀로지,039000,263,19960705,12,000
00172103,코리아이앤디(주),027440,28202,19720927,12,000
00263955,(주)트래픽아이티에스,038050,28901,19930326,12,000
00261601,주식회사 호성,035870,13992,19970701,12,000
00265254,(주)넥스텔,037220,58221,19940720,12,000
00255266,쓰리알(주),037730,26,19961023,12,000
00259916,(주)그로웰텔레콤,035780,26410,19860109,12,000
00131434,(주)서통,001150,20202,19540126,12,000
00271352,(주)테크메이트,043690,2642,19910813,12,000
00244932,(주)한아시스템,036020,26410,19910701,12,000
00348052,(주)엔에스아이,053250,263,19951115,12,000
00367598,(주)케이티씨텔레콤,055810,2642,19920430,12,000
00267720,주식회사 신한SIT,054530,72919,19940629,12,000
00147949,(주)스마텔,004190,2629,19650315,12,000
00203458,(주)동방라이텍,025690,28410,19871210,12,000
00130000,(주)아이텍스필,008030,1419,19720714,12,000
00145534,이수세라믹(주),032180,2629,19870525,12,000
00425360,(주)코크렙제2호기업구조조정부동산투자회사,070540,68112,20021017,06,000
00141334,영풍산업주식회사,002850,06200,19591125,12,000
00384452,주식회사 모닷텔,048150,2642,19980926,12,000
00103583,광덕물산(주),003590,14111,19621005,03,000
00162142,동원증권(주),005890,66121,19681227,03,000
00236021,(주)우주통신,054080,2642,19920420,12,000
00106483,기라정보통신(주),019930,2642,19870403,12,000
00208374,텔슨전자(주),027350,26410,19920311,12,000
00309983,(주)하이콤정보통신,048540,62021,19900813,12,000
00277727,미래에셋굿라이프혼합형자녀를위한펀드5-1,037500,64201,19991124,11,000
00136217,(주)한메엔에스,006150,2622,19870414,12,000
00229827,(주)이지클럽,038980,4610,19830923,12,000
00247902,넷컴스토리지,037010,263,19910327,12,000
00318477,(주)모디아,046000,62021,19980807,12,000
00246815,(주)성진산업,037650,25932,19930615,12,000
00260921,(주)아이엠아이티,038100,58221,19930617,12,000
00247762,(주)맥시스템,036880,26410,19920928,12,000
00350224,(주)슈마일렉트론,056500,263,19980930,12,000
00101992,(주)센추리,006750,29172,19700727,12,000
00151614,(주)베네데스하이텍,009360,46800,19731030,12,000
00179832,(주)에스오케이,032610,75310,19810625,12,000
00241120,세원텔레콤(주),036910,2642,19920520,12,000
00277985,한강구조조정기금,036060,66199,20011101,03,000
00325918,(주)케이엔티,036590,291,19980516,12,000
00110981,대아리드선(주),009940,2629,19740603,12,000
00104467,(주)국민은행,031150,64121,20011101,12,000
00257361,(주)월드텔레콤,047610,26,19951024,12,000
00358730,(주)업필,054370,26410,19981205,12,000
00248406,(주)화림모드,045920,14112,19960612,12,000
00110963,대아건설(주),000380,41221,19620209,12,000
00267021,(주)창민테크,042960,27215,19931216,12,000
00330406,씨제이엔터테인먼트(주),049370,59130,19970728,12,000
00110079,(주)대백쇼핑,027700,47111,19851111,12,000
00141440,(주)지니웍스,036600,13219,19870115,12,000
00135670,신광기업(주),001580,28410,19551123,03,000
00144933,유진종합개발(주),023420,23322,19790322,12,000
00371139,(주)휘튼,066480,85701,19970822,12,000
00218654,엠바이엔(주),031970,263,19900820,12,000
00115852,두산건설(주),002950,41221,19600701,12,000
00113696,(주)대호,001980,41221,19570321,12,000
00253514,(주)한신코퍼레이션,037120,59112,19920707,06,000
00105509,금강화섬(주),010730,13103,19750710,09,000
00163178,우리증권(주),001280,66121,19540826,03,000
00264185,주식회사 피코소프트,039580,58221,19930811,12,000
00265157,바이오시스,035960,27111,19961127,12,000
00270405,(주)윌텍정보통신,039390,2642,19960201,12,000
00125406,삼도물산(주),002930,46413,19600416,12,000
00258731,(주)현대멀티캡,035910,26310,19980420,12,000
00822572,씨아이에스(주),144630,292,20020926,12,000
00580603,코리아퍼시픽01호선박투자회사,090970,76190,20060220,12,000
00580612,코리아퍼시픽02호선박투자회사,090980,76190,20060220,12,000
00317830,(주)신양오라컴디스플레이,086830,264,19900226,06,000
00311030,미래에셋증권(주),037620,66121,19991202,12,000
00439053,(주)이룸지엔지,050640,58221,19990813,12,000
00992312,(주)에스와이이노베이션,194860,22232,20120201,12,000
00580621,코리아퍼시픽03호선박투자회사,090990,76190,20060220,12,000
00580630,코리아퍼시픽04호선박투자회사,091000,76190,20060220,12,000
00262123,(주)유아이에너지,050050,26410,19870729,12,000
00533696,아시아퍼시픽14호선박투자회사,083610,76190,20050324,09,000
00533757,아시아퍼시픽13호선박투자회사,083600,76190,20050317,05,000
00533580,아시아퍼시픽10호선박투자회사,083570,76190,20050317,05,000
01041217,현대에이블기업인수목적1호(주),204760,661,20140814,12,000
00533793,아시아퍼시픽11호선박투자회사,083580,76190,20050317,06,000
00533836,아시아퍼시픽12호선박투자회사,083590,76190,20050317,06,000
00144766,주식회사 호반산업,004320,41221,19650720,12,000
00525527,(주)실리콘화일,082930,2611,20021105,12,000
00372989,(주)비엔씨컴퍼니,058370,46721,19900425,12,000
00529523,동북아11호선박투자회사,083360,761,20050323,12,000
00526474,동북아14호선박투자회사,083390,761,20050323,12,000
00302801,(주)디아이디,074130,26211,19980829,12,000
00124018,부산방직공업(주),025270,131,19530331,12,000
00255071,(주)현대에이치씨엔동작방송,034750,60222,19881018,12,000
00364926,(주)플렉스컴,065270,262,19970425,12,000
00350491,(주)웹솔루스,160350,58221,20010115,12,000
00450214,(주)마이스코,088700,25912,19930301,12,000
01022054,(주)솔트웍스,222520,58222,20081120,12,000
00164955,현대페인트(주),011720,20411,19761201,12,000
00790501,(주)한진해운,117930,501,20091202,12,000
00272412,(주)글라소울,045050,28123,19881215,12,000
00207542,주식회사 팬택자산관리,025930,2642,19910329,12,000
00394778,(주)케이엔씨글로벌,068150,424,19971016,12,000
00446460,(주)아이디에스,078780,262,19990414,12,000
00188946,(주)훈영,017170,591,19830812,12,000
00137702,한솔아트원제지㈜,007190,171,19710325,12,000
00418476,(주)엠제이비,074150,42,20000929,12,000
00587101,바다로3호선박투자회사,092630,76190,20060804,12,000
00351047,(주)아이팩토리,053810,29271,19900430,12,000
00778040,거북선5호선박투자회사,114130,76190,20090622,12,000
00778059,거북선6호선박투자회사,114140,76190,20090622,12,000
00126229,삼성물산(주),000830,467,19520111,12,000
00496003,(주)피엘에이,082390,26211,20000513,12,000
00359030,닉스테크(주),063840,58221,19951012,12,000
00510914,아시아퍼시픽9호선박투자회사,081940,76190,20041130,02,000
00697329,거북선4호선박투자회사,108890,76190,20081125,12,000
00149664,(주)중앙건설,015110,41112,19801126,12,000
00318839,미래에셋새천년코리아벤처펀드일호,042950,64201,20000215,02,000
00130897,(주)하나은행,002860,64121,19591201,12,000
00183260,에이스하이텍(주),071930,2629,19780623,12,000
00246347,(주)태창파로스,039850,46,19920120,12,000
00599230,평산차업집단유한공사,950010,64992,20020103,12,000
00970277,스탠다드펌(주),179280,24212,20080314,12,000
00122922,벽산건설(주),002530,41112,19581127,12,000
00116860,NH농협증권(주),016420,66121,19821111,12,000
00505569,아시아퍼시픽4호선박투자회사,081210,76190,20041004,12,000
00160612,한화화인케미칼(주),025850,20119,19780626,12,000
00659435,(주)정다운,224090,1011,20000427,12,000
00232317,(주)지오엠씨,033030,26,19860226,12,000
00130860,(주)에듀패스,031950,263,19850711,12,000
00113632,(주)아이디에이치,026230,2922,19890426,12,000
00837680,거북선7호선박투자회사,134000,76190,20100818,12,000
00130815,(주)서울상호저축은행,016560,64131,19821216,06,000
00248123,(주)와이즈파워,040670,28123,19900926,12,000
00788807,(주)코크렙제15호기업구조조정부동산투자회사,121550,681,20091112,06,000
00270432,(주)티브로드 한빛방송,043890,60222,19970709,12,000
00648697,거북선3호 선박투자회사,102000,76190,20070731,12,000
00165529,(주)동성하이켐,013450,20111,19780823,12,000
00419989,(주)클루넷,067130,62090,20020514,12,000
00637114,코리아퍼시픽07호 선박투자회사,099210,76190,20070626,12,000
00361114,(주)씨유전자,056340,2629,19870723,12,000
00125628,삼목강업(주),158380,30,19700401,12,000
00265227,(주)에스비엠,037630,29180,19970811,12,000
00267669,(주)솔빛미디어,044440,85691,19981112,12,000
00693800,(주)에프지엔개발전문자기관리부동산투자회사,119250,68,20080521,12,000
00991012,(주)판타지오,187770,73901,20080916,12,000
00164469,현대하이스코(주),010520,2413,19750318,12,000
00586652,거북선1호선박투자회사,092970,64999,20060811,12,000
00345657,(주)코아에스앤아이,052350,27214,19960429,12,000
00810531,주식회사 자원메디칼,181980,27199,19990121,12,000
00127370,(주)삼우이엠씨,026250,25112,19780315,12,000
00261124,어울림정보기술(주),038320,58221,19971113,12,000
00244729,(주)티브로드도봉강북방송,035210,60222,19940217,12,000
00138127,(주)티이씨앤코,008900,28302,19730607,12,000
00156521,(주)화인자산관리,010460,66199,19750218,12,000
00120377,(주)로케트전기,000420,28201,19541020,12,000
00136970,(주)신일건업,014350,4111,19791025,12,000
00148328,제일모직(주),001300,20202,19540915,12,000
00842479,(주)퓨얼셀파워,139170,27215,20010319,12,000
00907660,아루히 주식회사,950100,64919,20000609,03,000
00351269,(주)지티앤티,053870,26429,19951215,12,000
00350251,(주)모아에스앤에스,052880,75999,19950929,12,000
00206127,어울림엘시스(주),033280,58221,19910510,12,000
00846396,(주)이코리아자기관리부동산투자회사,138440,681,20100807,03,000
00144155,SK(주),003600,64992,19621013,12,000
00678281,(주)에이치앤아이,103650,26292,20000704,12,000
00314888,(주)디에스,051710,26211,19981001,12,000
00653990,(주)유니드코리아,110500,292,20060329,12,000
00451116,(주)아이레보,072430,2599,19971001,12,000
00159926,(주)포스코티엠씨,010150,2629,19740805,12,000
00648688,거북선2호 선박투자회사,101380,76190,20070731,12,000
00512550,아시아퍼시픽5호선박투자회사,082240,76190,20041005,12,000
00512532,아시아퍼시픽7호선박투자회사,082260,76190,20041005,12,000
00512541,아시아퍼시픽6호선박투자회사,082250,76190,20041005,12,000
01047929,에스케이제1호기업인수목적(주),207930,661,20141001,12,000
01064315,대우기업인수목적3호(주),215580,66199,20150227,12,000
01047567,엔에이치에스엘기업인수목적(주),207720,66199,20141010,12,000
01043871,케이티비기업인수목적1호(주),204650,661,20140813,12,000
01065536,미래에셋제3호기업인수목적(주),215750,66199,20150303,12,000
00636045,(주)넥솔론,110570,2612,20070718,12,000
00632331,(주)디피앤케이,189700,141,20070702,12,000
00974459,(주)비앤에스미디어,156170,263,20021220,12,000
00461690,(주)세화피앤씨,085980,20423,19780701,12,000
01111057,에스지에이시스템즈(주),232290,582,20051222,12,000
00823687,웨이포트유한공사,900130,64992,20031222,12,000
00318538,아스팩오일(주),232360,192,19990716,12,000
00855145,하이골드오션2호 선박투자회사,139200,76190,20101209,12,000
01046179,골든브릿지제2호기업인수목적(주),206660,661,20141001,12,000
00110495,(주)대성합동지주,005620,715,19680704,12,000
00722500,중국원양자원유한공사,900050,64992,20070827,12,000
00533678,아시아퍼시픽15호선박투자회사,083620,76190,20050324,08,000
01047716,하나머스트3호기업인수목적(주),208870,66199,20141020,12,000
00686147,(주)신성에프에이,104120,292,20080801,12,000
00686068,(주)신성이엔지,104110,292,20080801,12,000
00163619,(주)한진피앤씨,061460,2221,19891004,12,000
00967778,(주)나이코,192240,179,20110509,12,000
01038161,대우기업인수목적2호(주),204440,66199,20140722,12,000
00267960,(주)에스에스컴텍,036500,201,19880421,12,000
00529310,동북아10호선박투자회사,083350,761,20050323,12,000
01080410,골든브릿지제3호기업인수목적(주),219580,66199,20150424,12,000
00413824,(주)제이앤유글로벌,086200,2642,19990720,12,000
01090301,케이비제8호기업인수목적 주식회사,222390,661,20150529,12,000
01010572,패션플랫폼(주),256090,14112,20090629,12,000
01075047,키움제3호기업인수목적주식회사,218710,661,20150414,12,000
01089828,유진기업인수목적3호(주),221200,661,20150519,12,000
01087079,한화에이스기업인수목적2호(주),219860,661,20150508,12,000
01072660,엔에이치기업인수목적7호 주식회사,217810,661,20150403,12,000
01091391,교보5호기업인수목적(주),223040,661,20150611,12,000
01089961,케이비드림투게더제3호기업인수목적 주식회사,221950,661,20150526,12,000
01089387,유안타제2호기업인수목적(주),219960,661,20150508,12,000
01111765,에스엠로보틱스(주),252940,33402,20110602,12,000
01115257,(주)시냅스엠,246830,63120,20060127,12,000
01109186,동부제4호기업인수목적주식회사,230490,661,20151016,12,000
01095892,(주)태경피엔에스,235090,292,20121212,12,000
00130949,(주)카카오엠,016170,182,19820707,12,000
00202778,(주)썬코어,051170,29142,19781122,12,000
01090921,케이엠제약(주),237720,20422,20010601,03,000
01102800,키움 제4호 기업인수목적 주식회사,226850,66199,20150811,12,000
00148717,도레이케미칼(주),008000,20501,19720701,03,000
00959265,디와이엘엔제이(주),207230,28303,20091223,12,000
00447478,(주)엔에스브이,095300,29133,19940615,12,000
00163789,(주)심팩메탈,090730,24113,19590928,12,000
00838421,씨제이이앤엠(주),130960,602,20100902,12,000
01094565,이베스트기업인수목적3호(주),225440,64999,20150701,12,000
00842327,완리인터내셔널홀딩스,900180,64992,20080704,12,000
00156044,하림홀딩스,024660,64992,19901011,12,000
00109170,대덕GDS(주),004130,2622,19650113,12,000
00207223,(주)위너지스,026260,468,19900627,12,000
00454265,(주)스틸플라워,087220,2413,20000201,12,000
01170962,그레이트리치과기유한공사,900290,64992,20120911,06,000
00348177,(주)트레이스,052290,2629,19950119,12,000
01111020,케이비제9호기업인수목적(주),232270,661,20151026,12,000
01117103,하이에이아이1호기업인수목적(주),235010,66199,20151203,12,000
00264644,넥스콘테크놀러지(주),038990,28202,19961009,12,000
00334244,덴소코리아주식회사,047060,30,20000801,03,000
00535719,(주)프렉코,082220,26422,20000719,12,000
00790121,차이나하오란리사이클링유한공사,900090,64992,20090715,12,000
00569992,(주)원익테라세미콘,123100,29271,20020312,12,000
00925453,나무기술 주식회사,167380,582,20011111,12,000
01130937,한국제4호기업인수목적(주),240540,661,20160309,12,000
00232496,(주)씨그널엔터테인먼트그룹,099830,591,19910118,12,000
01088458,(주)극동자동화,272420,423,19910416,12,000
00108047,세원화성(주),007910,20202,19810320,12,000
00609254,(주)세왕,111610,42,20060228,12,000
01117495,(주)에스와이제이,251540,141,20140404,12,000
00835734,(주)피엠디아카데미,144740,855,20080814,12,000
01119217,주식회사 본느,242420,204,20090309,12,000
00865382,트러스와이제7호위탁관리부동산투자회사,140890,68112,20110303,04,000
00149877,(주)중앙바이오텍,015170,21230,19801219,12,000
00123514,(주)보진재,030950,18113,19690408,12,000
01139266,로스웰인터내셔널유한회사,900260,64992,20140205,12,000
01018954,(주)제이에스피브이,250300,28909,20080109,12,000
00921475,(주)자비스,230400,271,20020406,12,000
01199985,미래에셋대우기업인수목적1호(주),265480,661,20170215,12,000
00619020,세종머티리얼즈(주),135270,242,20000429,12,000
01179839,신한제3호기업인수목적 주식회사,257730,661,20161020,12,000
01095397,줌인터넷(주),229480,63120,20090610,12,000
01051339,(주)한국비엔씨,226610,271,20070801,12,000
01113277,(주)인프라웨어테크놀러지,247300,58222,20070510,12,000
01197428,한화에이스기업인수목적3호(주),264290,661,20170201,12,000
00252755,(주)씨앤케이인터내셔널,039530,06200,19900219,12,000
01181940,주식회사 아이엘사이언스,122050,28422,20081126,12,000
00580180,(주)포인트엔지니어링,176560,259,19980521,12,000
00473400,(주)한컴지엠디,077280,582,19970130,12,000
00100717,아이이(주),023430,467,19840320,12,000
01201581,한화수성기업인수목적(주),265920,66199,20170228,12,000
00200956,현대정보기술(주),026180,62021,19890515,12,000
01111570,에스케이제3호기업인수목적(주),232330,661,20151028,12,000
01113781,(주)영현무역,242850,461,20000201,12,000
01194759,대신밸런스제4호기업인수목적(주),262830,66199,20170102,12,000
00527880,(주)썬테크놀로지스,122800,24311,20020206,12,000
00117638,동양텔레콤(주),007150,26,19691030,12,000
01063963,(주)유쎌,252370,20423,20080818,12,000
00656340,소프트캠프(주),210610,58222,19990715,12,000
01194892,(주)알로이스,271400,26421,20150921,12,000
00222806,(주)에임하이글로벌,043580,262,19790321,12,000
01234525,한국제5호기업인수목적(주),271740,66199,20170510,12,000
00389679,(주)해피드림,065180,49301,19951127,12,000
00526465,동북아13호선박투자회사,083380,761,20050323,12,000
00324104,디케이씨(주),047440,26211,19940426,12,000
00410678,(주)다린,204690,22232,19961205,12,000
00930321,하이골드오션8호국제선박투자회사,159650,761,20111031,12,000
00695464,차이나그레이트스타인터내셔널리미티드,900040,64992,20080530,12,000
00123152,(주)보루네오가구,004740,32029,19660903,12,000
01086812,(주)케미메디,205290,701,20080702,12,000
00961136,(주)씨티네트웍스,189540,26410,20070109,12,000
00893923,(주)이푸른,185280,46203,20091228,12,000
00530796,(주)미성포리테크,094700,2629,19971227,12,000
00671437,(주)파인넥스,123260,2612,20000703,12,000
00102681,고려개발(주),004200,41221,19650331,12,000
01243550,아이비케이에스제7호기업인수목적주식회사,276920,6619,20170720,12,000
00814810,엠에프엠코리아(주),251960,143,20021029,12,000
01186811,(주)티에스트릴리온,284610,20423,20070817,12,000
01066030,(주)드림티엔터테인먼트,220110,73901,20090728,12,000
00526447,동북아12호선박투자회사,083370,761,20050323,12,000
00435297,맥쿼리한국인프라투융자회사,088980,64201,20021212,12,000
00598587,(주)인터파크,108790,4791,20061201,12,000
01243772,신한제4호기업인수목적(주),277480,66199,20170726,12,000
01107665,차이나크리스탈신소재홀딩스,900250,64992,20120223,12,000
00351418,코리아오토글라스(주),152330,2311,20000830,12,000
00843830,(주)카이노스메드,220250,70113,20070615,12,000
00647935,하나유비에스암바토비니켈해외자원개발2호,099350,64201,20070919,02,000
00647883,하나유비에스암바토비니켈해외자원개발1호,099340,64201,20070919,02,000
01277928,한국제7호기업인수목적 주식회사,291210,66199,20180207,12,000
00100258,(주)에스마크,030270,13101,19860528,12,000
00255141,(주)글로앤웰,035480,46595,19980415,12,000
01247918,한화에이스기업인수목적4호(주),279410,661,20170901,12,000
01257526,한국제6호기업인수목적 주식회사,281410,66199,20170921,12,000
00599887,(주)신텍,099660,25130,20010216,12,000
00601641,(주)리드,197210,29272,20000323,12,000
00261735,(주)위노바,039790,204,19950518,12,000
00122339,(주)이매진아시아,036260,591,19760702,12,000
00159290,주식회사 한국아트라스비엑스,023890,28202,19440218,12,000
00116356,(주)동성화학,005190,201,19670916,12,000
01337114,주식회사 구스앤홈,329050,13221,20120518,12,000
01336391,엔에이치기업인수목적13호 주식회사,310840,661,20181018,12,000
00609485,웅진에너지(주),103130,261,20061117,12,000
00173944,(주)우진,105840,27216,19800513,12,000
00786331,에스앤씨엔진그룹리미티드,900080,64992,20081114,12,000
00146719,일화모직공업(주),001590,13212,19551129,11,000
01337220,키움제5호기업인수목적 주식회사,311270,661,20181024,12,000
00129350,삼화콘덴서공업(주),001820,26291,19560814,12,000
00303217,(주)우진플라임,049800,292,19920103,12,000
00389387,(주)라임,065160,20501,19970610,12,000
00125938,삼보판지(주),023600,171,19810723,12,000
00954242,하이골드오션12호국제선박투자회사,172580,761,20130110,12,000
01036446,(주)서연이화,200880,303,20140702,12,000
00455112,(주)금빛,045890,284,19990715,12,000
00129554,(주)갤럭시아 에스엠,011420,911,19750506,12,000
01068348,(주)러셀,217500,292,20150326,12,000
00612115,(주)유디피,091270,58222,20001122,12,000
01351114,케이비제17호기업인수목적 주식회사,317030,661,20190110,12,000
01326260,하나머스트제6호기업인수목적(주),307160,66199,20180831,12,000
01236286,컬러레이홀딩스,900310,649,20131014,12,000
00364111,다이노나(주),086080,70113,19990211,12,000
01015726,(주)미래테크놀로지,213090,58221,19970625,12,000
00650629,SBS미디어홀딩스(주),101060,602,20080304,12,000
01169434,오가닉티코스메틱스홀딩스컴퍼니리미티드,900300,64992,20121127,12,000
00194275,(주)코너스톤네트웍스,033110,471,19860407,12,000
00207755,(주)지에스홈쇼핑,028150,602,19941222,12,000
00133663,(주)세동,053060,303,19860204,12,000
01137897,에스지에이클라우드서비스 주식회사,224880,582,20101126,12,000
00132318,(주)성광벤드,014620,24133,19800223,12,000
01343920,유안타제4호기업인수목적 주식회사,313750,66199,20181123,12,000
01351822,한화에스비아이기업인수목적 주식회사,317320,66199,20190116,12,000
00379016,이엘케이(주),094190,26299,19990428,12,000
00563147,(주)에스에이티,158300,29271,20040701,12,000
01371312,케이비제18호기업인수목적 주식회사,323940,661,20190415,12,000
00267881,보성파워텍(주),006910,2511,19701121,12,000
01366365,이베스트이안기업인수목적1호 주식회사,323210,661,20190404,12,000
00105156,극동유화(주),014530,19221,19791228,12,000
00116073,그린기술투자(주),025340,64209,19900228,12,000
01336285,에스케이에이씨피씨제4호기업인수목적(주),307070,661,20180824,12,000
00176792,오렌지라이프생명보험(주),079440,65110,19910909,12,000
00366793,(주)에스제이케이,080440,467,19950209,12,000
00351630,(주)세코닉스,053450,273,19881224,12,000
00867098,(주)티로보틱스,117730,29271,20041027,12,000
00146649,일진홀딩스(주),015860,64992,19820127,12,000
00601191,(주)하나기술,299030,29299,20030318,12,000
00148443,제일파마홀딩스(주),002620,715,19590307,12,000
00148939,조광피혁(주),004700,15110,19660803,12,000
00438036,팅크웨어(주),084730,264,19970326,12,000
01255652,(주)레이크머티리얼즈,281740,204,20170922,12,000
00664181,(주)인텔리안테크놀로지스,189300,26429,20040205,12,000
01058101,(주)라파스,214260,20423,20060330,12,000
01213586,아이디피(주),332370,26329,20051208,12,000
00268181,(주)에스피컴텍,039110,68112,19930415,12,000
00552992,(주)진매트릭스,109820,70113,20001207,12,000
00173731,(주)씨앤에스자산관리,032040,759,19800108,12,000
01141942,(주)액트로,290740,262,20120904,12,000
00491336,잘만테크(주),090120,263,19990107,12,000
00447760,(주)미래컴퍼니,049950,29271,19921230,12,000
00118284,동일금속(주),109860,24312,19841220,12,000
00442145,(주)아바코,083930,29272,20000116,12,000
00411446,(주)큐에스아이,066310,2612,20000707,12,000
01137295,프리시젼바이오(주),335810,27199,20090928,12,000
00532129,(주)영림원소프트랩,060850,58221,19930522,12,000
01459212,주식회사 원준,382840,292,20081126,12,000
00763473,(주)코스메카코리아,241710,20423,19991005,12,000
00442048,(주)아바텍,149950,26211,20000901,12,000
00663289,위월드(주),140660,26429,20000707,12,000
00493501,(주)씨디네트웍스,073710,631,20000527,12,000
00267979,한일화학공업(주),007770,201,19720328,12,000
00530121,(주)디에스케이,109740,29272,19950203,12,000
00166272,(주)화승코퍼레이션,013520,303,19780915,12,000
00659815,(주)금오하이텍,165270,22223,20020115,12,000
00107303,(주)피엔에스커튼월,033220,24222,19851217,12,000
00393618,(주)제노텍,066830,204,19970708,12,000
00350738,(주)제네시스디벨롭먼트홀딩스,053320,46521,19970613,12,000
00133715,대주코레스(주),008340,24222,19721229,12,000
00946030,(주)로보티즈,108490,29299,19990325,12,000
00123967,(주)부산도시가스,015350,35200,19810304,12,000
00609324,(주)뷰웍스,100120,27199,19990918,12,000
00143794,(주)원림,005820,13225,19681028,12,000
00162780,한일건설(주),006440,4111,19700220,12,000
00183215,케이디지엠텍(주),032290,26410,19721023,12,000
00118965,(주)티에이치엔,019180,289,19860723,12,000
00125488,삼륭물산(주),014970,17223,19800825,12,000
00260879,카페24(주),042000,63112,19990517,12,000
00861100,아이케이세미콘(주),149010,2611,20000704,12,000
00362159,(주)웰크론,065950,13219,19920527,12,000
01303029,주식회사 알비더블유,361570,59201,20100305,12,000
01293388,주식회사 무진메디,322970,70113,20160622,12,000
01394377,주식회사 이지스밸류플러스위탁관리부동산투자회사,334890,681,20190716,08,000
00561732,(주)아스플로,159010,29133,20011128,12,000
00132354,쿠쿠홀딩스(주),192400,649,19781115,12,000
00218052,국제엘렉트릭코리아(주),053740,29271,19930524,03,000
00595243,(주)엔스퍼트,098400,2611,20010911,12,000
00133238,성지건설(주),005980,41221,19690201,12,000
00417167,풍원정밀(주),371950,262,19960116,12,000
00631837,(주)안트로젠,065660,467,20000316,12,000
00914040,(주)씨엠에스에듀,225330,85501,20030724,12,000
00159254,(주)한국전자홀딩스,006200,64992,19690909,12,000
01395279,하나금융14호기업인수목적 주식회사,332710,66199,20190726,12,000
01414361,에스케이제5호기업인수목적 주식회사,337450,66199,20190919,12,000
01414936,에스케이제6호기업인수목적 주식회사,340350,66199,20191017,12,000
00367385,효성오앤비(주),097870,2031,19840823,06,000
00632793,전진바이오팜(주),110020,2049,20040916,12,000
01366824,(주)제이엠멀티,254160,16101,20080324,12,000
00168401,(주)금비,008870,23192,19730605,09,000
00142591,(주)셰프라인,012250,25992,19770603,12,000
01407909,원텍(주),336570,271,20190916,12,000
01390876,상상인이안제2호기업인수목적 주식회사,329560,66199,20190614,12,000
00266943,넥슨지티(주),041140,5821,19931108,12,000
00493431,자안바이오 주식회사,221610,20411,20000710,12,000
01208849,(주)나인테크,267320,292,20170322,12,000
01338724,주식회사 에스앤케이,950180,5821,20010801,07,000
01135640,이삭엔지니어링(주),351330,62021,20061128,12,000
01187458,(주)에스알바이오텍,270210,20423,20070514,12,000
01046708,바디텍메드(주),206640,213,20140930,12,000
00298687,(주)스포츠서울,039670,58121,19991230,03,000
00688358,하이즈항공(주),221840,313,20011116,12,000
00599151,에스브이인베스트먼트 주식회사,289080,649,20060405,03,000
01532603,주식회사 화승알앤에이,378850,30399,20210303,12,000
00226228,(주)한프,066110,26329,19940216,12,000
00872850,비지스틸(주),179440,24199,20060425,12,000
00347877,(주)세영디앤씨,052190,901,19941028,12,000
01067242,(주)비엘사이언스,228180,701,20090803,12,000
01183407,주식회사 이십일스토어,270020,239,20120608,12,000
01415892,(주)제이알글로벌위탁관리부동산투자회사,348950,681,20191024,06,000
00111458,대영포장(주),014160,1721,19790601,12,000
00218575,(주)황금에스티,032560,24290,19860825,12,000
00991191,앱클론(주),174900,213,20100625,12,000
01350638,주식회사 티티씨디펜스,309900,739,20170922,12,000
00134316,(주)세원정공,021820,303,19890729,06,000
01116274,(주)엠앤씨생명과학,225860,20423,20120103,12,000
01301623,비씨엔씨(주),146320,261,20030619,12,000
01393299,케이비제19호기업인수목적 주식회사,330990,661,20190708,12,000
00872452,주식회사 미래오토스,176440,26224,20081007,12,000
00139685,(주)양지사,030960,1811,19790115,06,000
00103042,(주)케이씨티시,009070,49301,19730720,12,000
01117592,(주)인터코스,240340,20423,20141010,12,000
00830447,(주)수프로,185190,46204,20000726,03,000
00264787,럭슬(주),033600,303,19790620,12,000
01267684,쿠쿠홈시스 주식회사,284740,762,20171204,12,000
00975290,(주)에이스토리,241840,591,20040106,12,000
00411905,테라셈(주),182690,465,20000630,12,000
01414370,하이제5호기업인수목적 주식회사,340120,66199,20191014,12,000
00905316,하이골드오션3호선박투자회사,153360,761,20111031,12,000
00867973,(주)서남,294630,289,20041117,12,000
00828761,주식회사 레이,228670,27111,20041006,12,000
00122348,(주)방림,003610,132,19621205,09,000
00170877,(주)진로발효,018120,11121,19841231,12,000
00963000,(주)썬테크,217320,28111,19960529,12,000
00866594,(주)미애부,225850,464,20031006,12,000
00877819,(주)데이타솔루션,263800,465,20110103,12,000
00147222,(주)전방,000950,13101,19530223,12,000
00105475,금강철강(주),053260,2419,19770112,12,000
00145464,이구산업(주),025820,24221,19710116,12,000
00109161,태경케미컬 주식회사,006890,20121,19701111,12,000
00529815,(주)오디텍,080520,2612,19991206,12,000
00101628,(주)경방,000050,47119,19191005,12,000
00363486,로체시스템즈(주),071280,292,19971028,12,000
00111865,(주)미래SCI,028040,461,19841010,12,000
00823429,한국화장품(주),123690,46443,20100503,12,000
00303396,한국컴퓨터(주),054040,2629,19940912,12,000
00174004,유성기업(주),002920,303,19600318,12,000
00665630,(주)테라텍,151750,292,20010903,12,000
00974927,(주)넥스트엔터테인먼트월드,160550,591,20080625,12,000
00123107,(주)보락,002760,2049,19590817,12,000
00220561,(주)광주신세계,037710,47111,19950410,12,000
00165343,(주)혜인,003010,465,19601017,12,000
00148595,(주)제일테크노스,038010,2511,19710304,12,000
00258689,(주)제이와이피엔터테인먼트,035900,59201,19960425,12,000
01117422,(주)나눔테크,244880,27199,20050831,12,000
00101220,KG케미칼(주),001390,201,19541231,12,000
00152686,(주)코리아써키트,007810,2622,19720411,12,000
00162993,한일홀딩스(주),003300,23311,19611228,12,000
00800145,(주)서진오토모티브,122690,303,20100119,12,000
00411385,(주)유비쿼스홀딩스,078070,64992,20000711,12,000
00660291,옵티시스(주),109080,26410,19991129,12,000
01124653,(주)슈프리마,236200,26410,20151231,12,000
00332927,(주)제이에스코퍼레이션,194370,15121,19880201,12,000
00266952,(주)네오위즈홀딩스,042420,582,19970606,12,000
00398792,SNT모티브(주),064960,303,20020206,12,000
00148920,조광페인트(주),004910,20411,19670116,12,000
01170865,(주)네오셈,253590,292,20160905,12,000
00484682,(주)엘오티베큠,083310,29271,20020323,12,000
01437292,㈜미래에셋맵스제1호위탁관리부동산투자회사,357250,681,20191212,11,000
00136864,(주)신원,009270,14112,19730926,12,000
00155373,(주)풍강,093380,259,19740910,08,000
00137809,(주)신화다이나믹스,001770,24199,19560601,12,000
00111193,대양전기공업(주),108380,31114,19880701,12,000
00159175,한국전기초자(주),009720,231,19740325,12,000
00490179,(주)플랜티넷,075130,620,20000601,12,000
01258710,(주)이노메트리,302430,29299,20080603,12,000
00678096,(주)맥스로텍,141070,292,19950803,12,000
00220686,(주)에스피지,058610,28111,19910321,12,000
00429694,(주)파버나인,177830,2629,19970704,12,000
00673976,지스마트글로벌(주),114570,468,20000526,12,000
00857727,(주)하림,136480,1012,20110104,12,000
00636656,바이오플러스 주식회사,099430,211,20030523,12,000
00476036,에프엔에스테크(주),083500,29272,20020318,12,000
00146269,일신방직(주),003200,13101,19511103,12,000
00155382,(주)바이오빌,065940,20132,19861124,12,000
00157539,KB오토시스(주),024120,303,19851014,12,000
00671978,(주)그리티,204020,14120,19990918,12,000
00130091,샘표(주),007540,64992,19711209,12,000
00138729,아세아제지(주),002310,172,19580307,12,000
00369170,(주)인터플렉스,051370,2622,19940719,12,000
00530556,(주)예스티,122640,29271,20000306,12,000
00153126,(주)크라운해태홀딩스,005740,64992,19680918,12,000
00128661,(주)에스에이엠티,031330,4659,19900627,12,000
00641171,(주)인지소프트,100030,58222,20000223,12,000
00223434,(주)에프에스티,036810,2629,19870929,12,000
00864338,(주)웹스,196700,20203,20010925,12,000
01169267,(주)세화피앤씨,252500,204,20160818,12,000
00325112,(주)프로텍,053610,29271,19970901,12,000
00925295,(주)에프엔씨엔터테인먼트,173940,901,20061214,12,000
01065785,(주)노브메타파마,229500,70113,20101104,12,000
00496225,(주)이엠네트웍스,087730,20202,20000210,12,000
00250997,대정화금(주),120240,201,19861113,12,000
00599957,(주)슈프리마에이치큐,094840,264,20000504,12,000
00860332,(주)메리츠금융지주,138040,64992,20110328,12,000
00138297,(주)STX,011810,46800,19761224,12,000
00807379,신흥에스이씨(주),243840,28202,20090813,12,000
01264234,(주)엘에이티,311060,29271,20140701,12,000
00105952,(주)LS,006260,64992,19620515,12,000
00378628,(주)케이에이치바텍,060720,2629,19921123,12,000
00897752,(주)천보,278280,201,20071008,12,000
00160621,(주)한국화장품제조,003350,20423,19620321,12,000
00363246,우원개발(주),046940,421,19981028,12,000
00539274,대상홀딩스(주),084690,64992,20050801,12,000
00145473,(주)이글벳,044960,467,19831206,12,000
01180118,(주)코람코더원위탁관리부동산투자회사,417310,68112,20150915,02,000
00575106,씨유테크 주식회사,376290,26224,20040923,12,000
01397772,(주)큐라클,365270,70113,20160512,12,000
01440481,아이비케이에스제13호기업인수목적 주식회사,351340,6619,20200306,12,000
01441611,(주)원티드랩,376980,58221,20150406,12,000
00533508,제이엠티(주),094970,2629,19980601,12,000
00405320,(주)웹젠,069080,5821,20000428,12,000
00203023,(주)시노펙스,025320,2629,19850418,12,000
00609661,(주)티쓰리엔터테인먼트,204610,5821,20000417,12,000
00216498,(주)성도이엔지,037350,721,19880513,12,000
00298340,(주)에스티아이,039440,29271,19970710,12,000
00161444,(주)한국씨티은행,016830,64121,19810919,12,000
01174038,(주)자비스,254120,292,20160920,12,000
00108977,(주)대구백화점,006370,47111,19691226,12,000
00858124,알에스오토메이션(주),140670,262,20091210,12,000
00148522,퍼스텍(주),010820,252,19750925,12,000
00335076,(주)오픈베이스,049480,62021,19920916,12,000
00134963,송원산업(주),004430,20499,19651215,12,000
00441650,(주)케이씨에스,115500,62021,20021206,12,000
00127909,(주)삼일,032280,49309,19751223,12,000
00243757,인포뱅크(주),039290,639,19950614,12,000
00478900,(주)빅솔론,093190,263,20021114,12,000
01419986,신영해피투모로우제6호기업인수목적 주식회사,344050,66199,20191122,12,000
00346966,(주)에코솔루션,052510,2049,19980316,12,000
01418543,케이비제20호기업인수목적 주식회사,342550,66199,20191108,12,000
00148948,(주)조비,001550,20312,19551115,12,000
01405390,주식회사 핌스,347770,26212,20160119,12,000
00553025,(주)데이터스트림즈,199150,58221,20010913,12,000
00124151,부산주공(주),005030,30310,19670427,12,000
00157070,한국단자공업(주),025540,2812,19730420,12,000
01014718,주식회사 제노코,361390,26429,20041103,12,000
00343127,(주)자유투어,046840,75210,19941107,12,000
00870861,와이엠씨(주),155650,262,20080212,12,000
01354740,(주)브이씨,365900,3330,20050401,12,000
00231354,주식회사 파워넷,037030,2811,19931228,12,000
01032486,두산밥캣 주식회사,241560,29241,20140425,12,000
01535150,에스케이위탁관리부동산투자회사 주식회사,395400,68112,20210315,03,000
00407285,(주)아이컴포넌트,059100,26211,20000512,12,000
00239596,(주)쎄니트,037760,24122,19950502,12,000
00133089,(주)성원,015200,2413,19801226,12,000
01504804,유안타제7호기업인수목적 주식회사,367460,66199,20200928,12,000
00577335,(주)대성하이텍,129920,29223,20011012,12,000
00153755,태양금속공업(주),004100,303,19540301,12,000
00132804,성신양회(주),004980,23311,19670316,12,000
01222432,주식회사 에스제이그룹,306040,15129,20080314,12,000
01437186,이에스알켄달스퀘어위탁관리부동산투자회사주식회사,365550,681,20200220,05,000
00174208,(주)진성티이씨,036890,29241,19820428,12,000
00659976,영화테크(주),265560,3033,20000808,12,000
01160512,헝셩그룹유한회사,900270,64992,19951114,12,000
01020269,(주) 탈로스,434190,28202,20050330,12,000
00785475,(주)원익피앤이,131390,281,20040316,12,000
00143262,(주)우진아이엔에스,010400,422,19750127,12,000
00114093,(주)덕성,004830,22214,19661110,12,000
00181299,(주)상아프론테크,089980,222,19860321,12,000
01364747,(주)가온칩스,399720,26112,20120806,12,000
00347442,(주)모보,051810,28302,19840712,12,000
00654272,램테크놀러지(주),171010,20119,20011025,12,000
00990165,아세아시멘트(주),183190,23311,20131002,12,000
00809517,(주)아이엠텍,226350,2629,20001213,12,000
00327819,(주)선익시스템,171090,292,19900524,12,000
00257732,한국정밀기계(주),101680,29223,19880421,12,000
00176516,(주)금화피에스시,036190,423,19810513,12,000
00126371,삼성전기(주),009150,2622,19730808,12,000
01686755,(주)파인엠텍,441270,26299,20220901,12,000
00593032,(주)LF,093050,14111,20061103,12,000
00133511,(주)SG세계물산,004060,46800,19641120,12,000
00414601,유니퀘스트(주),077500,4659,19951125,12,000
00416654,유엔젤(주),072130,631,19990714,12,000
00102140,경인전자(주),009140,2629,19730806,12,000
00171867,(주)에스씨디,042110,28519,19870415,12,000
00287788,(주)정상제이엘에스,040420,8550,19930731,12,000
01047840,미스터블루(주),207760,63991,20141010,12,000
01419135,(주)이노진,344860,20423,20050907,12,000
00587457,갤럭시아머니트리(주),094480,58221,19941005,12,000
00124276,(주)부-스타,008470,25130,19730126,12,000
00155151,피에이치에이(주),043370,303,19850411,12,000
00143527,(주)경동인베스트,012320,649,19770615,12,000
00611286,(주)블루탑,191600,2622,20020326,12,000
00138446,(주)아가방앤컴퍼니,013990,46414,19790402,12,000
00269612,(주)파워로직스,047310,2812,19970903,12,000
00350482,성우테크론(주),045300,2629,19970401,12,000
00256715,(주)국순당,043650,11111,19830205,12,000
00127936,(주)삼일기업공사,002290,411,19580205,12,000
00154055,태원물산(주),001420,303,19550111,12,000
00447928,(주)네오티스,085910,303,20000818,12,000
00144164,SK가스(주),018670,46713,19851220,12,000
00159564,한국주강(주),025890,292,19870826,12,000
00759294,(주)와이솔,122990,2629,20080624,12,000
00112165,(주)디아이씨,092200,303,19760803,12,000
00445799,(주)서원인텍,093920,2642,19830815,12,000
01478712,대덕전자(주),353200,2622,20200501,12,000
00143314,(주)에이엔피,015260,2622,19810121,12,000
00138701,아세아(주),002030,715,19570427,12,000
00364306,성우전자(주),081580,2642,19870826,12,000
00244783,(주)한네트,052600,61299,19970415,12,000
01396931,주식회사 유엑스엔,337840,27112,20120517,12,000
00152783,(주)코메론,049430,27219,19830125,12,000
00167280,(주)폴루스바이오팜,007630,461,19720202,12,000
00105299,금강공업(주),014280,2413,19790808,12,000
00623661,(주)원익머트리얼즈,104830,20121,20061204,12,000
00159102,DB손해보험(주),005830,65121,19681101,12,000
01076550,(주)주노콜렉션,221670,15121,20090623,12,000
00122898,(주)벽산,007210,23999,19710409,12,000
01101041,패션플랫폼(주),225590,141,20150715,12,000
01327092,주식회사 라닉스,317120,26112,20030926,12,000
00365758,(주)아이앤씨테크놀로지,052860,2611,19961115,12,000
00808022,(주)메지온,140410,70113,20020925,12,000
00626710,한국월드와이드베트남부동산개발특별자산1호투자회사,096300,64201,20070202,02,000
00939331,한국콜마(주),161890,20423,20121002,12,000
00296005,(주)우리로,046970,467,19981229,12,000
01077577,우리산업(주),215360,303,20150401,12,000
00231372,롯데관광개발(주),032350,75210,19710524,12,000
00221728,(주)하츠,066130,28519,19881010,12,000
00761952,(주)아나패스,123860,2611,20021129,12,000
00129271,삼화전기(주),009470,26291,19731210,12,000
00164812,현대코퍼레이션(주),011760,46800,19761208,12,000
00188797,(주)포메탈,119500,259,19691015,12,000
01416457,하나금융15호기업인수목적 주식회사,341160,66199,20191024,12,000
01069736,(주)한독크린텍,256150,29175,20031126,12,000
01070857,(주)켐온,217600,701,20150326,12,000
00540340,(주)코리아센터,290510,58221,20000112,12,000
01116380,(주)씨앤에스링크,245450,264,20000920,12,000
00374020,(주)이엘피,063760,27212,19991016,12,000
01139965,주식회사 스튜디오미르,408900,59112,20101028,12,000
00188089,(주)한섬,020000,14112,19870525,12,000
00106368,금호석유화학(주),011780,201,19761210,12,000
00264228,위즈코프(주),038620,47711,19950306,12,000
00149026,CS 홀딩스(주),000590,64992,19490112,12,000
00256380,유아이엘(주),049520,2629,19820617,12,000
00167004,흥구석유(주),024060,46712,19661216,12,000
01199189,(주)이랜시스,264850,262,20170210,12,000
00302120,(주)피앤텔,054340,2642,19970628,12,000
00112721,(주)대창스틸,140520,24122,19800610,12,000
00123781,부국철강(주),026940,2413,19760823,12,000
00604815,(주)에스디시스템,121890,2629,20010428,12,000
00155498,풍림산업(주),001310,41112,19541005,12,000
00261285,한국가스공사(주),036460,35200,19830818,12,000
01291317,더블유씨피(주),393890,28202,20161026,12,000
00961774,(주)유티아이,179900,2629,20100416,12,000
00154718,(주)비츠로셀,082920,28201,19871031,12,000
00350020,(주)파인디앤씨,049120,26211,19990319,12,000
00117382,(주)디와이홀딩스,004510,29162,19751105,12,000
00125646,삼목에스폼(주),018310,2511,19850607,12,000
00131692,(주)서흥,008490,2049,19730130,12,000
00422284,메가스터디(주),072870,581,20000712,12,000
00107677,(주)비비안,002070,14120,19570614,12,000
00234227,(주) 유진로봇,056080,292,19931207,12,000
00527464,(주)에이치시티,072990,72911,20000512,12,000
00249982,(주)솔본,035610,715,19940805,12,000
00110608,DSR(주),155660,242,19650401,12,000
01059605,디와이파워(주),210540,29241,20141203,12,000
00131328,두함지개발 주식회사,016140,68112,19800415,12,000
00540429,휴림로봇(주),090710,29280,19981129,12,000
00398808,(주)디지털대성,068930,855,20000310,12,000
00124577,(주)엠소닉,008120,26,19721013,12,000
01344752,케어룸의료산업 주식회사,327970,27199,20100611,12,000
00252001,해원에스티(주),058480,24121,19960603,12,000
00265005,옴니시스템(주),057540,272,19970217,12,000
00626011,아이텍주식회사,119830,739,20050201,12,000
00348034,(주)액토즈소프트,052790,5821,19961029,12,000
00832700,에이펙스인텍(주),207490,28422,19971103,12,000
00761059,펌텍코리아 주식회사,251970,22232,20010810,12,000
00622787,(주)바이오노트,377740,213,20030328,12,000
00136402,신송홀딩스(주),006880,46201,19701105,12,000
01436336,이베스트기업인수목적5호 주식회사,349720,66199,20200214,12,000
00133335,성창기업지주(주),000180,71531,19161120,12,000
00123648,(주)심팩인더스트리,005350,29230,19671226,12,000
00131054,유진투자증권(주),001200,66121,19540512,12,000
00185356,제룡전기(주),033100,2811,19861218,12,000
00112679,대창단조(주),015230,303,19810101,12,000
01113949,(주)퓨전,195440,58221,20010601,12,000
00359076,(주)브리지텍,064480,58221,19950331,12,000
00439965,(주)나노신소재,121600,2049,20000315,12,000
01487446,(주)씨엔알리서치,359090,739,20200618,12,000
00160205,한국내화(주),010040,2321,19740624,12,000
00628860,(주)네오위즈,095660,5821,20070426,12,000
00576789,디젠스(주),113810,303,20060201,12,000
00360674,코위버(주),056360,26410,20000218,12,000
00133557,(주)피엔풍년,024940,464,19731117,12,000
00129280,삼화전자공업(주),011230,265,19760401,12,000
00141608,(주)오리엔탈정공,014940,291,19800719,12,000
00130046,(주)다함이텍,009280,26,19730929,12,000
00404288,(주)아진엑스텍,059120,2611,19971229,12,000
00135467,(주) 승일,049830,259,19781226,12,000
00260383,대한유화(주),006650,20111,19700602,12,000
01301252,티이엠씨 주식회사,425040,20121,20150126,12,000
00579971,(주)칩스앤미디어,094360,261,20030306,12,000
00364847,(주)이글루코퍼레이션,067920,639,19991102,12,000
00883980,(주)아이디스,143160,26429,20110701,12,000
00604426,(주)인터로조,119610,271,20001025,12,000
00491053,(주)진바이오텍,086060,462,20000315,12,000
01102095,(주)쿠첸,225650,28511,20150804,12,000
00359580,(주)아이디스홀딩스,054800,71600,19970924,12,000
00145109,(주)유한양행,000100,212,19260620,12,000
00201131,(주)아즈텍더블유비이,032080,13402,19701020,12,000
00925189,(주)신화콘텍,187270,2812,20021023,12,000
00132628,성문전자(주),014910,26291,19800711,12,000
01119651,(주)엘리비젼,276240,26519,20040127,12,000
00866062,엘티씨(주),170920,20119,20071123,12,000
00305297,(주)코텍,052330,26519,19870306,12,000
00413523,(주)한미글로벌건축사사무소,053690,72111,19960618,12,000
00185222,(주)크린앤사이언스,045520,291,19791231,12,000
01115044,(주)안지오랩,251280,70113,19990603,12,000
00142883,(주)우신시스템,017370,292,19840223,12,000
01188749,(주)지앤이헬스케어,299480,13999,20140204,12,000
00161781,(주)아난티,025980,551,19870116,12,000
00612188,㈜에스티오,098660,1419,20030222,12,000
00980122,(주)JB금융지주,175330,64992,20130701,12,000
01505186,(주)하이딥,365590,261,20200909,12,000
00137012,(주)에스앤더블류,103230,29111,19900208,12,000
00118275,(주)디아이,003160,27212,19610316,12,000
00235183,(주)에이치케이,044780,29221,19900530,12,000
00807397,(주)코이즈,121850,222,20060216,12,000
00352718,(주)소리바다,053110,631,19980813,12,000
00133876,(주)세보엠이씨,011560,422,19780726,12,000
00500254,(주)GS,078930,64992,20040701,12,000
00113359,교보증권(주),030610,66121,19491122,12,000
00347062,(주)현대바이오랜드,052260,204,19950901,12,000
00264732,(주)파인디지털,038950,2642,19921020,12,000
00879020,(주)유니트론텍,142210,46522,19960619,12,000
00295547,(주)디지아이,043360,263,19911128,12,000
00186717,(주)태양,053620,25991,19891014,12,000
00177816,대주전자재료(주),078600,2629,19810706,12,000
00351807,대원미디어(주),048910,467,19771206,12,000
00669450,(주)바이오프로테크,199290,271,20000519,12,000
01326224,(주)원바이오젠,307280,213,20180903,12,000
00109587,(주)대륙제관,004780,25991,19661224,12,000
00161976,한세예스24홀딩스(주),016450,1419,19821118,12,000
01196313,(주)유에스티,263770,241,20170123,12,000
00447502,(주)바이오톡스텍,086040,70113,20000823,12,000
00261009,감성코퍼레이션(주),036620,467,19940728,12,000
01583953,(주)티엘엔지니어링,413300,72129,20021209,12,000
00555740,툴코리아(주),110660,25933,20051102,12,000
00188715,현진소재(주),053660,25912,19780425,12,000
00435312,(주)하이스틸,071090,2413,20030101,12,000
00916826,(주)드림씨아이에스,223250,70113,20000427,12,000
01187494,주식회사 덴티스,261200,271,20161201,12,000
01388631,주식회사 오션스톤,329020,463,20141015,12,000
00246417,(주)이오테크닉스,039030,29271,19931230,12,000
00555874,(주)제주항공,089590,511,20050125,12,000
00406727,(주)세진티에스,067770,26211,19960607,12,000
00120021,(주)LG,003550,64992,19470105,12,000
00201788,(주)제낙스,065620,24123,19910618,12,000
00447982,주식회사 에스지피엠,074000,68112,19990126,12,000
00432102,한국투자금융지주(주),071050,64992,20030111,12,000
00231664,우리기술투자(주),041190,6491,19961218,12,000
00115065,(주)동남합성,023450,201,19651001,12,000
00921916,주식회사 석경에이티,357550,20129,20001218,12,000
00162832,한일단조공업(주),024740,303,19660516,12,000
00266934,(주)파루,043200,281,19950828,12,000
00369657,리노공업(주),058470,2629,19961220,12,000
00563518,비나텍주식회사,126340,282,19990726,12,000
00170558,코웨이(주),021240,969,19890502,12,000
00269940,(주)하나투어,039130,75210,19931101,12,000
00360577,(주)엑사이엔씨,054940,424,19910503,12,000
00238153,(주)파세코,037070,28519,19860801,12,000
00258421,(주)기산텔레콤,035460,2642,19940906,12,000
01576102,주식회사 미래에셋글로벌위탁관리부동산투자회사,396690,6811,20210521,03,000
01062867,(주)디알텍,214680,271,20150203,12,000
00806972,(주)매직마이크로,127160,262,20060811,12,000
00359623,우리산업홀딩스(주),072470,303,19890227,12,000
00240857,(주)바이오스마트,038460,26293,19851230,12,000
00306162,(주)상상인,038540,620,19890223,12,000
00138260,(주)SIMPAC,009160,24113,19730809,12,000
00485177,(주)일진파워,094820,423,19900207,12,000
00261355,(주)레드캡투어,038390,75210,19960801,12,000
00164724,현대엘리베이터(주),017800,29162,19840523,12,000
00423177,(주)텔레칩스,054450,2611,19991029,12,000
01418260,주식회사 폭스소프트,354230,58221,20050107,12,000
00231442,(주)디지틀조선일보,033130,631,19951002,12,000
01013311,(주)헥토이노베이션,214180,63991,20090319,12,000
00249247,(주)와이지플러스,037270,631,19961115,12,000
01035368,(주)티에프이,425420,262,20031029,12,000
00961570,(주)신도기연,290520,29272,20000803,12,000
00148364,(주)하림지주,003380,64992,19500401,12,000
01428249,케이프이에스제4호기업인수목적 주식회사,347140,6499,20200102,12,000
00923899,참존글로벌(주),158310,29280,19960726,12,000
00997812,(주)코미코,183300,29271,20130813,12,000
00695969,(주)동운아나텍,094170,2611,20060701,12,000
00139764,(주)에넥스,011090,32021,19760304,12,000
00334624,(주)팍스넷,038160,63991,19990521,12,000
00128926,삼현철강(주),017480,2419,19840124,12,000
00612489,아이쓰리시스템(주),214430,2629,19980711,12,000
00140052,(주)에이스침대,003800,32029,19770512,12,000
00367455,현우산업(주),092300,2622,19961008,12,000
00673301,(주)전우정밀,120780,303,20010926,12,000
01345724,주식회사 타임기술,318660,582,20181001,12,000
00165361,(주)휴코드홀딩스,036840,70113,19790124,12,000
00105606,(주)금호에이치티,214330,303,19890701,12,000
00133618,세기상사(주),002420,477,19580821,12,000
01142075,㈜핑거,163730,582,20001229,12,000
00201742,(주)유라테크,048430,281,19870507,12,000
00133812,세방(주),004360,49301,19650913,12,000
00666064,(주)셀바스에이아이,108860,5822,19990331,12,000
00608839,(주)에이루트,096690,26329,20020408,12,000
01018802,(주)엔솔바이오사이언스,140610,70113,20010220,12,000
00202839,한창산업(주),079170,24229,19860325,12,000
00400060,(주)이씨에스텔레콤,067010,620,19991007,03,000
00158112,한국수출포장공업(주),002200,1721,19571121,12,000
01397620,주식회사 루닛,328130,58222,20130823,12,000
00139083,아진산업(주),013310,303,19780531,12,000
00163196,한일철강(주),002220,2419,19571205,12,000
00109718,(주)사조대림,003960,10211,19640501,12,000
00994994,(주)나노,187790,20129,20131018,12,000
00201733,티제이미디어(주),032540,265,19910418,12,000
01047451,(주)셀바스헬스케어,208370,271,20141002,12,000
00569646,(주)영우디에스피,143540,29272,20040216,12,000
00423690,(주)삼성출판사,068290,5811,20020702,12,000
00152260,(주)카스,016920,465,19830419,12,000
00398668,(주)휴비츠,065510,27199,19990427,12,000
00340272,(주)에스폴리텍,050760,222,19990618,12,000
00152039,(주)SG글로벌,001380,303,19541222,12,000
00587466,KPX홀딩스(주),092230,201,20060901,12,000
01158553,켄코아에어로스페이스(주),274090,31322,20130408,12,000
00141413,영화금속(주),012280,303,19770607,12,000
00993931,동양파일(주),228340,23325,20130612,12,000
01128613,주식회사 화승엔터프라이즈,241590,15219,20151117,12,000
00102760,두산건설(주),011160,41112,19760407,12,000
00796994,조선선재(주),120030,2599,20100101,12,000
01514519,유진기업인수목적6호 주식회사,373340,66199,20201120,12,000
00353878,다스코(주),058730,25112,19960126,12,000
00599489,청광건설(주),140290,412,20061120,12,000
00819073,인크로스(주),216050,71310,20070813,12,000
00122579,(주)BYC,001460,14120,19550513,12,000
01343735,주식회사 데이드림엔터테인먼트,348840,591,20080125,12,000
01367586,(주)제이아이테크,417500,204,20140328,12,000
01165739,잉글우드랩 주식회사,950140,204,20150820,12,000
00156354,지엠비코리아(주),013870,303,19790320,12,000
00551920,(주)네오팜,092730,20423,20000701,12,000
01488320,주식회사 필에너지,378340,29299,20200402,12,000
01591606,아이비케이에스제17호기업인수목적 주식회사,405350,66199,20211008,12,000
00108612,주식회사 디에스단석,017860,204,19840806,12,000
01791321,하나30호기업인수목적 주식회사,469880,66199,20231011,12,000
01528530,삼성기업인수목적4호(주),377630,661,20210125,12,000
00149293,(주)신한은행,000010,64121,18970219,12,000
01676989,케이비제23호기업인수목적 주식회사,440200,66199,20220725,12,000
01305869,(주)세니젠,188260,339,20050928,12,000
00561723,(주)쏘닉스,088280,26129,20001024,12,000
00112819,데코앤에프,017680,141,19851102,12,000
01447217,에이치엠씨아이비제4호기업인수목적 주식회사,353070,66199,20200312,12,000
00138279,S-Oil(주),010950,19210,19760106,12,000
00160418,한국무브넥스(주),010100,303,19740715,12,000
01568875,하나금융19호기업인수목적 주식회사,388220,661,20210510,12,000
01146220,팸텍주식회사,271830,29271,20050805,12,000
00145552,(주)이수화학                             ,005950,20111,19690117,12,000
00167031,(주)흥국,010240,29241,19741017,12,000
00449379,도이치모터스(주),067990,451,19970817,12,000
00116949,(주)디엔오토모티브,007340,28202,19710623,12,000
00239514,(주)삼진엘앤디,054090,339,19870106,12,000
01163050,(주)다이오진,271850,701,20090721,12,000
00206084,(주)세아메탈,033020,24122,19940322,12,000
00302236,태양3C(주),052960,452,19880203,12,000
01328639,윙입푸드홀딩스,900340,64992,20150424,12,000
00191287,대동금속(주),020400,24312,19871229,12,000
01144028,(주)씨티케이,260930,20423,20010508,12,000
00176914,(주)다우기술,023590,631,19860109,12,000
01580178,대신밸런스제11호기업인수목적,397500,66199,20210730,12,000
01504910,유안타제8호기업인수목적 주식회사,367480,661,20200928,12,000
00117258,(주)한화갤러리아타임월드,027390,47111,19790530,12,000
00121686,엠케이전자(주),033160,262,19821216,12,000
00160232,(주)케이에스에스 해운,044450,50112,19840627,12,000
00409371,인베니아(주),079950,29272,20010126,12,000
00525882,(주)크레버스,096240,855,20020605,12,000
01516368,(주)산돌,419120,58222,20181029,12,000
00508344,SK디앤디(주),210980,68122,20040427,12,000
00892526,(주)디케이앤디,263020,22214,20000512,12,000
00410997,(주)누리플랜,069140,25112,19940304,12,000
01305249,스톤브릿지벤처스(주),330730,649,20170531,12,000
00494218,(주)엘엠에스,073110,262,19990213,12,000
00111722,미래에셋증권(주),006800,66121,19700923,12,000
00244419,디에스티(주),033430,292,19950511,12,000
00536888,(주)케이알엠,093640,2611,19981218,12,000
00140362,제이에스전선(주),005560,28302,19680611,12,000
01447244,에이치엠씨아이비제5호기업인수목적 주식회사,353060,66199,20200312,12,000
01567520,대신밸런스제10호기업인수목적 주식회사,387310,66199,20210504,12,000
00128227,삼정펄프(주),009770,171,19740409,12,000
01080252,주식회사 넥스틴,348210,29271,20100623,12,000
01416572,(주)세림비앤지,340440,222,20191017,12,000
00352000,(주)하우리,049130,58221,19980312,12,000
00670085,(주)엘아이에스,138690,29221,20061226,12,000
01402995,(주)케이엔에스,432470,29299,20060425,12,000
00158316,(주)NICE홀딩스,034310,715,19860911,12,000
00583424,(주)아모레퍼시픽,090430,20423,20060601,12,000
01535257,엔에이치기업인수목적19호 주식회사,380440,661,20210304,12,000
01494154,지니너스 주식회사,389030,70113,20180420,12,000
01021639,나라셀라(주),405920,46331,19900110,12,000
00173661,에스지신성건설주식회사,001970,41221,19570316,12,000
00113997,롯데에너지머티리얼즈(주),020150,2629,19870811,12,000
00173032,동화기업(주),025900,16212,19480402,12,000
00480455,STX엔진(주),077970,29111,20040401,12,000
00228350,신화인터텍(주),056700,2229,19880527,12,000
00520610,씨큐브(주),101240,20131,20001020,12,000
00133751,세명전기공업(주),017510,2599,19840203,12,000
00137234,(주)모베이스전자,012860,303,19780107,12,000
00255433,라온시큐어(주),042510,582,19980416,12,000
00389970,(주)다날,064260,582,19970704,12,000
00812362,(주)디에스앤엘,141020,479,20060901,12,000
00361594,(주)디엠에스,068790,292,19990708,12,000
00363592,(주)한컴위드,054920,58221,19990331,12,000
01116344,이비테크(주),208850,28909,20001028,12,000
00106313,금호건설(주),002990,41112,19721011,12,000
01309421,(주)제이엔비,452160,29271,20050401,12,000
00365934,(주)코세스,089890,29271,19940125,12,000
00828789,대성산업(주),128820,477,20100630,12,000
01112700,(주)에스엘에스바이오,246250,739,20070117,12,000
00125576,(주)체시스,033250,303,19890803,12,000
01203376,(주)유비쿼스,264450,26410,20170302,12,000
01365384,이성씨엔아이(주),379390,72129,20161103,12,000
01591262,디비금융제10호기업인수목적 주식회사,404950,649,20211005,12,000
00855163,미원화학(주),134380,20421,20110103,12,000
00584362,(주)케이엑스넥스지,081970,58221,20011024,12,000
01023822,(주)메디젠휴먼케어,236340,70113,20120720,12,000
00372688,(주)티사이언티픽,057680,58222,19980821,12,000
01363818,롯데위탁관리부동산투자회사 주식회사,330590,681,20190329,06,000
00965512,주식회사 라온텍,418420,262,20091013,12,000
00441304,가온그룹(주),078890,264,20010511,12,000
00619507,와이씨켐(주),112290,20491,20010728,12,000
01497124,캡스톤파트너스(주),452300,649,20080103,12,000
00269852,(주)폴라리스오피스,041020,58221,19970407,12,000
00135917,한화손해보험(주),000370,65121,19460401,12,000
00472890,(주)동국알앤에스,075970,239,20040101,12,000
01576713,엔에이치기업인수목적22호 주식회사,396770,661,20210723,12,000
00456218,(주)모두투어네트워크,080160,75210,19890214,12,000
01089855,주식회사 맘스터치앤컴퍼니,220630,463,20150519,12,000
00127255,(주)삼영,003720,2221,19590410,12,000
00531917,(주)톱텍,108230,292,19960620,12,000
01450105,미래에셋대우기업인수목적 5호 주식회사,353490,661,20200325,12,000
01134216,주식회사 트루엔,417790,265,20050128,12,000
01631658,대신밸런스제12호기업인수목적 주식회사,426670,66199,20220404,12,000
00614593,(주)넥스트아이,137940,27216,19980907,12,000
00910947,바다로19호선박투자회사,155900,76190,20110929,12,000
00800084,씨엑스아이헬스케어테크놀리지그룹리미티드,900120,64992,20090224,06,000
01505469,디비금융제9호기업인수목적 주식회사,367360,661,20200924,12,000
00114552,(주)도화엔지니어링,002150,72121,19620505,12,000
00116301,(주)NI스틸,008260,2419,19721214,12,000
00163318,(주)모헨즈,006920,23322,19701124,12,000
00121570,문배철강(주),008420,2419,19730121,12,000
00142865,(주)WISCOM,024070,22299,19780509,12,000
00490151,(주)파트론,091700,2629,20030128,12,000
00138747,(주)아세아텍,050860,29210,19780909,06,000
00483735,해성옵틱스(주),076610,273,20020325,12,000
00359474,(주)제이웨이,058420,59130,19940406,12,000
00231105,(주)동성화인텍,033500,201,19850731,12,000
01030503,(주)우진엔텍,457550,7390,20130102,12,000
01792825,대신밸런스제17호기업인수목적 주식회사,471050,661,20231017,12,000
01350869,(주)우리금융지주,316140,64992,20190111,12,000
01493535,(주)모비데이즈,363260,713,20200813,12,000
00180795,(주)인팩,023810,303,19690625,12,000
00646732,(주)진양홀딩스,100250,222,20080107,12,000
01335578,(주)애니플러스,310200,591,20181015,12,000
00564562,(주)엠씨넥스,097520,26519,20041222,12,000
01526949,하이제6호기업인수목적 주식회사,377400,66199,20210122,12,000
00105040,(주)뉴인텍,012340,303,19770629,12,000
00152437,(주)케이프,064820,31114,19831226,12,000
00303192,(주)디에이피,066900,2622,19871128,12,000
00353762,(주)키이스트,054780,59130,19961008,12,000
00173999,(주)유성티엔에스,024800,492,19770810,12,000
00862312,(주)포스뱅크,105760,291,20030919,12,000
00356389,(주)프럼파스트,035200,22211,19920624,12,000
00657756,무송지오씨(주),135160,28301,20010302,12,000
00418379,(주)자연과환경,043910,233,19990705,12,000
01596665,한국제10호기업인수목적 주식회사,409570,661,20211104,12,000
00309460,에이치비인베스트먼트(주),440290,649,19991111,12,000
00652007,(주)메카로,241770,261,20001101,12,000
00769158,(주)케이엔제이,272110,261,20050428,12,000
00757816,(주)모다,149940,26429,19911202,12,000
00102113,(주)경인양행,012610,20132,19771014,12,000
00145598,이연제약(주),102460,212,19641125,12,000
00454399,(주)이상네트웍스,080010,4610,20000228,12,000
01476219,(주)코스텍시스,355150,261,20200428,12,000
01043853,(주)베노티앤알,206400,424,20140919,12,000
00409672,(주)티비에이치글로벌,084870,141,20010101,12,000
00664048,(주)우리넷,115440,2641,20000104,12,000
01652970,하나금융23호기업인수목적 주식회사,427950,661,20220411,12,000
01158632,주식회사 진코스텍,250030,20423,20100615,12,000
00138057,써니전자(주),004770,262,19660915,12,000
00605328,씨앤지하이테크(주),264660,29271,20020716,12,000
00372253,(주)연우,115960,22232,19940930,12,000
01797440,에스케이증권제11호기업인수목적 주식회사,472230,66199,20231102,12,000
00468374,(주)원익큐엔씨,074600,2312,20031112,12,000
00689418,(주)지유온,111820,639,20061219,12,000
00260569,유니셈(주),036200,29271,19960101,12,000
00159971,케이씨그린홀딩스(주),009440,64992,19731127,12,000
01357446,주식회사 퓨런티어,370090,27213,20090506,12,000
01787072,유진기업인수목적10호 주식회사,468760,66191,20230914,12,000
01791561,하나31호기업인수목적 주식회사,469900,66199,20231011,12,000
00367710,(주)동인기연,111380,151,19921215,12,000
00117744,메리츠화재해상보험(주),000060,65121,19221001,12,000
00611912,(주)아모그린텍,125210,2629,20040106,12,000
00876209,(주)미래엔에듀파트너,208890,857,20090406,12,000
01293953,주식회사 싸이버원,356890,582,20050112,12,000
00692254,(주)아이패밀리에스씨,114840,204,20000229,12,000
00351995,(주)지에스이,053050,35200,19890421,12,000
00957373,(주)펨트론,168360,292,20020115,12,000
00126201,삼성공조(주),006660,30399,19700611,12,000
00760999,상신전자(주),263810,2629,19880701,12,000
00111014,(주)애큐온저축은행,007640,64132,19720203,12,000
00604028,주식회사 피코그램,376180,339,20020307,12,000
01685251,(주)컨텍,451760,620,20150105,12,000
00642897,브레인즈컴퍼니(주),099390,58221,20000316,12,000
01632851,아이비케이에스제19호기업인수목적 주식회사,426550,66199,20220401,12,000
00618401,크루셜텍(주),114120,262,20010420,12,000
00533191,(주)비보존제약,082800,212,20020822,12,000
00913689,(주)세경하이테크,148150,2629,20060116,12,000
01080687,(주)아우딘퓨쳐스,227610,20423,20001218,12,000
01237434,(주)플리토,300080,63120,20120824,12,000
00266961,네이버(주),035420,63120,19990602,12,000
01188378,(주)시스웍,269620,272,20040716,12,000
00890388,(주)지성이씨에스,138290,421,20020418,12,000
00578538,(주)티피씨,130740,303,19990101,12,000
01419384,하나금융16호기업인수목적 주식회사,343510,66199,20191115,12,000
00122694,범양건영(주),002410,411,19580821,12,000
00141556,오로라월드(주),039830,73203,19850925,12,000
00405719,아이크래프트(주),052460,620,20000121,12,000
00602279,주식회사 그린플러스,186230,24222,19971021,12,000
00624749,주식회사 에스피시스템스,317830,29280,19880309,12,000
00990563,(주)피엔아이컴퍼니,242350,620,20040706,12,000
01514528,신한제7호기업인수목적 주식회사,366330,66199,20200908,12,000
01264872,이노뎁(주),303530,582,20080110,12,000
00858364,(주)BNK금융지주,138930,64992,20110315,12,000
00161693,(주)한샘,009240,46431,19730912,12,000
00147994,(주)새로닉스,042600,2629,19681221,12,000
00230814,(주)휴림에이텍,078590,303,19930825,12,000
00124780,사조씨푸드(주),014710,102,19800327,12,000
00139214,삼성화재해상보험(주),000810,65121,19520126,12,000
00166500,화천기계(주),010660,29223,19750614,12,000
01135941,(주)원익아이피에스,240810,292,20160404,12,000
00173351,(주)삼진,032750,264,19760715,12,000
01221947,비엔에프머티리얼즈(주),271780,24229,20031010,12,000
00296324,(주)큐로홀딩스,051780,472,19871229,12,000
01515864,(주)넥스트칩,396270,26112,20190102,12,000
01513404,하나머스트7호기업인수목적 주식회사,372290,66199,20201116,12,000
01676642,(주)사피엔반도체,452430,2611,20170829,12,000
00165103,(주)푸드웰,005670,1030,19680809,12,000
01387164,주식회사 샤페론,378800,211,20081001,12,000
01524118,나노팀 주식회사,417010,291,20161228,12,000
00362858,예스이십사(주),053280,4791,19990401,12,000
00535676,(주)테크윙,089030,29271,20020801,12,000
00664288,(주)스페이스솔루션,245030,582,20030117,12,000
00886792,(주)루켄테크놀러지스,162120,289,20071002,12,000
01110058,주식회사 바이오인프라,199730,70113,20070523,12,000
00878696,에스케이바이오팜 주식회사,326030,7011,20110401,12,000
00231901,엘비인베스트먼트(주),309960,64991,19960704,12,000
00155735,(주)피제이전자,006140,27112,19690718,12,000
00181943,(주)에스제이엠홀딩스,025530,452,19750331,12,000
00450339,(주)에스에프씨,112240,2229,19911223,12,000
00595191,(주)후성,093370,20129,20061124,12,000
00120216,(주)KB손해보험,002550,65121,19581216,12,000
00136271,주식회사 신성이엔지,011930,2612,19770120,12,000
00426828,케이웨더(주),068100,291,19970617,12,000
00149239,조일알미늄(주),018470,24222,19850919,12,000
01328170,주식회사 노드메이슨,317860,20423,20130821,12,000
01365038,(주)자람테크놀로지,389020,261,20000127,12,000
01231786,(주)엑스페릭스,317770,262,20170403,12,000
01505450,디비금융제8호기업인수목적 주식회사,367340,649,20200924,12,000
00612294,(주)피엔티,137400,292,20031230,12,000
00264547,(주)케이지이니시스,035600,58221,19981103,12,000
00104768,가온전선(주),000500,28302,19470924,12,000
01137903,(주)디케이티,290550,26224,20120621,12,000
01442115,주식회사 소마젠,950200,73909,20041202,12,000
00167208,흥아해운(주),003280,50112,19611208,12,000
01528141,엘에스머트리얼즈 주식회사,417200,26291,20210101,12,000
00297961,케이맥(주),043290,292,19961101,12,000
01147487,(주)뷰티스킨,406820,20423,20111207,12,000
01705777,엔에이치기업인수목적28호 주식회사,450410,6619,20221202,12,000
00150165,(주)브이티,018290,204,19861107,12,000
00390514,(주)이루온,065440,58221,19980423,12,000
00165060,하이록코리아(주),013030,241,19780318,12,000
00545716,롯데렌탈(주),089860,76110,20051020,12,000
00767460,피아이첨단소재(주),178920,2221,20080602,12,000
01047415,(주)정다운,208140,101,20141020,12,000
01205514,(주)큐라켐,456190,213,20090609,12,000
00599595,(주)비지에프에코머티리얼즈,126600,20202,19971013,12,000
01423837,(주)모아데이타,288980,58222,20140325,12,000
00571298,덕우전자(주),263600,2629,19920801,12,000
00152729,광전자(주),017900,2612,19840731,12,000
00765569,기가비스(주),420770,292,20040218,12,000
00660459,나노씨엠에스(주),247660,2629,20030417,12,000
01383229,주식회사 저스템,417840,29271,20160425,12,000
00920379,(주)티엘비,356860,2622,20110325,12,000
00607797,(주)엄지하우스,224810,424,19860515,12,000
01187865,(주)앙츠,267810,95120,20150522,12,000
00231707,(주)비트컴퓨터,032850,58221,19850418,12,000
00360595,현대글로비스(주),086280,5299,20010222,12,000
00403632,주식회사 현대퓨처넷,126560,61299,19920316,12,000
01540815,주식회사 스튜디오삼익,415380,47520,20170908,12,000
00364403,(주)쏠리드,050890,2642,19981105,12,000
00208444,피에스케이홀딩스(주),031980,29271,19900611,12,000
00161860,한성기업(주),003680,10211,19630314,12,000
01596656,(주)메쎄이상,408920,759,20211029,12,000
00554024,(주)셀트리온헬스케어,091990,467,19991229,12,000
00428251,(주)현대백화점,069960,47111,20021101,12,000
00135962,신라교역(주),004970,03111,19670306,12,000
01336461,주식회사 뉴로메카,348340,29280,20130214,12,000
00378220,(주)버킷스튜디오,066410,612,19990205,12,000
00447609,(주)비에이치,090460,2622,19990310,12,000
00106119,(주)금양,001570,201,19551117,12,000
00108940,대성홀딩스(주),016710,715,19830131,12,000
01583397,하나금융20호기업인수목적 주식회사,400560,66199,20210823,12,000
01792791,아이비케이에스제24호기업인수목적 주식회사,469480,66199,20230922,12,000
00568188,(주)마이크로컨텍솔루션,098120,2629,19991228,12,000
00140964,(주)영원무역홀딩스,009970,64992,19740620,12,000
00311270,원텍(주),216280,27112,19990619,12,000
01199550,에이치디현대에너지솔루션(주),322000,2612,20161221,12,000
00543107,(주)오킨스전자,080580,262,19980413,12,000
00164502,(주)현대공업,170030,303,19780912,12,000
01190513,명진홀딩스(주),267060,102,20120322,12,000
01721809,주식회사 현대그린푸드,453340,471,20230302,12,000
00106669,(주)세아베스틸지주,001430,2411,19550204,12,000
00156895,아주아이비투자(주),027360,649,19740909,12,000
00380429,(주)CMG제약,058820,212,20010801,12,000
00138695,(주)뉴아세아,013340,2413,19780605,12,000
01323032,케이카 주식회사,381970,45120,20171129,12,000
00173078,명신산업(주),009900,303,19820417,12,000
00601988,주식회사 코난테크놀로지,402030,58221,19990417,12,000
00573579,평화산업(주),090080,303,20060502,12,000
00634728,(주)이크레더블,092130,63991,20010806,12,000
00861076,(주)케이탑자기관리부동산투자회사,145270,68112,20101104,12,000
00910840,(주)윈하이텍,192390,2511,20110915,12,000
00109781,(주)대림제지,017650,179,19840321,12,000
00361266,(주)코원플레이,056000,582,19960911,12,000
01055317,(주)비엔디생활건강,215050,20421,20120105,12,000
01344202,주식회사 뷰노,338220,582,20141210,12,000
00776820,(주)영원무역,111770,46800,20090702,12,000
00599285,(주)서플러스글로벌,140070,46539,20000328,12,000
00550994,(주)아이센스,099190,27112,20000504,12,000
01566248,주식회사 에코프로에이치엔,383310,204,20210503,12,000
00117708,(주)리드코프,012700,46712,19770919,12,000
01546101,(주)아이엠티,451220,29299,20001123,12,000
00407771,(주)듀오백,073190,32091,19870422,12,000
01475609,주식회사 디앤디플랫폼위탁관리부동산투자회사,377190,681,20200310,03,000
00140779,영보화학(주),014440,2225,19791211,12,000
01534522,삼성머스트기업인수목적5호 주식회사,380320,661,20210304,12,000
00105138,주식회사 파라텍,033540,292,19730608,12,000
01187175,주식회사 라이프사이언스테크놀로지,285770,58221,20070703,12,000
00922304,주식회사 아셈스,136410,22212,20030613,12,000
00925587,(주)위드텍,348350,27213,20031211,12,000
00872656,금양그린파워(주),282720,423,19931201,12,000
00134565,(주)이스타코,015020,68121,19800930,12,000
00125822,삼보산업 주식회사,009620,24222,19740208,12,000
00228712,동우팜투테이블,088910,10121,19930217,12,000
00140858,(주)와이엠,007530,259,19711201,12,000
01781847,교보15호기업인수목적 주식회사,465320,66199,20230808,12,000
00667373,현대힘스 주식회사,460930,31114,20080425,12,000
01186671,(주)바이오시네틱스,281310,70113,20040129,12,000
00136624,(주)신영와코루,005800,14120,19681021,12,000
01259232,(주)노바텍,285490,339,20070223,12,000
00248974,하나제약(주),293480,212,19780119,12,000
00413417,우리손에프앤지 농업회사법인(주),073560,101,20010222,12,000
00222213,주식회사 피케이엘,039870,26299,19951123,10,000
01816268,케이비제29호기업인수목적(주),478390,66199,20240305,12,000
00939942,(주)포시에스,189690,58222,20080723,06,000
00498001,(주)모베이스,101330,2642,19990317,12,000
00397243,(주)티엔아이,066350,292,19980216,12,000
00842585,(주)네이블,153460,58222,20030129,12,000
00978075,(주)머니무브,179720,649,20120215,12,000
01150515,대명에너지 주식회사,389260,4112,20000804,12,000
00127954,씨제이프레시웨이(주),051500,4632,19881027,12,000
01442966,주식회사 마스턴프리미어제1호위탁관리부동산투자회사,357430,681,20200228,03,000
01148909,주식회사 휴럼,284420,108,20050826,12,000
00341916,오스템임플란트(주),048260,27191,19970108,12,000
00337296,(주)원포유,122830,582,19980420,12,000
00450995,대모엔지니어링주식회사,317850,29242,19890616,12,000
00202060,(주)구영테크,053270,303,19891109,12,000
00161116,에이치엘디앤아이한라(주),014790,41221,19800502,12,000
01251489,라온피플 주식회사,300120,582,20100118,12,000
00838962,알서포트(주),131370,58222,20100722,12,000
01011368,(주)에이치브이엠,295310,24219,20120607,12,000
00103121,(주)세븐코스프,017160,1090,19850326,12,000
00103325,(주)고제,002540,10895,19581205,12,000
00114765,케이비아이동국실업(주),001620,303,19551229,12,000
01190568,(주)에이피알,278470,20423,20141010,12,000
00625942,한솔아이원스(주),114810,2927,20050701,12,000
00106508,(주)기린,006070,10602,19690514,12,000
00107923,남한제지(주),001950,1710,19570225,06,000
00110051,에스케이 머티리얼즈(주),036490,20122,19821110,12,000
00264103,(주)에이엠에스,044770,26292,19880404,12,000
00264839,(주)아이비진,039060,21100,19960521,12,000
00132992,(주)성우하이텍,015750,303,19811228,12,000
00153339,태경산업(주),015890,20129,19820215,12,000
00365457,(주)제이티,089790,29271,19980707,12,000
00660121,(주)디에이테크놀로지,196490,29271,20000503,12,000
01284751,주식회사 시지트로닉스,429270,26129,20080125,12,000
01672114,한국제11호기업인수목적 주식회사,436610,66199,20220620,12,000
00909835,(주)차이커뮤니케이션,351870,71310,20040622,12,000
00117027,(주)알루코,001780,24222,19560604,12,000
00159874,한국지주 주식회사,009760,64992,19740404,12,000
00111829,대웅바이오(주),016890,21100,19830415,03,000
00115427,(주)신동방CP,004660,10520,19660617,12,000
00116499,동신제약(주),006600,21212,19700409,12,000
01212383,(주)엔케이맥스,262760,21212,20160106,12,000
01014055,에스트래픽 주식회사,234300,6202,20130125,12,000
01817081,SK이터닉스(주),475150,411,20240304,12,000
00544577,브이엠(주),089970,29271,20020222,12,000
01807729,하나33호기업인수목적 주식회사,475250,66199,20240105,12,000
00120508,롯데푸드(주),002270,10422,19580110,12,000
00121251,(주)네오퍼플,028090,1089,19661125,12,000
00127024,(주)삼양엔텍,008720,29299,19730501,12,000
00503899,(주)사조해표,079660,108,20040901,12,000
00110875,대신정보통신(주),020180,62021,19870828,03,000
01494118,노을 주식회사,376930,27112,20151202,12,000
00132105,(주)삼양제넥스,003940,108,19640403,12,000
00132114,(주)선진지주,014300,1090,19790817,12,000
01018167,(주)캐로스,260490,29176,20090302,12,000
00138376,(주)쎄라텍,041550,26293,19890908,12,000
00139418,알루코(주),021570,26293,19890429,12,000
01765265,동국제강(주),460860,241,20230601,12,000
00149248,아세아페이퍼텍(주),009380,17105,19731101,12,000
00149840,중앙제지(주),005600,17105,19680621,12,000
00151252,에스와이(주),004530,1090,19660228,12,000
01251577,주식회사 휴네시온,290270,582,20031215,12,000
01815764,이베스트기업인수목적6호 주식회사,478110,661,20240228,12,000
00163682,메리츠증권(주),008560,66121,19730224,12,000
00154392,(주)에스트라,016570,10897,19821216,12,000
00409681,(주)아스트,067390,31322,20010420,12,000
01845701,교보16호기업인수목적 주식회사,482520,6619,20240415,12,000
00108490,(주)엔피케이,048830,20202,19870304,12,000
00150828,진흥기업(주),002780,41221,19590903,12,000
00164779,에스케이하이닉스(주),000660,2612,19491015,12,000
00260930,(주)에스엠엔터테인먼트,041510,59201,19950214,12,000
00171636,한솔홀딩스(주),004150,64992,19650119,12,000
00181712,SK(주),034730,64992,19910413,12,000
00632304,JW홀딩스(주),096760,64992,20070703,12,000
00198378,(주)녹십자셀,031390,21100,19920917,12,000
00238199,(주)로지시스,067730,62090,19960704,12,000
00159412,한국제지(주),002300,1710,19580225,12,000
00163044,한일약품공업(주),003040,21212,19601026,12,000
00164292,주식회사 동원데어리푸드,003900,10421,19631231,12,000
00208301,(주)성우몰드,053440,29293,19900106,12,000
00220446,(주)예일바이오텍,054250,29176,19890526,12,000
00653112,(주)미래자원엠엘,233190,1090,19980228,12,000
00414850,효성아이티엑스(주),094280,759,19970509,12,000
00874195,(주)코썬바이오,204990,10897,20060808,12,000
01658266,하나금융24호기업인수목적 주식회사,430230,66199,20220425,12,000
00945457,아이진(주),185490,70113,20000623,12,000
01276594,(주)신한알파위탁관리부동산투자회사,293940,6811,20171218,03,000
00115931,(주)디오,039840,27192,19880125,12,000
00604268,(주)에이프로,262260,289,20000627,12,000
01169498,(주)젬,248020,28410,20090816,12,000
00234449,(주)제이엠피,054790,29293,19950421,12,000
00587925,(주)모아라이프플러스,142760,701,19991230,12,000
00247939,(주)씨모스,037600,29293,19950509,12,000
01119387,이에스산업(주),241510,29193,20111101,12,000
00988364,에스지에이 솔루션즈(주),184230,582,20130905,12,000
00825223,(주)화신정공,126640,303,20100428,12,000
00148984,주식회사 시알홀딩스,000480,2321,19470515,12,000
00606293,(주)나이스디앤비,130580,75993,20021101,12,000
01798980,유안타제15호기업인수목적 주식회사,473050,66199,20231120,12,000
00652423,(주)인바이오젠,101140,46510,20080305,12,000
00252658,코리언일랙트로닉스파워소스(주),046810,26293,19850109,12,000
00127167,삼영무역(주),002810,46739,19591016,12,000
01138993,주식회사 원바이오젠,278380,21309,20060901,12,000
00857480,(주)사람인,143240,63120,20051007,12,000
00101664,(주)경보제약,214390,211,19870331,12,000
00249034,드림라인(주),035430,61210,19970731,12,000
00983040,(주)한진칼,180640,64992,20130801,12,000
01510489,프레스티지바이오파마,950210,70113,20150713,06,000
01203507,(주)에스엠비나,299670,14112,20151224,12,000
01232192,(주)티디에스팜,464280,21212,20021111,12,000
00209780,(주)케이씨,029460,27216,19870216,12,000
01181515,(주)엘앤씨바이오,290650,212,20110802,12,000
00390860,(주)대산에프앤비,065150,463,19950907,12,000
01233465,동국생명과학(주),303810,212,20170501,12,000
00265324,(주)씨제이이엔엠,035760,602,19941216,12,000
01014657,(주)비즈니스온커뮤니케이션,138580,58222,20071218,12,000
01658831,오름테라퓨틱 주식회사,475830,211,20160817,12,000
00352064,(주)프리엠스,053160,28123,19891128,12,000
00173069,주식회사 아진카인텍,011400,30320,19760517,12,000
01063237,(주)플럼라인생명과학,222670,701,20140102,12,000
00136226,신성델타테크(주),065350,28519,19871109,12,000
00682992,우리벤처파트너스(주),298870,649,20080627,12,000
00110547,링세오코리아 주식회사,003050,28302,19601121,12,000
00562245,주식회사 태웅로직스,124560,5299,19960120,12,000
00403793,(주)바이브컴퍼니,301300,58222,20000708,12,000
01113718,올릭스 주식회사,226950,70113,20100226,12,000
00295370,제이앤케이인더스트리(주),039230,272,19960619,12,000
00603348,(주)케이아이엔엑스,093320,63112,20000617,12,000
00369107,우리바이오(주),082850,108,20000525,12,000
01667592,키움제7호기업인수목적 주식회사,433530,66199,20220520,12,000
01142260,(주)에스엠씨지,460870,231,19981230,12,000
00258102,(주)지엔코,065060,141,19970531,12,000
00111689,아진전자부품(주),009320,303,19731013,12,000
00797364,케이씨코트렐(주),119650,291,20100106,12,000
00130408,(주)서산,079650,23322,19740216,12,000
01142400,주식회사 이루다,164060,27199,20061101,12,000
00364795,(주)레드로버,060300,59112,19960615,12,000
00129235,삼화왕관(주),004450,25991,19650502,12,000
01641600,주식회사 에이럭스,475580,33999,20151118,12,000
00471068,덕산하이메탈(주),077360,261,19990506,12,000
01064069,(주)토박스코리아,215480,474,20150224,12,000
01492651,주식회사 큐로셀,372320,70113,20161201,12,000
01803927,(주)에이유브랜즈,481070,47430,20220128,12,000
01572489,한화플러스제2호기업인수목적(주),386580,661,20210426,12,000
00766106,엣지파운드리(주),105550,2629,20060512,12,000
01204056,(주)하이브,352820,592,20050204,12,000
00113562,롯데손해보험(주),000400,65121,19460520,12,000
00226316,호전실업 주식회사,111110,14199,19850318,12,000
00577380,(주)신진에스엠,138070,259,20010718,12,000
01814233,미래에셋비전기업인수목적4호 주식회사,477380,66199,20240219,12,000
01594764,신한제9호기업인수목적 주식회사,405640,66199,20211008,12,000
01072518,(주)디피코,163430,302,19980701,12,000
01217014,(주)트윔,290090,58222,20100121,12,000
01381984,(주)스카이월드와이드,357880,58222,20131028,12,000
00160375,진양폴리우레탄(주),010640,22259,19750607,12,000
00164788,현대모비스(주),012330,303,19770701,12,000
00119672,(주)두올,016740,303,19830211,12,000
00330044,(주)캠시스,050110,262,19930130,12,000
01583652,(주)모니터랩,434480,58221,20050222,12,000
01074862,메가스터디교육(주),215200,85503,20000712,12,000
00124504,(주)포스코인터내셔널,047050,461,20001227,12,000
00128032,삼일제약(주),000520,212,19471007,12,000
00441243,(주)형지엘리트,093240,14112,20020425,06,000
01281541,(주)에피바이오텍,446440,70113,20151223,12,000
01814589,디비금융제12호기업인수목적 주식회사,477760,6491,20240223,12,000
00264255,(주)바텍,043150,271,19920404,12,000
00269922,(주)인바디,041830,27199,19960515,12,000
00225706,제이더블유생명과학(주),234080,212,19940510,12,000
00557508,그랜드코리아레저(주),114090,91249,20050906,12,000
01540453,(주)에이직랜드,445090,26112,20160411,12,000
00373021,테라사이언스(주),073640,25929,19931019,12,000
01866528,교보17호기업인수목적 주식회사,489210,661,20240717,12,000
00129013,CJ씨푸드(주),011150,108,19760315,12,000
00135795,(주)신도리코,029530,263,19600707,12,000
00161125,한온시스템(주),018880,29172,19860311,12,000
00596260,(주)투비소프트,079970,58221,20000710,12,000
00138792,아시아나항공(주),020560,511,19880217,12,000
00651901,에어부산 주식회사,298690,511,20070831,12,000
00490090,이지케어텍(주),099750,58222,20010207,03,000
01854408,신한제15호기업인수목적 주식회사,487830,661,20240621,12,000
01620713,교보12호기업인수목적 주식회사,421800,66199,20220215,12,000
01207901,(주)사이냅소프트,466410,58222,20000726,12,000
01847550,하나34호기업인수목적 주식회사,484130,66199,20240516,12,000
00121039,명문제약(주),017180,212,19830901,12,000
00458562,(주)에이티세미콘,089530,739,20010727,12,000
00159731,글로본(주),019660,468,19861220,12,000
01616808,키움제6호기업인수목적 주식회사,413600,661,20211202,12,000
00159193,한국전력공사(주),015760,35120,19610701,12,000
00105271,(주)케이씨씨,002380,20411,19580812,12,000
00123523,(주)창해에탄올,004650,11121,19660616,12,000
00124197,(주)세아제강지주,003030,64992,19601019,12,000
00264945,나이스정보통신(주),036800,61299,19880512,12,000
00276834,(주)케이엑스하이텍,052900,2224,19970305,12,000
00307897,신한카드(주),032710,64913,19851217,12,000
01205851,에이치디현대일렉트릭(주),267260,281,20170403,12,000
01236897,제일약품(주),271980,212,20170601,12,000
01010642,(주)지씨셀,144510,73909,20110621,12,000
01217829,주식회사엔에프씨,265740,20423,20120423,12,000
00108065,(주)에코바이브,015540,759,19810902,12,000
00317210,성호전자(주),043260,26291,19730513,12,000
00153278,(주)서연탑메탈,019770,292,19870205,12,000
01357765,(주)큐라티스,348080,70113,20160715,12,000
00260408,(주)팜스코,036580,105,19991001,12,000
00405959,(주)스타플렉스,115570,2221,19960711,12,000
01621280,케이비제21호기업인수목적 주식회사,424140,661,20220314,12,000
00351427,(주)와이즈넛,096250,58221,20000615,12,000
00415594,(주)동국에스엔씨,100130,2511,20010702,12,000
00362238,(주)휴비스,079980,20501,20001101,12,000
00441447,(주)케이씨티,089150,62021,20021214,12,000
00495086,(주)픽셀플러스,087600,2629,20000412,12,000
01003040,(주)케이사인,192250,58221,20131226,12,000
01807738,하나32호기업인수목적 주식회사,475240,66199,20240105,12,000
01283974,(주)삐아,451250,20423,20040311,12,000
00102432,계룡건설산업(주),013580,412,19781011,12,000
00230036,(주)드래곤플라이,030350,5821,19900322,12,000
00360036,(주)백금티앤에이,046310,2642,19961217,12,000
00567897,(주)에스비비테크,389500,291,20001118,12,000
00610490,비디아이(주),148140,291,19920618,12,000
00125150,SGC에너지(주),005090,351,19670627,12,000
00371485,(주)켐트로닉스,089010,204,19970401,12,000
01013694,인카금융서비스(주),211050,66202,20071022,12,000
01159853,(주)휴온스,243070,212,20160503,12,000
01310773,(주)엔시스,333620,28909,20060112,12,000
00386937,(주)국민은행,060000,64121,20011101,12,000
01179866,(주)에스지헬스케어,398120,27111,20090717,12,000
00453929,메디포스트(주),078160,211,20000626,12,000
00765462,씨에스베어링 주식회사,297090,29141,20071109,12,000
00670340,씨에스윈드(주),112610,2511,20060816,12,000
01624162,삼성기업인수목적6호 주식회사,425290,661,20220321,12,000
00239639,(주)삼표시멘트,038500,239,19901222,12,000
00532059,그린생명과학(주),114450,211,20050401,12,000
00580199,(주)메디톡스,086900,211,20000502,12,000
00877059,삼성바이오로직스(주),207940,211,20110422,12,000
00926522,테고사이언스(주),191420,211,20010320,12,000
00102618,계양전기(주),012200,291,19770427,12,000
00297095,나라엠앤디(주),051490,292,19990219,12,000
00141246,에스지씨이앤씨(주),016250,4112,19820914,12,000
00753643,(주)주성코퍼레이션,109070,264,20090225,12,000
00441128,(주)아리온테크놀로지,058220,264,19991028,12,000
01672053,케이비제22호기업인수목적 주식회사,436530,661,20220617,12,000
00104537,(주)국영지앤엠,006050,231,19690507,12,000
00105855,엘에스일렉트릭 주식회사,010120,28121,19740724,12,000
00143907,(주)원일특강,012620,24123,19771014,12,000
00185046,(주)에스엠컬처앤콘텐츠,048550,713,19800513,12,000
00918222,(주)엘앤케이바이오메드,156100,27194,20081222,12,000
00825959,(주)하이비젼시스템,126700,273,20100408,12,000
00144650,(주)유신,054930,72111,19660117,12,000
00299464,(주)초록뱀미디어,047820,59114,19980526,12,000
00602136,디와이피엔에프(주),104460,29163,19990701,12,000
00120571,롯데칠성음료(주),005300,11209,19671129,12,000
00220969,(주)오공,045060,20493,19740912,12,000
00236863,(주)희림종합건축사사무소,037440,72111,19960730,12,000
00313649,현대바이오사이언스(주),048410,204,20000525,12,000
00231363,(주)LG유플러스,032640,61220,19960711,12,000
00487546,(주)웰크론한텍,076080,411,19950112,12,000
00303873,씨제이씨지브이(주),079160,59141,19990330,12,000
00617314,주식회사 타이거일렉,219130,2622,20000728,12,000
01766167,케이비제26호기업인수목적(주),458320,66199,20230425,12,000
00450931,우양에이치씨(주),101970,2512,19961001,12,000
00291231,(주)우전,052270,262,19970905,12,000
00161383,한미반도체(주),042700,29271,19801224,12,000
00172680,동국산업(주),005160,24122,19670901,12,000
00104388,국도화학(주),007690,20111,19720222,12,000
00288343,삼영이엔씨(주),065570,26429,19950206,12,000
00111999,대원제약(주),003220,212,19610809,12,000
00870481,에코캡 주식회사,128540,303,20070816,12,000
01047169,(주)지란지교시큐리티,208350,582,20140930,12,000
01078178,알에프에이치아이씨(주),218410,264,20150414,12,000
01095722,(주)심텍,222800,2622,20150701,12,000
01288410,주식회사 셀바이오휴먼텍,318160,139,20150707,12,000
01538528,(주)에이에스텍,453860,20499,20050315,12,000
01770203,조선내화 주식회사,462520,2321,20230704,12,000
01138595,뱅크웨어글로벌(주),199480,58222,20100603,12,000
00132202,선진뷰티사이언스(주),086710,20499,19880601,12,000
01139035,주식회사 티에스아이,277880,292,20110701,12,000
01544468,이엔셀(주),456070,211,20180321,12,000
00367400,모티브링크(주),463480,26294,19770321,12,000
00113410,씨제이대한통운(주),000120,493,19301115,12,000
00216762,한양이엔지(주),045100,721,19880711,12,000
00131850,SK증권(주),001510,66121,19550730,12,000
00536523,(주)로보스타,090360,29280,19990226,12,000
00660750,하나머티리얼즈(주),166090,2612,20070123,12,000
01208751,(주)아이에스티이,212710,261,20130828,12,000
00159005,생고뱅코리아홀딩스 주식회사,002000,64992,19570325,12,000
01866926,케이비제31호기업인수목적(주),492220,66199,20240902,12,000
01695498,이브이파킹서비스(주),419700,465,20210901,12,000
00534701,(주)세아메카닉스,396300,259,19990901,12,000
00124540,(주)대우건설,047040,41112,20001227,12,000
01663055,한화플러스제3호기업인수목적(주),430460,661,20220428,12,000
01857991,디비금융제13호기업인수목적 주식회사,489730,649,20240726,12,000
00861720,(주)이즈미디어,181340,27212,20021120,12,000
01316245,효성중공업(주),298040,281,20180604,12,000
01370863,주식회사 그린리소스,402490,261,20110406,12,000
01574760,신한제8호기업인수목적 주식회사,393360,661,20210616,12,000
00528791,(주)제일엠앤에스,412540,292,19860225,12,000
00629212,(주)딜리,131180,26323,19960215,12,000
00111810,(주)대웅,003090,212,19610110,12,000
01259056,(주)애닉,299910,5821,20130509,12,000
00259545,(주)엠에스오토텍,123040,303,19900906,12,000
01208821,(주)팡스카이,266350,5821,20121004,12,000
00159209,한국전력기술(주),052690,72129,19751001,12,000
00868705,(주)윈스테크넷,136540,62021,20110105,12,000
00821607,(주)알톤,123750,31991,20100325,12,000
00155124,평화홀딩스(주),010770,303,19501030,12,000
00258801,(주)카카오,035720,63120,19950216,12,000
00297989,(주)오르비텍,046120,7291,19910305,12,000
00357360,한세엠케이(주),069640,4741,19950331,12,000
00338170,(주)이닉스,452400,30399,19840507,12,000
00390055,(주)종근당바이오,063160,212,20011112,12,000
00427483,(주)대웅제약,069620,212,20021001,12,000
00397191,(주)팬엔터테인먼트,068050,59114,19980403,12,000
00445054,하나마이크론(주),067310,2611,20010823,12,000
00155638,피에스텍(주),002230,27214,19571212,12,000
01302853,(주)아이씨에이치,368600,262,20120814,12,000
01804476,유안타제16호기업인수목적 주식회사,474490,661,20231206,12,000
00155319,포스코홀딩스(주),005490,2411,19680401,12,000
00157681,롯데정밀화학(주),004000,20119,19640827,12,000
00939687,동일고무벨트(주),163560,2219,20121005,12,000
00540641,(주)동양고속,084670,49220,20050704,12,000
00684802,주식회사 에이플러스에셋어드바이저,244920,66202,20070607,12,000
00872984,(주)이마트,139480,471,20110503,12,000
01385050,(주)넥스트바이오메디컬,389650,27199,20140801,12,000
00663669,(주)폴라리스우노,114630,20501,19990719,12,000
00385336,(주)홈캐스트,064240,467,20000427,12,000
00217947,신세계건설(주),034300,4112,19910320,12,000
00672603,(주)케이엔알시스템,199430,272,20000715,12,000
00113191,코리안리재보험(주),003690,65200,19630319,12,000
00103644,(주)비츠로테크,042370,64992,19680130,12,000
00126487,주식회사 에프앤에프홀딩스,007700,64992,19720224,12,000
00141389,케이젯정밀(주),036560,29120,19830120,12,000
00219486,(주)신세계아이앤씨,035510,62021,19970429,12,000
01568413,주식회사 에프앤에프,383220,14111,20210503,12,000
01880801,케이비발해인프라투융자회사,415640,642,20060124,12,000
00207375,대한뉴팜(주),054670,212,19841020,12,000
01765256,동국씨엠 주식회사,460850,24122,20230601,12,000
01519790,주식회사 엠앤씨솔루션,484870,292,20201201,12,000
00623184,(주)오늘이엔엠,192410,2642,19971015,12,000
01516766,(주)아이비젼웍스,469750,292,20150420,12,000
00527011,주식회사 엘비루셈,376190,2611,20040707,12,000
00132725,에스비성보(주),003080,2032,19610106,12,000
00878517,(주)에스케이씨에스,224020,22291,20040806,12,000
01276026,(주)지놈앤컴퍼니,314130,211,20150924,12,000
01358463,현대무벡스(주),319400,291,20190218,12,000
01368354,주식회사 네패스아크,330860,739,20190401,12,000
01270749,(주)웨이비스,289930,261,20170502,12,000
01011526,(주)엔켐,348370,20119,20120216,12,000
00164308,주식회사 이마트에브리데이,010090,47121,19740711,12,000
01085026,(주)유진테크놀로지,240600,259,20100519,12,000
01186404,주식회사 디앤씨미디어,263720,581,20120104,12,000
00310156,(주)셀루메드,049180,211,19850430,12,000
00929228,(주)엔에스컴퍼니,224760,412,19941024,12,000
01747977,(주)엘케이켐,489500,20499,20071101,12,000
01671601,(주)카이바이오텍,446600,212,20121218,12,000
00166175,(주)대호특수강,021040,24123,19880902,12,000
01082348,(주)오스테오닉,226400,27199,20120309,12,000
00138321,신한투자증권 (주),008670,66121,19730402,12,000
00877174,(주)마크로밀엠브레인,169330,71400,19981012,06,000
00119007,무림피앤피(주),009580,171,19740116,12,000
00121507,무림에스피(주),001810,171,19560726,12,000
01373709,아이씨티케이 주식회사,456010,261,20171018,12,000
00156956,한국기업평가(주),034950,75993,19831229,12,000
00304401,(주)텔라움,047730,2642,19930507,12,000
00348788,디이시스주식회사,053200,2812,19790317,12,000
00136086,무림페이퍼(주),009200,171,19730829,12,000
00317681,(주)메타바이오메드,059210,213,19990701,12,000
00326731,(주)바이오니아,064550,213,19920828,12,000
00349060,한스바이오메드(주),042520,213,19990915,09,000
00447007,알리코제약(주),260660,213,19921228,12,000
00608440,(주)티앤엘,340570,213,19980609,12,000
00767628,(주)나이벡,138610,213,20040220,12,000
00971726,(주)옵티팜,153710,213,20000727,12,000
01063954,(주)수젠텍,253840,213,20111209,12,000
00226547,오상자이엘(주),053980,582,19930312,12,000
01161432,(주)레이저옵텍,199550,27112,20000726,12,000
01784394,(주)STX 그린 로지스,465770,501,20230901,12,000
00108038,엔피씨(주),004250,22232,19650529,12,000
00228059,(주)휴온스글로벌,084110,212,19870710,12,000
00242934,(주)케이엠,083550,139,19890928,12,000
01152470,주식회사 펄어비스,263750,58211,20100910,12,000
01569838,유진기업인수목적7호 주식회사,388800,66199,20210513,12,000
01700587,(주)이노스페이스,462350,31311,20170919,12,000
00247975,솔브레인홀딩스(주),036830,715,19860506,12,000
01663639,유안타제9호기업인수목적 주식회사,430700,66199,20220504,12,000
01275489,주식회사 셀비온,308430,212,20100721,12,000
00962393,(주)포인트모바일,318020,263,20060728,12,000
00764807,(주)골프존클라우드,183410,27211,20031210,12,000
00158909,주식회사 하나은행,004940,64121,19670130,12,000
00763358,(주)스마트솔루션즈,136510,29272,20001013,12,000
01801822,에스케이증권제13호기업인수목적 주식회사,473950,66199,20231130,12,000
00109754,대림바스 주식회사,005750,23222,19680920,12,000
00521390,(주)뉴파워프라즈마,144960,29271,19991007,12,000
00878915,(주)아이엠금융지주,139130,64992,20110517,12,000
00263654,(주)오스코텍,039200,212,19981208,12,000
00983916,에이치엘비제넥스(주),187420,211,20000329,12,000
01877126,키움제10호기업인수목적 주식회사,487720,661,20240620,12,000
00256955,(주)테이팩스,055490,2229,19940801,12,000
00128412,삼진제약(주),005500,212,19680418,12,000
00164973,현대해상화재보험(주),001450,65121,19550305,12,000
00606770,참좋은여행(주),094850,752,20070220,12,000
01592049,주식회사 엔젤로보틱스,455900,29280,20170210,12,000
00536541,(주)에코프로,086520,64992,19981022,12,000
00492353,(주)파이오링크,170790,26410,20000726,12,000
00374738,(주)위세아이텍,065370,58221,19900927,12,000
01817249,미래에셋비전기업인수목적5호 주식회사,477470,66199,20240222,12,000
01250374,(주)에스에스알,275630,582,20100827,12,000
00353230,(주)프리젠,060910,01299,20000328,12,000
01051472,(주)젠큐릭스,229000,213,20110921,12,000
00688996,(주)KB금융지주,105560,64992,20080929,12,000
00296078,(주)에이피에스,054620,64992,19960829,12,000
00871833,에스티팜(주),237690,212,20080818,12,000
01686427,(주)에스오에스랩,464080,27211,20160622,12,000
01412938,베른 주식회사,322190,30201,20180321,12,000
00151128,(주)모토닉,009680,303,19740307,12,000
01586172,하이제7호기업인수목적 주식회사,400840,66199,20210830,12,000
01834194,엔에이치기업인수목적31호(주),481890,661,20240415,12,000
01675014,대신밸런스제13호기업인수목적(주),438220,66199,20220705,12,000
01845534,대신밸런스제19호기업인수목적(주),482690,66199,20240425,12,000
01445440,(주)위츠,459100,26299,20190404,12,000
01498576,(주)유디엠텍,389680,58222,20070528,12,000
00155355,(주)풀무원,017810,108,19840531,12,000
00300405,(주)오리엔트정공,065500,303,19870625,12,000
00150439,진양산업(주),003780,2225,19630718,12,000
00112998,서울보증보험(주),031210,65122,19690219,12,000
00277736,한일네트웍스(주),046110,63112,19980826,12,000
00661847,(주)화인베스틸,133820,24121,20070918,12,000
01105153,두산로보틱스 주식회사,454910,2928,20150731,12,000
00960641,한국투자패러랠유전해외자원개발특별자산투자회사1호(지분증권),168490,64209,20120613,03,000
00447575,(주)제이앤티씨,204270,262,19961101,12,000
00480783,상신이디피(주),091580,28202,19920128,12,000
01590528,(주)아스테라시스,450950,27112,20150707,12,000
00526599,(주)덴티움,145720,27191,20000607,12,000
01612608,신영해피투모로우제7호기업인수목적 주식회사,419270,66199,20220119,12,000
01678312,아이빔테크놀로지(주),460470,27309,20170623,12,000
01873272,키움제11호기업인수목적 주식회사,489480,66199,20240722,12,000
01374717,(주)미트박스글로벌,475460,639,20140519,12,000
01872219,유안타제17호기업인수목적 주식회사,493790,66199,20240913,12,000
00186799,(주)태웅,044490,25912,19870619,12,000
00965813,(주)미투온,201490,5821,20100601,12,000
01168143,케이만금세기차륜집단유한공사,900280,64992,20140903,12,000
00486705,아주스틸(주),139990,2419,19991029,12,000
01619513,엔에이치기업인수목적23호 주식회사,422040,66199,20220217,12,000
00321204,지에이이노더스(주),076340,421,19980727,12,000
00527002,(주)화인써키트,127980,262,19910110,12,000
01492217,(주)엑셀세라퓨틱스,373110,211,20150914,12,000
00173698,신일전자(주),002700,46521,19590714,12,000
01020524,자이글(주),234920,28511,20081230,12,000
00161408,케이비캐피탈(주),021960,64911,19890912,12,000
00114792,동국홀딩스(주),001230,649,19540707,12,000
00135999,신라섬유(주),001000,681,19760308,12,000
01458161,주식회사 티엑스알로보틱스,484810,291,20170711,12,000
00126186,삼성에스디에스(주),018260,62021,19850501,12,000
00107987,남해화학(주),025860,20312,19740508,12,000
00863533,(주)삼양엔씨켐,482630,20499,20080306,12,000
00223762,(주)케이티지니뮤직,043610,603,19910207,12,000
01526806,(주)삼기에너지솔루션즈,419050,303,20201012,12,000
01688896,삼성에프엔위탁관리부동산투자회사 주식회사,448730,6811,20220726,01,000
01854392,유진기업인수목적11호 주식회사,488060,66199,20240625,12,000
00958327,(주)지앤비에스 에코,382800,29271,20050404,12,000
00156442,(주)한국가구,004590,478,19660520,12,000
00206686,(주)케이피엠테크,042040,467,19781228,12,000
00216647,(주)원익홀딩스,030530,201,19910919,12,000
00222435,제이엠아이(주),033050,204,19930220,12,000
00267854,메디앙스(주),014100,468,19790428,12,000
00346407,(주)크레오에스지,040350,620,19970424,12,000
01728167,(주)아이지넷,462980,63991,20140516,12,000
01881800,한화플러스제5호기업인수목적(주),498390,661,20241030,12,000
00657002,(주)에이디테크놀로지,200710,2611,20020823,12,000
00141671,(주)오리콤,010470,71310,19750224,12,000
00149354,(주)종근당홀딩스,001630,212,19560110,12,000
00152862,(주)코오롱,002020,64992,19570412,12,000
00357740,엔에이치엔케이씨피 주식회사,060250,661,19941228,12,000
00384762,(주)파커스,065690,221,19870623,12,000
00466428,(주)아미노로직스,074430,211,19970903,12,000
00129509,(주)한익스프레스,014130,49301,19790515,12,000
01372782,(주)엑스게이트,356680,58221,20101210,12,000
01453944,(주)벡트,457600,26519,20060330,12,000
00223513,제이씨현시스템(주),033320,46510,19910511,12,000
00121534,(주)MH에탄올,023150,11121,19780704,12,000
00366845,(주)탑엔지니어링,065130,29272,19931113,12,000
00126292,삼성카드(주),029780,64913,19830324,12,000
00137252,사조동아원(주),008040,105,19720726,12,000
01796858,신영해피투모로우제10호기업인수목적 주식회사,472220,66199,20231102,12,000
00140177,(주)지에스리테일,007070,47122,19710213,12,000
01813377,에이치엠씨아이비제7호기업인수목적(주),477340,66199,20240215,12,000
00150633,(주)지누스,013890,320,19790308,12,000
00556907,(주)에이스테크놀로지,088800,2642,20060302,12,000
00665676,(주)아시아경제,127710,63120,20050620,12,000
00666204,제너셈(주),217190,29271,20001121,12,000
00799539,(주)제노레이,122310,27111,20010412,12,000
01105621,(주)엔투텍,227950,292,20150904,12,000
01112889,(주)피엔에이치테크,239890,20119,20090824,12,000
00355089,(주)토탈소프트뱅크,045340,58221,19890114,12,000
00958664,주식회사 신스틸,162300,241,20080908,12,000
00140168,(주)에이치에스애드,035000,71310,19840530,12,000
01262458,동아타이어공업주식회사,282690,221,20171102,12,000
01423916,주식회사 온코크로스,382150,70111,20150622,12,000
01444380,(주)에이텀,355690,262,20160215,12,000
01472930,오브젠 주식회사,417860,58222,20000428,12,000
01579570,시큐레터 주식회사,418250,58221,20150910,12,000
01093007,엘에스에코에너지 주식회사,229640,64992,20150515,12,000
01203808,에이피시스템(주),265520,29272,20170302,12,000
01616482,신한제10호기업인수목적 주식회사,418210,661,20220106,12,000
00765897,한국피아이엠(주),448900,303,20010414,12,000
00301112,(주)삼화네트웍스,046390,59120,19911012,12,000
01408999,(주)웨이버스,336060,582,20190904,12,000
01023211,와이제이링크(주),209640,29299,20090616,12,000
00155258,포스코스틸리온(주),058430,2419,19880215,12,000
00155276,(주)포스코퓨처엠,003670,282,19710513,12,000
00204208,(주)마니커,027740,1012,19850927,12,000
00377610,(주)세아홀딩스,058650,241,20010701,12,000
01032413,해성디에스(주),195870,262,20140306,12,000
01316254,에이치에스효성첨단소재(주),298050,205,20180604,12,000
00927558,(주)유바이오로직스,206650,212,20100310,12,000
00414540,대주이엔티(주),114920,2413,19890529,12,000
00574611,에스디엔(주),099220,4659,19940318,12,000
00613318,(주)와이지엔터테인먼트,122870,59201,19980224,12,000
00127699,유네코(주),064510,292,19820805,12,000
00638539,(주)앤에스,126870,29174,20000509,12,000
01363924,(주)한국미라클피플사,331660,20422,20140529,12,000
01563922,(주)엠오티,413390,29299,20190307,12,000
01819867,미래에셋비전기업인수목적6호 주식회사,478440,66199,20240305,12,000
00423609,(주)LG생명과학,068870,21212,20020801,12,000
00113234,대한제당(주),001790,105,19560706,12,000
00140566,(주)한탑,002680,105,19590626,12,000
00121941,대상(주),001680,108,19560131,12,000
00192499,(주)팜스토리,027710,109,19910417,12,000
00241209,(주)모아텍,033200,2629,19890306,03,000
00242378,(주)이지홀딩스,035810,109,19880314,12,000
00370006,(주)아이엠비씨,052220,603,20000311,12,000
00142661,(주)우성,006980,105,19701230,12,000
01226270,(주)스톰테크,352090,22211,19991008,12,000
00156691,한국공항(주),005430,52939,19680220,12,000
00158149,한국쉘석유(주),002960,19221,19600705,12,000
00303794,(주)쇼박스,086980,59130,19990610,12,000
00875307,(주)야스,255440,29272,20020411,12,000
00127158,(주)씨아이테크,004920,26529,19670117,12,000
00220622,서호전기(주),065710,28123,19880923,12,000
00446831,(주)세실,084450,21100,19910408,12,000
01714997,(주)신한글로벌액티브위탁관리부동산투자회사,481850,64201,20220317,02,000
00681373,(주)디지캡,197140,58221,20000401,12,000
01353024,(주)티에스트릴리온,317240,204,20190111,12,000
00445841,(주)MDS테크,086960,58221,19981229,12,000
00446479,신비앤텍(주),070480,29271,20000522,12,000
00370255,(주)테크엘,064520,2612,19980217,12,000
00298447,(주)아모텍,052710,2629,19941019,12,000
00863038,(주)캐리,313760,2811,20030821,12,000
00291152,(주)디비엘,041500,21309,19930415,12,000
01492688,주식회사 드림인사이트,362990,71310,20120820,12,000
01841635,미래에셋비전기업인수목적7호 주식회사,482680,66199,20240430,12,000
01153105,비비씨 주식회사,318410,204,20080619,12,000
00816933,(주)진영,285800,2221,19960109,12,000
00149345,(주)조흥,002600,108,19590211,12,000
00449254,주식회사쎄트렉아이,099320,3131,19991229,12,000
00545734,아미코젠(주),092040,108,20000529,12,000
00560849,(주)에스앤디,260970,108,19981215,12,000
00428321,해태제과식품주식회사,101530,108,20010711,12,000
00397252,(주)조이시티,067000,5821,19940530,12,000
00435969,(주)인피니트헬스케어,071200,582,20021230,12,000
01604371,상상인제3호기업인수목적 주식회사,415580,661,20211214,12,000
00108913,(주)대교,019680,851,19861220,12,000
00254045,(주)우리은행,000030,64121,18990130,12,000
00929778,(주)배터리솔루션즈,199870,24213,20101117,12,000
01117918,(주)셀젠텍,258250,582,20020802,12,000
01168684,스튜디오드래곤(주),253450,59114,20160503,12,000
00576798,디아이티(주),110990,29272,20050930,12,000
00592653,유비벨록스(주),089850,58221,20000901,12,000
00116824,동아쏘시오홀딩스(주),000640,64992,19490809,12,000
00104102,우리종합금융(주),010050,64919,19740629,12,000
00956930,동아에스티(주),170900,212,20130304,12,000
01601222,씨피시스템(주),413630,222,20211201,12,000
00301015,한서제약(주),044070,21212,19841212,12,000
00301626,플래닛팔이(주),057330,26293,19921215,12,000
00299844,미래반도체(주),254490,467,19960104,12,000
00650771,하이젠알앤엠 주식회사,160190,28111,20070928,12,000
00579139,한국맥널티(주),222980,108,19971219,12,000
00855093,(주)선진,136490,109,20110104,12,000
00986898,주식회사 팜스빌,318010,108,20000315,12,000
01167056,샘표식품(주),248170,108,20160704,12,000
01205329,(주)크라운제과,264900,106,20170302,12,000
01613281,하나금융22호기업인수목적 주식회사,418170,661,20220113,12,000
01632912,온코닉테라퓨틱스(주),476060,701,20200507,12,000
00101488,(주)경동나비엔,009450,28520,19781113,12,000
00107066,남광토건(주),001260,41221,19540805,12,000
00158565,한국알콜산업(주),017890,204,19840727,12,000
00118026,동원산업(주),006040,64992,19690416,12,000
00184667,유진기업(주),023410,23322,19840613,12,000
00200910,(주)아이즈비전,031310,612,19920909,12,000
00125521,에스엘(주),005850,303,19681107,12,000
00131832,에스케이디스커버리(주),006120,64992,19690701,12,000
00329093,(주)코데즈컴바인,047770,141,19950816,12,000
00528515,한라아이엠에스(주),092460,31114,19950713,12,000
00145190,유화증권(주),003460,66121,19620602,12,000
01851650,케이비제30호기업인수목적(주),486630,66199,20240610,12,000
00910202,대동고려삼(주),178600,108,20020326,06,000
00317089,(주)한국애보트진단,066930,21309,19990202,12,000
00442154,제이엔케이글로벌(주),126880,291,19980928,12,000
01085187,(주)씨알푸드,236030,105,20070919,12,000
01453670,(주)휴럼,353190,108,20200331,12,000
00101549,경동제약(주),011040,212,19760212,12,000
00103015,고려제약(주),014570,212,19800110,12,000
00113128,대한약품공업(주),023910,212,19630511,12,000
00114686,(주)동구바이오제약,006620,212,19830701,12,000
00114808,동국제약(주),086450,212,19681015,12,000
00455981,에스엔유프리시젼(주),080000,292,19980220,12,000
00540863,(주)글로벌스탠다드테크놀로지,083450,29271,20011012,12,000
00156488,(주)휴스틸,005010,2413,19670418,12,000
00614478,(주)휴메딕스,200670,212,20030227,12,000
00656289,코스맥스엔비티(주),222040,108,20020102,12,000
00991298,(주)씨이랩,189330,582,20100727,12,000
00163761,(주)한창제지,009460,171,19731206,12,000
00106614,기신정기(주),092440,29293,19881101,03,000
00557933,(주)진도,088790,467,20060303,12,000
01663569,(주)하스,450330,21309,20080104,12,000
01018617,(주)메디쎄이,200580,27199,20031014,12,000
01110182,(주)에스씨엘사이언스,246960,213,20100419,12,000
00122551,(주)백산,035150,22214,19861006,12,000
00140946,한솔로지스틱스(주),009180,5299,19730814,12,000
00139205,안국약품(주),001540,212,19590212,12,000
00534598,주식회사 한컴라이프케어,372910,27199,19711221,12,000
00329084,(주)비엔디,047940,1090,19921229,12,000
00334493,(주)씨티앤티,050470,71399,19971128,12,000
00334615,콜마파마(주),038710,21212,19920619,12,000
00349787,(주)지케이파워,054020,26292,19991201,12,000
00577016,(주)수산아이앤티,050960,582,19980303,12,000
00123718,부광약품(주),003000,212,19601017,12,000
00126414,삼성제약(주),001360,212,19290815,12,000
00126788,삼아제약(주),009300,212,19731004,12,000
00136448,신신제약(주),002800,212,19590909,12,000
00137058,신일제약(주),012790,212,19771216,12,000
00141149,영진약품(주),003520,212,19620716,12,000
00144818,(주)유유제약,000220,212,19410228,12,000
00158963,한국유나이티드제약(주),033270,212,19871203,12,000
00161046,(주)한독,002390,212,19540701,12,000
00167192,(주)넥센,005720,221,19680910,12,000
01098792,(주)본느,226340,204,20150728,12,000
01181807,(주)형지글로벌,308100,4741,20160801,12,000
01211232,주식회사 코윈테크,282880,292,19981016,12,000
00854997,에스디바이오센서(주),137310,27112,20101227,12,000
00157399,한솔테크닉스(주),004710,26299,19660820,12,000
00549925,(주)루트로닉,085370,27199,19970708,12,000
00356158,(주)영진코퍼레이션,053330,29176,19860325,12,000
01605282,(주)닷밀,464580,591,20151229,12,000
00164706,현대약품(주),004310,212,19650716,11,000
00166573,환인제약(주),016580,212,19821216,12,000
00210740,대화제약(주),067080,212,19890119,12,000
00216027,(주)바이넥스,053030,212,19850605,12,000
00231831,조아제약(주),034940,212,19960315,12,000
00256043,(주)비씨월드제약,200780,212,19800319,12,000
00533809,주식회사 바스칸바이오제약,354390,212,19860325,12,000
00541349,(주)셀트리온제약,068760,212,20001117,12,000
00765851,위더스제약(주),330350,212,20040819,12,000
00359395,(주)헬릭스미스,084990,70113,19961121,12,000
01601286,미래에셋비전기업인수목적1호 주식회사,412930,66199,20211123,12,000
00937324,한국타이어앤테크놀로지(주),161390,221,20120901,12,000
01245062,코오롱티슈진(주),950160,211,19990609,12,000
01108099,현대코퍼레이션홀딩스(주),227840,463,20151002,12,000
00537221,인바이츠바이오코아(주),216400,70113,20010530,12,000
01290381,피엔케이피부임상연구센타(주),347740,739,20101007,12,000
00446901,코칩(주),126730,2629,19940623,12,000
01798722,에스케이증권제12호기업인수목적 주식회사,473000,66199,20231116,12,000
00992871,(주)종근당,185750,212,20131105,12,000
01012066,에이치케이이노엔 주식회사,195940,212,20140401,12,000
00148832,(주)제주은행,006220,64121,19690919,12,000
00109310,대동기어(주),008830,292,19730529,12,000
00128111,(주)포스코엠텍,009520,24199,19731227,12,000
00130763,서울반도체(주),046890,2612,19870305,12,000
00219574,코스맥스비티아이(주),044820,64992,19921112,12,000
00153375,(주)태광,023160,2413,19820901,12,000
00156910,에스비아이인베스트먼트(주),019550,64209,19861124,12,000
00589127,(주)케이이씨,092220,2612,20060912,12,000
01009789,코스맥스(주),192820,20423,20140303,12,000
01412725,두산퓨얼셀 주식회사,336260,28111,20191001,12,000
00488402,서울바이오시스(주),092190,2612,20020125,12,000
00245898,에스에이치엔엘(주),050320,259,19950809,12,000
00668965,(주)지오엘리먼트,311320,262,20050503,12,000
01573974,엔에이치기업인수목적20호(주),391060,661,20210607,12,000
00249894,(주)테라젠이텍스,066700,212,19900927,12,000
01165155,(주)모비스,250060,620,20160701,12,000
00184889,(주)이건홀딩스,039020,161,19880414,12,000
00899556,제룡산업(주),147830,251,20111104,12,000
01807747,신한제13호기업인수목적주식회사,474930,661,20231221,12,000
01809569,신한제12호기업인수목적 주식회사,474660,66199,20231214,12,000
00188122,(주)남산물산,036280,10899,19850704,12,000
00109453,주식회사 케이조선,067250,3111,19670410,12,000
00117966,(주)동원개발,013120,41112,19780331,12,000
00122481,(주)태경비케이,014580,23312,19800122,12,000
01274329,성일하이텍 주식회사,365340,201,20170329,12,000
00162072,한신기계공업(주),011700,29132,19761123,12,000
01689266,(주)케이쓰리아이,431190,582,20000307,12,000
00121154,(주)엠에스씨,009780,108,19740412,12,000
00141307,(주)영풍,000670,24213,19491125,12,000
00158219,시그네틱스(주),033170,2612,19660912,12,000
00205003,(주)좋은사람들,033340,14120,19930501,12,000
00157991,한국석유공업(주),004090,23999,19641211,12,000
00259590,(주)바른손이앤에이,035620,591,19961220,12,000
00262266,(주)삼현,437730,303,19880901,12,000
00267906,베뉴지(주),019010,47111,19790427,12,000
00203315,(주)콘텐트리중앙,036420,591,19870928,12,000
01008762,데브시스터즈(주),194480,58212,20070530,12,000
00175173,(주)오스템,031510,303,19900307,12,000
00253985,(주)국보디자인,066620,424,19880302,12,000
00126779,삼아알미늄(주),006110,24222,19690625,12,000
00138516,아남전자(주),008700,265,19730420,12,000
00191472,KPX케미칼(주),025000,20119,19740701,12,000
00788773,(주)씨젠,096530,2130,20000918,12,000
01582228,교보11호기업인수목적 주식회사,397880,661,20210804,12,000
01553129,주식회사 제이투케이바이오,420570,20423,20161227,12,000
00367376,(주)사이노젠,064060,29175,19901227,12,000
00104856,삼성증권(주),016360,66121,19821019,12,000
00105961,엘지이노텍(주),011070,262,19760224,12,000
00126256,삼성생명보험(주),032830,65110,19570404,12,000
00415707,(주)엔텔스,069410,58221,20000719,12,000
00126478,삼성중공업(주),010140,3111,19740805,12,000
00136378,(주)신세계,004170,47111,19551209,12,000
00137997,현대차증권(주),001500,66121,19550726,12,000
00166519,화천기공(주),000850,29223,19771011,12,000
01663116,㈜에어레인,163280,29175,20010303,12,000
00400121,(주)유아이디,069330,26211,19900518,12,000
00166333,(주)화신테크,086250,29293,19850506,12,000
00819374,(주)나무가,190510,262,20041014,12,000
01109070,주식회사 비피도,238200,108,19991012,12,000
01593242,하나금융21호기업인수목적 주식회사,406760,66199,20211012,12,000
00148470,제일일렉트릭(주),199820,28123,19800822,12,000
01436558,주식회사 신한서부티엔디위탁관리부동산투자회사,404990,68112,20200102,12,000
00103006,고려제강(주),002240,2411,19450922,12,000
00105466,(주)케이씨씨건설,021320,41112,19890127,12,000
00109037,대성창업투자(주),027830,64209,19870822,12,000
00113614,(주)대현,016090,14112,19820525,12,000
00525934,(주)엘엑스세미콘,108320,2612,19991111,12,000
00146861,자화전자(주),033240,26292,19870201,12,000
00317104,(주)라이온켐텍,171120,2049,19821124,12,000
00346610,(주)시지메드텍,056090,27192,19970821,12,000
00372226,(주)티에스이,131290,27212,19950831,12,000
00361488,텔코웨어(주),078000,631,20000111,12,000
00852087,(주)시디즈,134790,32029,20101216,12,000
00494476,(주)이녹스,088390,319,20011108,12,000
00535481,에스와이(주),109610,25112,20000929,12,000
00540447,(주)유니테스트,086390,29271,20000321,12,000
01493793,주식회사 코셈,360350,27219,20070613,12,000
01448544,(주)셀로맥스사이언스,471820,10897,20141022,12,000
00355548,(주)한국테크놀로지,053590,264,19970722,12,000
01114559,(주)씨엔티드림,286000,20423,20110216,12,000
00117188,(주)효성,004800,649,19661103,12,000
00117601,유안타증권(주),003470,66121,19620604,12,000
00169215,(주)에너토크,019990,29133,19870516,12,000
00187725,(주)코콤,015710,26410,19800115,12,000
00131939,선도전기(주),007610,28123,19720122,12,000
00159573,한국주철관공업(주),000970,24131,19530427,12,000
00246620,(주)케이엘넷,039420,61299,19940330,12,000
00477257,지나인제약(주),078650,27301,19991103,12,000
00273615,비케이탑스(주),030790,620,19910330,12,000
01128622,(주)이스트에이드,239340,631,20160212,12,000
00129642,상신브레이크(주),041650,303,19750813,12,000
00137368,(주)신풍,002870,467,19600106,12,000
00547510,(주)툴젠,199800,701,19991008,12,000
00573269,주식회사에스코넥,096630,26422,20000111,12,000
00657987,(주)케이엑스이노베이션,122450,60221,20001019,12,000
00675594,(주)디티앤씨,187220,729,20001018,12,000
01217795,엠에프씨(주),432980,21100,20080307,12,000
01237540,(주)이녹스첨단소재,272290,2629,20170601,12,000
01390399,솔트웨어 주식회사,328380,620,20190604,12,000
00367604,(주)에스엠라이프디자인그룹,063440,182,19981229,12,000
00125743,현대비앤지스틸(주),004560,24122,19660407,12,000
00656951,(주)현대이지웰,090850,58222,20030114,12,000
00130684,서울도시가스(주),017390,35200,19831128,12,000
00155212,(주)포스코디엑스,022100,72129,19891118,12,000
01027828,(주)퓨릿,445180,20119,20100104,12,000
00250137,(주)와이어블,065530,61299,19961230,12,000
00261957,한국정보공학(주),039740,467,19901210,12,000
00269889,(주)누리플렉스,040160,58221,19940418,12,000
00408336,(주)인산가,062580,108,19920302,12,000
01025644,주식회사 강스템바이오텍,217730,211,20101029,12,000
00475985,(주)시너지이노베이션,048870,271,19980402,12,000
00138598,아비코전자(주),036010,26293,19731019,12,000
00297448,(주)플래스크,041590,424,19981228,12,000
00578130,아퓨어스 주식회사,149300,701,20010705,12,000
01118281,(주)피플바이오,304840,213,20020909,12,000
01709065,(주)마키나락스,477850,582,20171221,12,000
00876643,(주)캐프,198080,26224,20100202,12,000
01724338,하나28호기업인수목적 주식회사,454750,66199,20230306,12,000
01882845,(주)지에스피앤엘,499790,64992,20241202,12,000
01466832,(주)라피치,403360,58221,20051101,12,000
01579020,(주)아이엠지티,456570,213,20100405,12,000
00676122,주식회사 지디,155960,26211,20050621,12,000
01071944,(주)미래생명자원,218150,109,20150406,12,000
00164672,한일현대시멘트(주),006390,23311,19691230,12,000
01933981,비엔케이제3호기업인수목적(주),0068Y0,66199,20250526,12,000
01782004,뉴로핏 주식회사,380550,58222,20160314,12,000
01263022,(주)비지에프리테일,282330,47122,20171101,12,000
00219097,(주)비지에프,027410,64992,19941201,12,000
01335143,주식회사 로킷헬스케어,376900,21309,20120120,12,000
00161426,한미사이언스(주),008930,64992,19730615,12,000
01068658,선샤인푸드(주),217620,561,20150330,12,000
00656021,(주)비에프랩스,139050,62021,20060220,12,000
01046203,(주)로아앤코홀딩스,204630,901,20140812,12,000
00268011,일레덱스홀딩스(주),033550,46711,19790108,12,000
00814582,(주)탑런토탈솔루션,336680,262,20040524,12,000
01760738,OCI(주),456040,20129,20230502,12,000
01602638,(주)한싹,430690,58221,20000622,12,000
01011562,(주)우성아이비,194610,339,20140219,12,000
00942131,(주)앤디포스,238090,222,20100623,12,000
00410739,(주)푸른소나무,057880,872,19980506,12,000
00148461,제일연마공업(주),001560,23992,19741227,12,000
00151447,천지산업(주),001490,46417,19550621,12,000
00385363,(주)빅텍,065450,27211,19960109,12,000
00119195,동화약품(주),000020,212,18970925,12,000
00265421,(주)인지디스플레이,037330,26211,19920317,12,000
00914341,(주)아이티켐,309710,21100,20050526,12,000
00106623,현대위아(주),011210,303,19760329,12,000
00172228,(주)엔케이,085310,2512,19840801,12,000
00416414,(주)넥스턴앤롤코리아,089140,292,20000718,12,000
00659161,(주)싸이맥스,160980,29271,20051202,12,000
01692321,미래에셋비전기업인수목적2호 주식회사,446190,66199,20220923,12,000
01428948,오아 주식회사,342870,47320,20140129,12,000
00631518,SK이노베이션(주),096770,192,20070703,12,000
01712616,엔에이치기업인수목적29호 주식회사,451700,66199,20230103,12,000
01596221,주식회사 세미티에스,0017J0,29299,20140217,12,000
01682740,아이비케이에스제21호기업인수목적 주식회사,442770,661,20220826,12,000
01466373,(주)알트,459550,264,20170901,12,000
00976615,(주)틸론,217880,58222,20010808,12,000
00204642,(주)티비씨,033830,60210,19941007,12,000
00288495,주식회사 에이치씨홈센타,060560,467,19880725,12,000
00568461,(주)에이치씨보광산업,225530,239,20040827,12,000
00938688,SBI핀테크솔루션즈(주),950110,58222,20110404,03,000
00203847,국일신동(주),060480,24221,19930226,12,000
00104810,(주)소노스퀘어,007720,468,19720311,12,000
00125974,삼부토건(주),001470,41221,19550514,12,000
00375931,인선이엔티(주),060150,38230,19971106,12,000
00885906,(주)에이치와이티씨,148930,25924,20051221,12,000
01397903,주식회사 엔젠바이오,354200,739,20151030,12,000
00519252,더이앤엠(주),089230,639,20020708,12,000
01405585,(주)윙스풋,335870,474,20190902,12,000
00145914,(주)인터엠,017250,265,19831005,09,000
01010615,(주)세나테크놀로지,061090,26429,19980713,12,000
00208134,(주)케이엔엔,058400,60210,19940907,12,000
01099667,(주)에스디생명공학,217480,20423,20080919,12,000
00667425,(주)에이팩트,200470,261,20070620,12,000
00121969,에쓰씨엔지니어링(주),023960,41225,19710114,12,000
00977650,(주)엔케이젠바이오텍코리아,182400,211,20020114,12,000
00440712,(주)리튬포어스,073570,339,19980523,12,000
00103635,(주)광림,014200,301,19800313,12,000
01700921,삼성기업인수목적8호(주),448740,66199,20221031,12,000
00128980,삼호개발(주),010960,421,19760115,12,000
00291860,조광아이엘아이(주),044060,29133,19940531,12,000
00159616,두산에너빌리티(주),034020,29119,19620920,12,000
00164742,현대자동차(주),005380,30121,19671229,12,000
01310269,아이파크현대산업개발(주),294870,411,20180502,12,000
00524421,(주)테스,095610,29271,20020919,12,000
00677334,(주)아하,102950,262,19990603,12,000
00966168,(주)디알젬,263690,27111,20030925,12,000
00683061,(주)한라캐스트,125490,303,20050501,12,000
01957909,삼성기업인수목적13호(주),0115H0,66199,20250918,12,000
01724709,케이비제25호기업인수목적 주식회사,455250,66199,20230314,12,000
01584934,(주)핑거스토리,417180,63991,20180308,12,000
01259418,대보마그네틱(주),290670,28909,19941229,12,000
00486875,(주)우양,103840,103,19920401,12,000
00356370,(주)LG생활건강,051900,20422,20010403,12,000
00220109,(주)알파에이아이,043100,27192,19950712,12,000
00367695,(주)에이전트에이아이,060900,351,19970228,12,000
01571107,오픈엣지테크놀로지 주식회사,394280,582,20171206,12,000
01946532,삼성기업인수목적12호(주),0096B0,64999,20250807,12,000
00560982,주식회사 바이오솔루션,086820,211,20000114,12,000
01885222,주식회사 대신밸류리츠위탁관리부동산투자회사,0030R0,642,20241023,08,000
01267967,(주)마이크로디지탈,305090,271,20020802,12,000
01696451,대신밸런스제14호기업인수목적(주),442310,661,20220819,12,000
01677678,교보13호기업인수목적 주식회사,440790,66199,20220729,12,000
01867758,한화비전(주),489790,264,20240902,12,000
00693554,(주)티케이케미칼,104480,20501,20071109,12,000
00349097,(주)케이티스카이라이프,053210,60229,20010112,12,000
00422895,(주)세이브존아이앤씨,067830,47111,20020508,12,000
00122205,(주)졸스,018700,464,19851227,12,000
00372873,(주)케이티아이에스,058860,63991,20010627,12,000
00537832,(주)푸른로보틱스,094940,263,19970724,12,000
00372882,(주)케이티씨에스,058850,63991,20010702,12,000
01116265,(주)카티스,140430,620,20060125,12,000
00571483,(주)오이솔루션,138080,26410,20030807,12,000
01512575,주식회사 코어라인소프트,384470,58222,20120917,12,000
01506617,(주)쓰리빌리언,394800,701,20161010,12,000
00874937,(주)탑선,180060,289,20081007,12,000
00356839,(주)메디콕스,054180,31114,19990126,12,000
01817920,주식회사 페스카로,0015S0,739,20160714,12,000
00100939,강남제비스코(주),000860,20411,19520716,12,000
00135777,신대양제지(주),016590,172,19821217,12,000
00229021,(주)인성정보,033230,62021,19920210,12,000
00146296,(주)일신석재,007110,466,19710226,12,000
00562360,에코볼트(주),097780,303,20041118,12,000
01219155,(주)네오크레마,311390,108,20070108,12,000
01326279,(주)아이엘,307180,284,20180831,12,000
01534577,주식회사 청담글로벌,362320,46443,20171114,12,000
00114154,디와이덕양(주),024900,303,19770711,12,000
01965324,삼성에피스홀딩스(주),0126Z0,64992,20251103,12,000
00390408,(주)인크레더블버즈,064090,468,19910930,12,000
01141599,(주)아리바이오랩,261780,70113,20000609,12,000
00154426,(주)아이에이치큐,003560,591,19620824,12,000
00137207,(주)유니켐,011330,303,19760427,12,000
00109268,(주)대동스틸,048470,467,19730814,12,000
00426086,티케이지휴켐스(주),069260,2049,20020915,12,000
00303703,(주)씨에스,065770,2642,19990203,12,000
00936787,애경케미칼(주),161000,201,20120903,12,000
00336817,에이치엘비제약(주),047920,70111,19980423,12,000
00899459,(주)레이언스,228850,27111,20110502,12,000
00522007,(주)크리스에프앤씨,110790,1419,19980806,12,000
00108649,(주)티피씨로보틱스,048770,29142,19790123,12,000
00287812,에코심플렉스(주),038870,741,19970804,12,000
00526951,(주)신화프리텍,095190,259,20030320,12,000
01157846,(주)바이오포트코리아,188040,108,20041111,12,000
00149770,(주)중앙에너비스,000440,46712,19461008,12,000
00516246,주식회사알에프세미,096610,2612,19991022,12,000
00116806,주식회사 하스코,012760,30,19771207,12,000
00442631,태양기계(주),116100,30320,19900501,12,000
00197759,미래산업(주),025560,27219,19901226,12,000
00962922,(주)팬젠,222110,212,20100129,12,000
00146232,일성건설(주),013360,41221,19780623,12,000
00146427,한주에이알티(주),058450,591,19780224,12,000
00298377,(주)아이씨디,040910,29271,20000226,12,000
00638487,(주)파수에이아이,150900,58221,20000608,12,000
00809429,(주)뉴온,123840,108,20100323,12,000
00958451,한선엔지니어링(주),452280,259,20120222,12,000
01182408,소프트캠프(주),258790,582,20161101,12,000
01495180,주식회사 파로스아이바이오,388870,70113,20160419,12,000
00153524,태림포장(주),011280,1721,19760412,12,000
01294110,에스엔시스(주),0008Z0,28123,20170622,12,000
00362441,현대오토에버(주),307950,582,20000410,12,000
00111704,한화오션(주),042660,3111,20001023,12,000
01549472,대진첨단소재(주),393970,22213,20190116,12,000
00169048,에이치엘비글로벌(주),003580,471,19620924,12,000
00296290,키움증권(주),039490,66121,20000401,12,000
01117246,(주)이엠비,278990,281,20130704,12,000
00645089,(주)엔에이치엔벅스,104200,639,20020603,12,000
01210190,주식회사 모비릭스,348030,5821,20070709,12,000
00238977,에스엠화진 주식회사,134780,30399,19920429,12,000
00983934,(주)아이스크림에듀,289010,58190,20130421,12,000
01185867,퓨쳐메디신 주식회사,341170,70113,20150604,12,000
00117577,(주)오리온홀딩스,001800,649,19560725,12,000
00351375,(주)뉴보텍,060260,22211,19901101,12,000
01203312,주식회사 케이뱅크,279570,64121,20160114,12,000
00791209,(주)메타케어,118000,4659,20091201,12,000
00627029,(주)디지아이티엑스,099520,26519,19980227,12,000
01084294,오토앤(주),353590,4521,20120131,12,000
00521433,(주)엔지브이아이,093510,30399,20000703,12,000
00580065,(주)월덱스,101160,262,20000117,12,000
00231044,(주)우리기술,032820,281,19950112,12,000
00113544,대한화섬(주),003830,20501,19631022,12,000
00163673,(주)한진중공업홀딩스,003480,352,19370710,12,000
00624998,(주)제닉,123330,204,20010927,12,000
00123772,부국증권(주),001270,66121,19540825,12,000
00128607,삼천리자전거(주),024950,46465,19790323,12,000
00206039,경남스틸(주),039240,24199,19901115,12,000
00163716,(주)한창,005110,465,19670710,12,000
01244601,주식회사 카카오페이,377300,66199,20170403,12,000
01136977,(주)마녀공장,439090,204,20120302,12,000
01412822,솔루스첨단소재 주식회사,336370,26299,20191001,12,000
00232821,(주)에이치엠넥스,036170,2612,19931202,12,000
00110431,제이더블유신약(주),067290,212,19810813,12,000
00608316,(주)대한과학,131220,4659,19930619,12,000
01785551,케이비제27호기업인수목적(주),464680,66199,20230725,12,000
00426068,(주)엑시온그룹,069920,479,20010314,12,000
00860730,에이자기관리부동산투자회사(주),140910,68121,20101104,12,000
00162081,한국투자파트너스(주),019560,64209,19861125,12,000
00632845,(주)노랑풍선,104620,75210,20010813,12,000
01513440,(주)파이버프로,368770,27219,20201013,12,000
00977641,(주)하이로닉,149980,27199,20071211,12,000
01063556,(주)질경이,233990,20423,20130321,12,000
00127200,삼영전자공업(주),005680,26291,19680820,12,000
00578325,럭스피아(주),092590,2611,20000411,12,000
01166109,(주)예선테크,250930,22291,20160715,12,000
00124799,사조산업(주),007160,102,19710319,12,000
00260657,(주)오상헬스케어,036220,271,19960426,12,000
00264714,(주)에스지엔지,040610,303,19931108,12,000
00666329,(주)코나솔,176590,259,19970705,12,000
00361008,한화엔진(주),082740,29111,19991230,12,000
01217865,주식회사 프롬바이오,377220,108,20060626,12,000
00109019,주식회사 아이엠뱅크,005270,64121,19671007,12,000
00201450,에스케이렌터카(주),068400,76110,19880603,12,000
01689035,주식회사 민테크,452200,27212,20150616,12,000
00177320,(주)대성미생물연구소,036480,21230,19660204,12,000
00384887,에이테크솔루션(주),071670,29293,20010820,12,000
00549891,(주)케어젠,214370,211,20010823,12,000
01462739,(주)비아이매트릭스,413640,5822,20050402,12,000
00495554,(주)와이앤넥스트,090740,26224,20030401,12,000
00407294,(주)유라클,088340,58221,20010119,12,000
00990262,피노텍,150440,58222,20081113,12,000
00152589,(주)코리아나화장품,027050,20423,19881115,12,000
00793155,(주)핸디소프트,220180,58222,20091119,12,000
00145738,이화전기공업(주),024810,2811,19650603,12,000
00405506,주식회사 삼영에스앤씨,361670,2629,20000612,12,000
01206717,(주)마이크로엔엑스,448780,27191,20010705,12,000
01133217,주식회사 카카오뱅크,323410,64121,20160122,12,000
00579980,(주)아이티엠반도체,084850,2629,20000223,12,000
00497631,(주)티플랙스,081150,242,19911213,12,000
00874803,에이피위성(주),211270,264,20110210,12,000
00875237,주식회사 씨앤투스,352700,205,20030527,12,000
01311055,(주)쿠콘,294570,639,20061214,12,000
01327746,보로노이(주),310210,701,20150224,12,000
01806951,폰드그룹(주),472850,474,20231228,12,000
01325979,(주)세아제강,306200,2413,20180903,12,000
00110893,대신증권(주),003540,66121,19620727,12,000
00115676,KG스틸(주),016380,24122,19821027,12,000
00225742,엘에스마린솔루션 주식회사,060370,423,19950417,12,000
00120030,지에스건설(주),006360,4111,19691219,12,000
00245694,남화산업(주),111710,91121,19900223,12,000
00128555,삼천리(주),004690,35200,19660707,12,000
00255275,(주)에이치비테크놀러지,078150,29272,19970902,12,000
00134510,에스제이지세종(주),033530,303,19760610,12,000
00166315,(주)화신,010690,30391,19740701,12,000
00330424,엘에스증권(주),078020,66121,19991215,12,000
00415327,(주)중앙백신연구소,072020,211,19941004,12,000
00191588,(주)삼원강재,023000,303,19920721,12,000
00453442,해성에어로보틱스(주),059270,259,19970303,12,000
00222532,(주)엘지헬로비전,037560,60222,19950331,12,000
00524786,(주)비엠티,086670,29133,20000726,12,000
00300548,(주)현대리바트,079430,32029,19990610,12,000
00406046,에이치디현대마린엔진(주),071970,29119,20010615,12,000
00530185,(주)이엔에프테크놀로지,102710,2049,20000501,12,000
00366438,산일전기(주),062040,28112,19940326,12,000
00244561,(주)그래디언트,035080,479,19971001,12,000
01015160,(주)피에스일렉트로닉스,332570,26299,20061201,12,000
01109122,(주)에스엘테라퓨틱스,258540,70113,20110708,12,000
00113492,깨끗한나라(주),004540,171,19660307,12,000
01292291,(주)파두,440110,26112,20150630,12,000
00235147,에이팸(주),073070,303,19940201,12,000
00377018,(주)기가레인,049080,262,20000131,12,000
00671376,(주)트리니티항공,091810,511,20030701,12,000
01565364,(주)폴레드,487580,28519,20190304,12,000
01467336,(주)창대정밀,368030,29293,20191217,12,000
00110750,(주)플루토스투자,019570,64209,19861127,12,000
01671285,주식회사 쿼드메디슨,464490,211,20161223,12,000
01455410,주식회사 파인메딕스,387570,27199,20090727,12,000
01016309,(주)한켐,457370,20119,19991015,12,000
01214248,(주)뉴트리,270870,108,20010412,12,000
01818682,한국제15호기업인수목적 주식회사,479880,66199,20240319,12,000
01101722,(주)시스네오텍,226440,292,20150730,12,000
01246742,(주)테크트랜스,258050,25923,20110425,12,000
00359261,빛샘전자(주),072950,262,19981103,12,000
00178790,동양이엔피(주),079960,2811,19870327,12,000
00410915,(주)서울옥션,063170,461,19981230,12,000
00155692,우리엔터프라이즈(주),037400,468,19660118,12,000
00308896,(주)셀피글로벌,068940,26293,19981110,12,000
00643656,(주)위메이드맥스,101730,5821,19970410,12,000
01012987,주식회사 아모센스,357580,262,20081101,12,000
00635134,CJ제일제당(주),097950,108,20070904,12,000
01113754,티이엠씨씨엔에스(주),241790,292,20120302,12,000
00759513,(주)엘엑스하우시스,108670,2222,20090402,12,000
01144569,(주)피엔티 엠에스,257370,292,20011015,12,000
01194689,에이치디현대마린솔루션(주),443060,7212,20161128,12,000
01409022,페니트리움바이오사이언스(주),187660,70113,20031031,12,000
01208885,(주)경동도시가스,267290,35200,20170401,12,000
01267170,에스케이케미칼(주),285130,20202,20171201,12,000
01480780,㈜엔에이치올원위탁관리부동산투자회사,400760,6812,20191120,12,000
00127042,에스와이티에스(주),002170,15110,19571012,12,000
00137915,(주)엠엑스로보틱스,007820,29169,19720413,12,000
00670766,(주)엠엑스온,347890,27216,19990408,12,000
01407158,(주)이노테나,333050,582,20190731,12,000
01588189,씨메스로보틱스(주),475400,29299,20140828,12,000
01605529,(주)버넥트,438700,58222,20161004,12,000
00255044,현대에이치티(주),039010,26410,19980425,12,000
00869272,(주)서전기전,189860,28123,19911118,12,000
00219361,해성산업(주),034810,649,19540205,12,000
01293485,제닉스로보틱스(주),381620,29299,20100423,12,000
00217743,화성밸브(주),039610,29133,19870427,12,000
01189438,에이치엘비바이오스텝(주),278650,70113,20120419,12,000
00454946,그린케미칼(주),083420,20421,20030101,12,000
00123143,(주)보령,003850,212,19631111,12,000
01259311,(주)푸드나무,290720,47912,20130114,12,000
00156150,(주)엑시큐어하이트론,019490,265,19861110,12,000
00259934,(주)예림당,036000,58113,19890222,12,000
00144252,(주)유니온,000910,23311,19521206,12,000
00156600,한주라이트메탈(주),198940,24212,19871208,12,000
00160843,주식회사 DB하이텍,000990,2611,19530428,12,000
00626464,(주)지엔씨에너지,119850,28111,19930623,12,000
00687711,한국철강(주),104700,2411,20080903,12,000
01725577,에스케이증권제9호기업인수목적 주식회사,455910,66199,20230323,12,000
01551042,주식회사 애드포러스,397810,713,20140704,12,000
01214743,(주)더네이쳐홀딩스,298540,144,20040220,12,000
00624518,(주)다산솔루에타,154040,2629,20030627,12,000
00493185,(주)제이스로보틱스,090470,29271,19950309,12,000
01921199,주식회사 에스테크엠,0070X0,29299,20200218,12,000
01065679,(주)이노인스트루먼트,215790,264,20150306,12,000
01175499,주식회사 큐에이드,377460,953,20150126,12,000
01329957,(주)국전,307750,212,20180911,12,000
00911955,(주)잇츠한불,226320,20423,20060207,12,000
00160302,코스모화학(주),005420,2049,19680212,12,000
01594791,(주)나우로보틱스,459510,29280,20161027,12,000
00158015,한국선재(주),025550,24123,19740705,12,000
00117726,디와이피(주),092780,301,19770701,12,000
01146822,(주)아이퀘스트,262840,58222,19961127,12,000
01762569,주식회사 이수스페셜티케미컬,457190,20111,20230502,12,000
00122472,피케이씨(주),001340,20131,19541125,12,000
00606886,(주)엔지켐생명과학,183490,211,19990720,12,000
01110076,(주)비유테크놀러지,230980,582,20151022,12,000
01130885,(주)바이오인프라생명과학,266470,70113,20010130,12,000
01976418,대신밸런스제20호기업인수목적(주),0134X0,66199,20251107,12,000
01430475,(주)코람코라이프인프라위탁관리부동산투자회사,357120,6811,20191210,11,000
00989327,(주)엘피케이로보틱스,183350,29280,20040626,12,000
00154329,티피(주),007980,141,19720630,12,000
01585155,주식회사 오픈놀,440320,58222,20120416,12,000
00164478,현대건설(주),000720,41221,19500110,12,000
00401731,LG전자(주),066570,264,20020401,12,000
00189538,(주)피델릭스,032580,2611,19900820,12,000
01060744,한솔제지(주),213500,171,20150102,12,000
00265041,(주)삼양케이씨아이,036670,20421,19910713,12,000
00463342,(주)폴라리스에이아이파마,041910,212,19981217,12,000
01060814,주식회사 삼양패키징,272550,22232,20141101,12,000
01316227,효성티앤씨(주),298020,2050,20180604,12,000
01506848,주식회사 비스토스,419540,27199,20010827,12,000
01063884,(주)솔디펜스,215090,272,20150212,12,000
00353018,헬스커넥트(주),058530,63,19940125,12,000
01153293,(주)제이엘케이,322510,582,20140218,12,000
01712485,코오롱모빌리티그룹(주),450140,45110,20230102,12,000
00561866,(주)락앤락,115390,22299,20051229,12,000
00659684,(주)장원테크,174880,26422,20000106,12,000
00306454,한국정보인증(주),053300,58221,19990702,12,000
00648721,SNT에너지(주),100840,29176,20080205,12,000
00493510,(주)뉴프렉스,085670,2622,20000622,12,000
00799070,딥커머스리미티드,900110,64992,20090722,12,000
00971090,주식회사 어스앤에어로스페이스,263540,31322,20020108,12,000
00109514,(주)티웨이홀딩스,004870,23325,19661206,12,000
01238169,(주)오리온,271560,108,20170601,12,000
00923826,(주)일월지엠엘,178780,468,20060801,12,000
00134176,(주)세우글로벌,013000,467,19780301,12,000
00113225,대한제강(주),084010,2411,19540610,12,000
00814786,(주)티엔엔터테인먼트,131100,591,20070314,12,000
00545929,(주)제넥신,095700,70113,19990608,12,000
00339391,한화시스템(주),272210,26299,20000111,12,000
01075126,사토시홀딩스(주),223310,468,20110119,12,000
00838500,엘브이엠씨홀딩스(주),900140,451,20090616,12,000
00129989,코스모신소재(주),005070,204,19730628,12,000
01755259,피스피스스튜디오(주),0117P0,474,20200730,12,000
01109937,(주)티앤알바이오팹,246710,21100,20130311,12,000
00163345,(주) DB Inc.,012030,62021,19770315,12,000
00411048,(주)에스앤에스텍,101490,2629,20010222,12,000
00148276,(주)제일기획,030000,71310,19730117,12,000
00365989,모나용평(주),070960,55103,20000214,12,000
00319272,(주)성우,458650,282,19920901,12,000
01767494,에이치엠씨아이비제6호기업인수목적 주식회사,462020,66199,20230608,12,000
01785056,엔에이치기업인수목적30호 주식회사,466910,66199,20230905,12,000
01101254,케이피항공산업(주),288180,31322,19900604,12,000
01336762,(주)스피어코퍼레이션,347700,58222,20120926,12,000
01671197,에스케이증권제8호기업인수목적 주식회사,435870,66199,20220610,12,000
01731453,디비금융제11호기업인수목적 주식회사,456440,64999,20230404,12,000
00128315,삼지전자(주),037460,2642,19810724,12,000
00146560,(주)일지테크,019540,303,19861124,12,000
00105101,(주)INVENI,015360,715,19810305,12,000
00101752,(주)케이씨피드,025880,109,19700506,12,000
00309503,한국항공우주산업(주),047810,31311,19991001,12,000
00161462,(주)에이티넘인베스트먼트,021080,64209,19881010,12,000
00245472,(주)티씨케이,064760,23999,19960807,12,000
00454937,(주)덕신이피씨,090410,25112,19910104,12,000
00363769,NICE인프라(주),063570,759,20000111,12,000
01210677,(주)씨케이솔루션,480370,29172,20040223,12,000
01380578,(주)도우인시스,484120,26211,20100325,12,000
01182240,(주)배럴,267790,1419,20100107,12,000
00162461,한화솔루션(주),009830,20111,19740427,12,000
00763701,(주)헥토파이낸셜,234340,661,20001009,12,000
00110060,(주)대백저축은행,026970,64132,19701222,12,000
01135057,(주)녹십자웰빙,234690,212,20040902,12,000
01246034,(주)다이나믹솔루션,290660,27199,20100603,12,000
01419205,(주)피앤에스로보틱스,460940,27199,20031226,12,000
01468061,(주)레뷰코퍼레이션,443250,71310,20141128,12,000
01279698,채비(주),0011T0,28119,20160526,12,000
01082418,(주)에스에이엠지엔터테인먼트,419530,59112,20000726,12,000
00831428,(주)옵투스제약,131030,212,20100727,12,000
01649204,(주)달바글로벌,483650,20423,20160309,12,000
00137289,(주)이엘씨,041520,272,19840423,12,000
00520887,(주)비상교육,100220,5811,20020121,12,000
00548519,(주)큐러블,086460,70113,20000526,12,000
00302582,(주)캐스텍코리아,071850,303,19981223,12,000
01784677,키움히어로제1호기업인수목적 주식회사,466690,66199,20230901,12,000
00158501,(주)에스원,012750,75320,19771128,12,000
01859500,(주)아이엠바이오로직스,493280,701,20200804,12,000
00159786,(주)유니드,014830,20129,19800510,12,000
00508274,일진다이아몬드(주),081000,204,20041202,12,000
00544452,(주)이리츠코크렙기업구조조정부동산투자회사,088260,68112,20050726,06,000
00683469,일진전기(주),103590,2830,20080702,12,000
00972503,일진하이솔루스(주),271940,319,20121102,12,000
01234297,미원스페셜티케미칼(주),268280,201,20170501,12,000
01689336,비엔케이제1호기업인수목적(주),445360,66199,20220916,12,000
01708163,(주)엔알비,475230,259,20191024,12,000
00200275,(주)와이티엔,040300,591,19930914,12,000
00381756,티씨머티리얼즈(주),125020,283,19950401,12,000
01688568,(주)프로티나,468530,701,20150805,12,000
01454341,(주)플래티어,367000,58222,20050224,12,000
01049167,롤링스톤(주),214610,27199,20090306,12,000
00413046,(주)셀트리온,068270,21100,19910227,12,000
00228536,(주)현대에버다임,041440,29241,19940601,12,000
01211889,주식회사 이지스,261520,58221,20010226,12,000
01267550,(주)나라소프트,288490,58222,20021209,12,000
00480756,이트론(주),096040,467,19991108,12,000
00144720,(주)와이투솔루션,011690,2611,19761104,12,000
00203290,콜마홀딩스(주),024720,64992,19900515,12,000
00816696,(주)큐엠씨,136660,2927,20030729,12,000
00297934,(주)피씨디렉트,051380,46510,19980821,12,000
00161709,(주)퍼시스,016800,32029,19830311,12,000
00304076,케이엔솔(주),053080,291,19890825,12,000
00165583,(주)E1,017940,46713,19840906,12,000
00309831,(주)알에프텍,061040,2642,19950222,12,000
00363927,(주)엔이능률,053290,5811,19940628,12,000
00210856,(주)코아스,071950,320,19920724,12,000
00225159,(주)SNT홀딩스,036530,64992,19820927,12,000
00407814,씨지인바이츠(주),083790,70113,20000707,12,000
00404701,한국자산신탁(주),123890,642,20010320,12,000
00486370,(주)성창오토텍,080470,303,19961018,12,000
00633835,(주)에이치제이중공업,097230,41221,20070803,12,000
00523936,에이치비솔루션(주),297890,29272,20010906,12,000
00706715,미원홀딩스(주),107590,649,20090202,12,000
00104519,(주)국보,001140,49301,19531228,12,000
01872893,주식회사 에이엠시지,495900,27199,20210303,12,000
01335790,바이젠셀 주식회사,308080,701,20130201,12,000
01622331,주식회사 벨로크,424760,620,20220317,12,000
00157104,대동전자(주),008110,264,19721010,03,000
00552859,에이치엘비테라퓨틱스(주),115450,467,20000607,12,000
01188730,SK시그넷(주),260870,2811,20161213,12,000
00811372,(주)노바렉스,194700,108,20081127,12,000
00862853,주식회사 플레이디,237820,71310,20100312,12,000
00919966,신라젠(주),215600,70113,20060328,12,000
00970453,(주)파마리서치,214450,213,20010303,12,000
01038693,(주)드림시큐리티,203650,582,20140625,12,000
01067516,(주)골프존,215000,58219,20150303,12,000
01276327,(주)위지윅스튜디오,299900,59120,20160415,12,000
01326792,(주)비투엔,307870,582,20180912,12,000
01311408,주식회사 에코프로머티리얼즈,450080,28202,20170426,12,000
00106456,(주)지앤엘,014590,91249,19791105,12,000
00945208,주식회사 더 미동,161570,26519,20090624,12,000
01185566,(주)휴엠앤씨,263920,33999,20020625,12,000
00924931,(주)엔비알모션,0004V0,259,20110111,12,000
00788737,(주)이퓨쳐,134060,58111,20000121,12,000
01584183,(주)퀄리타스반도체,432720,26112,20170201,12,000
00803425,코리아에프티(주),123410,303,20100224,12,000
00180263,(주)리더스코스메틱,016100,172,19861224,12,000
01902990,케이비제32호기업인수목적(주),0037T0,66199,20250317,12,000
00340917,(주)동원F&B,049770,108,20001101,12,000
00653194,(주)앱토크롬,109960,467,19980212,12,000
00888347,휴젤(주),145020,211,20011122,12,000
00136165,(주)스페코,013810,29229,19790207,12,000
01436479,(주)토마토시스템,393210,582,20001027,12,000
01508855,(주)블리츠웨이엔터테인먼트,369370,901,20201020,12,000
01511558,주식회사 네오이뮨텍,950220,70130,20140129,12,000
01555215,(주)스마트레이더시스템,424960,272,20171016,12,000
01575839,주식회사 플라즈맵,405000,27199,20150331,12,000
00141626,(주)오리엔트바이오,002630,212,19590416,03,000
00158307,롯데하이마트(주),071840,47320,19870701,12,000
00193328,(주)수산인더스트리,126720,42311,19830416,12,000
00113207,대한전선(주),001440,28302,19550221,12,000
00896753,(주)에코글로우,159910,204,20060619,12,000
01201970,주식회사 셀레스트라,352770,213,20110621,12,000
01316236,효성화학(주),298000,201,20180604,12,000
00580667,에스엔케이폴리텍(주),091340,2629,19991108,12,000
00995993,디엑스앤브이엑스(주),180400,729,20010616,12,000
00318662,씨앤티85(주),056730,411,19961202,12,000
00147772,(주)정원엔시스,045510,46510,19690627,12,000
01706794,(주)아이언디바이스,464500,26112,20080501,12,000
00146454,일양약품(주),007570,212,19460701,12,000
00302926,현대로템(주),064350,31910,19990701,12,000
00141282,아이파크영창 주식회사,001890,33201,19561103,12,000
01265251,주식회사 압타머사이언스,291650,701,20110401,12,000
00360142,(주)아이마켓코리아,122900,46800,20001208,12,000
01670675,유안타제10호기업인수목적 주식회사,435380,661,20220608,12,000
00605124,(주)알파칩스,117670,2611,20021101,12,000
00144012,(주)원풍,008370,22212,19730106,12,000
01138364,더핑크퐁컴퍼니(주),403850,591,20100526,12,000
00130772,(주)SBS,034120,60210,19901114,12,000
00110307,대선조선(주),031990,3111,19451225,12,000
00392691,(주)포니링크,064800,474,20000406,12,000
01026157,(주)쏘카,403550,76110,20111031,12,000
01700374,하나27호기업인수목적 주식회사,448370,66199,20221024,12,000
01786958,주식회사 큐리오시스,494120,273,20150122,12,000
01203659,(주)이뮨온시아,424870,70113,20160901,12,000
01705625,하이제8호기업인수목적 주식회사,450050,66199,20221121,12,000
00124106,(주)부산은행,005280,64121,19671010,12,000
00117230,주식회사 티와이엠,002900,29210,19600201,12,000
00147152,(주)유니크,011320,303,19760421,12,000
00153393,태광산업(주),003240,20501,19610915,12,000
00366942,(주)미코,059090,261,19990716,12,000
00369569,(주)비케이홀딩스,050090,713,20000617,12,000
00173795,(주)신흥,004080,4659,19641113,12,000
00762377,(주)씨앗,103660,204,20060412,12,000
01251595,압타바이오(주),293780,70113,20090724,12,000
01507722,주식회사 켈스,402420,27199,20180313,12,000
01869710,주식회사 인벤테라,0007J0,70113,20181102,12,000
00609315,(주)멜파스,096640,2629,20000202,12,000
00681249,(주)씨유메디칼시스템,115480,27112,20011213,12,000
00620868,(주)아이티센글로벌,124500,62021,20050510,12,000
00122728,(주)범양사,002480,13213,19580904,12,000
00506294,(주)가비아,079940,58221,19990921,12,000
00923792,(주)내츄럴엔도텍,168330,70111,20010531,12,000
01429840,주식회사 아이티아이즈,372800,58221,20120807,12,000
00164362,(주)행남사,008800,108,19730514,12,000
00493325,(주)에이엘티,172670,2612,20030723,12,000
00267942,큐캐피탈파트너스(주),016600,649,19821217,12,000
00535746,(주)컴투스홀딩스,063080,582,20000110,12,000
00261054,(주)이지,037370,201,19870515,12,000
00145686,이화산업(주),000760,467,19500329,12,000
00400857,(주)에이블씨엔씨,078520,20423,20000107,12,000
00151863,(주)청호ICT,012600,29180,19771013,12,000
00127802,삼익THK(주),004380,29141,19651005,12,000
00149947,JW중외제약(주),001060,212,19450808,12,000
01562589,주식회사 엘엑스홀딩스,383800,64992,20210503,12,000
01194607,주식회사 비츠로넥스텍,488900,31322,20160830,12,000
00399694,(주)숲,067160,582,19960422,12,000
01719105,신한제11호기업인수목적 주식회사,452980,66199,20230203,12,000
00158024,케이비아이메탈(주),024840,242,19870225,12,000
00173449,(주)빌리언스,044480,901,19730523,12,000
00256502,(주)에이텍,045660,291,19930630,12,000
00271501,(주)코아시아,045970,262,19930525,12,000
00145163,파미셀(주),005690,262,19680820,12,000
00276083,(주)피노,033790,282,19900209,12,000
00152385,(주)에이프로젠,007460,212,19711115,12,000
00305570,(주)코스리거글로벌,043710,467,19910302,12,000
00357607,(주)케이피티유,054410,474,19950809,12,000
00261443,(주)엔씨,036570,582,19970311,12,000
00371740,(주)디티씨,066670,681,19980804,12,000
00404941,(주)한텍,098070,251,19981009,12,000
00409964,(주)하이텍팜,106190,211,19980901,12,000
00530413,(주)더코디,224060,262,19990727,12,000
01041828,주식회사 제이티씨,950170,471,19940317,02,000
00107224,(주)남선알미늄,008350,24222,19730104,12,000
00117629,케이비아이동양철관(주),008970,2413,19730628,12,000
00174527,에이치에스화성(주),002460,41112,19580901,12,000
00307037,(주)더스텔라,065310,15129,19900615,12,000
01696275,하나26호기업인수목적 주식회사,446750,661,20221006,12,000
00160010,(주)한국큐빅,021650,2229,19890513,12,000
01221752,(주)지에프씨생명과학,388610,20495,20020618,12,000
01504211,(주)라메디텍,462510,2711,20120113,12,000
00108135,(주)녹십자홀딩스,005250,715,19671005,12,000
00411808,(주)제이오,418550,721,19941128,12,000
00125530,(주)삼립,005610,108,19680628,12,000
01964246,키움히어로제2호기업인수목적 주식회사,0131D0,66199,20251031,12,000
00129679,(주)녹십자,006280,212,19691101,12,000
00991225,(주)더콘텐츠온,302920,59130,20121206,12,000
00407036,선바이오(주),067370,212,19970610,12,000
00541437,(주)코렌텍,104540,27112,20000530,12,000
00585608,(주)커넥트웨이브,119860,58221,20020621,12,000
00162063,한신공영(주),004960,41112,19670224,12,000
00554352,아이큐어(주),175250,204,20000529,12,000
01622720,(주)케이비스타위탁관리부동산투자회사,432320,68112,20220208,01,000
00619640,(주)에코앤드림,101360,282,20040916,12,000
00907013,한국투자ANKOR유전해외자원개발특별자산투자회사1호(지분증권),152550,642,20110802,03,000
00366517,(주)케이씨산업,112190,412,19951221,12,000
00787057,(주)휴맥스,115160,465,20091005,12,000
00813389,(주)베셀,177350,222,20040617,12,000
00842619,(주)리가켐 바이오사이언스,141080,70113,20060502,12,000
01381391,주식회사 에스피소프트,443670,620,20130128,12,000
01445024,한패스 주식회사,408470,64999,20170203,12,000
00115694,DB증권(주),016610,66121,19821220,12,000
00138242,케이지모빌리티(주),003620,301,19621206,12,000
01299106,농업회사법인 우듬지팜 주식회사,403490,103,20110518,12,000
01513699,주식회사 포바이포,389140,59113,20170830,12,000
00244455,(주)케이티앤지,033780,12000,19870401,12,000
01028164,(주)광주은행,192530,64121,20140508,12,000
00867849,(주)오파스넷,173130,62021,20041025,12,000
00255619,(주)강원랜드,035250,91249,19980629,12,000
00525679,(주)차바이오텍,085660,211,20021105,12,000
01053540,(주)퓨쳐켐,220100,212,20010813,12,000
01706819,유안타제14호기업인수목적 주식회사,450940,66199,20221209,12,000
01229240,(주)가이아코퍼레이션,296520,46499,20100818,12,000
00356802,큐렉소(주),060280,47812,19920229,12,000
01035678,(주)링크드,193250,2629,20040521,12,000
01049422,(주)썸에이지,208640,582,20141023,12,000
00107598,남양유업(주),003920,104,19640313,12,000
01236532,(주)와이즈버즈,273060,713,20170601,12,000
00302078,(주)엠피씨플러스,050540,75991,19910724,12,000
00298270,(주)안랩,053800,58221,19950318,12,000
00105873,엘지디스플레이(주),034220,2621,19850228,12,000
00117267,동양생명보험(주),082640,65110,19890701,12,000
00367482,(주)빛과전자,069540,264,19981027,12,000
00876865,(주)네오오토,212560,303,20100106,12,000
01702017,(주)유니드비티플러스,446070,16102,20221102,12,000
00141404,블루산업개발 주식회사,006740,172,19700718,12,000
00164876,케이비증권 주식회사,003450,66121,19620601,12,000
00111218,KD(주),044180,411,19740806,12,000
01223219,에이에프더블류(주),312610,242,19980916,12,000
01227039,파라택시스 코리아(주),288330,739,20150917,12,000
00479705,(주)케스피온,079190,26422,19980601,12,000
01724417,하나29호기업인수목적 주식회사,454640,66199,20230306,12,000
01042650,(주)큐리언트,115180,70113,20080702,12,000
00523176,광동헬스바이오(주),086220,108,19921214,12,000
00126362,삼성SDI(주),006400,28202,19700120,12,000
00787376,대성에너지(주),117580,35200,20091001,12,000
01573336,(주)토모큐브,475960,27309,20150824,12,000
01875146,신한제16호기업인수목적 주식회사,496070,661,20241015,12,000
01089350,(주)켐트로스,220260,204,20150514,12,000
01359815,(주)한울반도체,320000,292,20190305,12,000
00815369,(주)에스제이엠,123700,303,20100504,12,000
00136642,(주)에스유앤피,019590,64209,19861202,12,000
01020843,(주)원익피앤이,217820,292,19991110,12,000
01669794,(주)아이엘로보틱스,403810,262,20110117,12,000
00126308,삼성이앤에이(주),028050,72129,19781019,12,000
00121543,(주)무학,033920,11122,19730919,12,000
00336297,고려신용정보(주),049720,75993,19910627,12,000
00815095,우리이앤엘하루틴(주),153490,2612,20080609,12,000
00556712,(주)힘스,238490,29272,19990115,12,000
01409095,비트맥스(주),377030,582,20101007,12,000
01026616,지구홀딩스(주),221800,72911,20090102,12,000
00132211,(주)선앤엘,002820,22232,19591017,12,000
01514698,(주)엑스플러스,373200,339,20201125,12,000
00300557,(주)위니아,071460,28519,19991006,12,000
00408956,(주)제넨바이오,072520,701,19990514,12,000
00925374,주식회사 윤성에프앤씨,372170,292,19991213,12,000
01109955,(주)링크제니시스,219420,58222,20031212,12,000
00160861,(주)한농화성,011500,20421,19760710,12,000
00660033,(주)씨엔플러스,115530,262,20031110,12,000
00219440,(주)휴맥스홀딩스,028080,620,19890109,12,000
01675421,아이비케이에스제20호기업인수목적 주식회사,439730,661,20220719,12,000
01675227,삼성기업인수목적7호 주식회사,439250,66199,20220714,12,000
01335930,주식회사 티움바이오,321550,70113,20161206,12,000
00141529,(주)오뚜기,007310,108,19710603,12,000
00151368,인터지스(주),129260,49301,19560223,12,000
01817610,대신밸런스제18호기업인수목적(주),478780,66199,20240304,12,000
01097906,케이에이치건설 주식회사,226360,412,20150728,12,000
00384717,(주)비엘팜텍,065170,463,19950217,12,000
00105165,극동전선(주),006250,28302,19691023,12,000
00370200,(주)아이로보틱스,066430,467,19990111,12,000
00445160,APS이노베이션 주식회사,079810,289,20010801,12,000
00503668,엘아이지디펜스앤에어로스페이스(주),079550,25200,19980225,12,000
00462121,(주)엘아이지아큐버,073490,2642,20000927,12,000
01514227,(주)씨어스,458870,27199,20090811,12,000
01725160,한화플러스제4호기업인수목적(주),455310,661,20230315,12,000
01738483,대신밸런스제16호기업인수목적(주),457630,66199,20230417,12,000
01516890,이에이트(주),418620,582,20120507,12,000
01307593,(주)에이아이코리아,364950,29271,20140822,12,000
01110474,풍전약품(주),298060,212,20140702,12,000
00151298,DSR제강(주),069730,24123,19710901,12,000
00378363,(주)삼에스코리아,060310,272,19910128,03,000
00761183,신성에스티(주),416180,30399,20040616,12,000
00938721,주식회사 필옵틱스,161580,2927,20080205,12,000
01575361,세븐브로이맥주 주식회사,267080,11112,20110705,12,000
01034730,크로넥스(주),215570,70113,20120501,12,000
00178754,(주)동아지질,028100,421,19731130,12,000
00442570,(주)제우스,079370,29271,19881212,12,000
01639508,(주)뉴엔에이아이,463020,58222,20040531,12,000
01702424,미래에셋비전기업인수목적3호 주식회사,448830,66199,20221102,12,000
00125965,케이에이치미래물산(주),111870,265,19880222,12,000
01450938,(주)지에프아이,493330,29192,20141120,12,000
01565054,주식회사 그래피,318060,20202,20170102,12,000
00608802,(주)텔콘알에프제약,200230,212,19990108,12,000
00990396,(주)레드우즈,266170,59114,20100428,12,000
00911229,(주)라온로보틱스,232680,29280,20000314,12,000
00173102,(주)모나리자,012690,17902,19771028,12,000
01386916,에스케이아이이테크놀로지 주식회사,361610,282,20190401,12,000
00268251,(주)다산네트웍스,039560,26410,19930304,12,000
00874168,(주)싸이닉솔루션,234030,26112,20050117,12,000
01810796,케이비제28호기업인수목적 주식회사,476470,66199,20240130,12,000
01678835,유진기업인수목적9호 주식회사,442130,66199,20220818,12,000
00770312,(주)마니커에프앤지,195500,10121,20040522,12,000
01152586,(주)유일로보틱스,388720,292,20111216,12,000
00608699,주식회사 탑코미디어,134580,631,20070206,12,000
00610083,(주)비아트론,141000,29272,20011226,12,000
00486097,(주)케이티나스미디어,089600,71310,20000313,12,000
00136004,신라에스지(주),025870,463,19770818,12,000
00220057,(주)GC메디아이,032620,58221,19941202,12,000
00149804,(주)디와이에이,002880,303,19600116,12,000
00405278,(주)케이지파이낸셜,046440,582,20000317,12,000
00363510,제이케이시냅스(주),060230,204,19991222,12,000
00129615,(주)상보,027580,222,19890401,12,000
00124726,(주)빙그레,005180,104,19670913,12,000
00101433,(주)경농,002100,2032,19570712,12,000
01073261,(주)동방메디컬,240550,271,20141226,12,000
00226352,(주)케이엠더블유,032500,2642,19880108,12,000
01497373,주식회사 아이엠비디엑스,461030,701,20180705,12,000
01290132,주식회사 인터로이드,311960,58222,20120926,12,000
00131780,SK네트웍스(주),001740,467,19560324,12,000
00270113,(주)멕아이씨에스,058110,271,19981126,12,000
00112457,대주산업(주),003310,109,19620116,12,000
01587056,엔젯 주식회사,419080,29272,20090909,12,000
01636565,루미르 주식회사,474170,31311,20091102,12,000
01023318,주식회사 센코,347000,27212,20041123,12,000
00364467,(주)드림어스컴퍼니,060570,603,19990120,12,000
01114586,주식회사 셀레믹스,331920,211,20101129,12,000
01744703,에스케이증권제10호기업인수목적 주식회사,457940,66199,20230420,12,000
01091382,(주)세토피아,222810,241,20150608,12,000
01050738,(주)솔트룩스,304100,58222,19810817,12,000
00598198,컴퍼니케이파트너스(주),307930,649,20061018,12,000
00867034,(주)듀켐바이오,176750,212,20021106,12,000
01436628,주식회사 이지스레지던스위탁관리부동산투자회사,350520,681,20200203,06,000
00199988,SY동아(주),041930,2219,19741118,12,000
01160974,주식회사 바이오에프디엔씨,251120,2110,20051111,12,000
00141273,웰바이오텍(주),010600,461,19750419,12,000
00175650,케이씨더블류 (주),068060,68112,19880108,12,000
01284876,인스피언(주),465480,582,20090615,12,000
00306870,(주)손오공,066910,467,19961230,12,000
00945776,(주)지슨,289860,58221,20000320,12,000
01910324,교보18호기업인수목적 주식회사,0041B0,66199,20250325,12,000
01577952,(주)지투지바이오,456160,21212,20170322,12,000
00273110,(주)에스티큐브,052020,465,19890816,12,000
01489648,솔브레인 주식회사,357780,204,20200701,12,000
01573381,레이저쎌 주식회사,412350,29271,20150406,12,000
01110678,(주)유틸렉스,263050,211,20150227,12,000
00195229,(주)미스토홀딩스,081660,464,19910723,12,000
00260745,서울평가정보(주),036120,63991,19920423,12,000
00299358,(주)트레스,102210,31114,19920413,12,000
01547933,(주)미쥬,351020,141,20130204,12,000
01718407,주식회사 블랙야크아이앤씨,478560,152,20130808,12,000
00965062,(주)코셋,189350,26410,19991011,12,000
00535375,키네마스터(주),139670,58222,20020909,12,000
00148504,(주)한국스탠다드차타드은행,000110,64121,19290701,12,000
00194947,한전산업개발(주),130660,72129,19900411,12,000
00117498,스틱인베스트먼트(주),026890,64201,19820624,12,000
00102353,경창산업(주),024910,30331,19770622,12,000
00540605,(주)이월드,084680,331,20050705,12,000
00488989,한양디지텍(주),078350,2611,20040419,12,000
00147295,(주)전북은행,006350,64121,19691210,12,000
00679314,(주)동성케미컬,102260,20202,20080514,12,000
00159342,한국정보통신(주),025770,61299,19860509,12,000
01242241,주식회사 샌즈랩,411080,582,20041101,12,000
00684732,풀무원식품 (주),103160,46,20080701,12,000
00531014,(주)유진테크,084370,29271,20000105,12,000
00442826,대봉엘에스(주),078140,212,19860708,12,000
01872459,(주)본시스템즈,496320,292,20150529,12,000
00120562,롯데지주(주),004990,64992,19670324,12,000
00398701,(주)엘앤에프,066970,28202,20000727,12,000
01022142,엠디바이스 주식회사,226590,262,20090316,12,000
01118139,주식회사 타스컴,336040,27199,20140311,12,000
01949469,미래에셋비전기업인수목적10호 주식회사,0097F0,66199,20250808,12,000
00838005,(주)서진시스템,178320,289,20071030,12,000
00241236,(주)에이치씨코퍼레이션,037340,2642,19960719,12,000
01157235,(주)아스타,246720,213,20060127,12,000
01256864,에이비엘바이오(주),298380,211,20160216,12,000
00820352,(주)파인텍,131760,292,20081119,12,000
00104573,국일제지(주),078130,179,19780821,12,000
00103176,흥국화재해상보험(주),000540,65121,19480315,12,000
00109824,대림통상(주),006570,25993,19700401,12,000
00111838,(주)대원,007680,41112,19720221,12,000
00120289,(주)제이에스티나,026040,331,19880402,12,000
00113243,대한제분(주),001130,105,19521225,12,000
00144243,유니슨(주),018000,29119,19840924,12,000
00115287,(주)동방,004140,529,19650114,12,000
00170026,(주)시공테크,020710,732,19880219,12,000
00204323,키스트론(주),475430,28302,19921127,12,000
00118266,(주)디알비동일,004840,221,19450930,12,000
00120076,(주)LX인터내셔널,001120,4610,19531126,12,000
00260958,(주)케이티알파,036030,461,19911212,12,000
00130879,서울식품공업(주),004410,108,19551017,12,000
00159795,(주)한국카본,017960,2512,19840917,12,000
00668600,(주)케이옥션,102370,4610,20050915,12,000
01693922,(주)지슨,446840,272,20221007,12,000
00382199,(주)신한금융지주회사,055550,64992,20010901,12,000
00492894,(주)젬백스&카엘,082270,29271,19980310,12,000
01385005,(주)리브스메드,491000,27112,20110616,12,000
01829819,(주)아크릴,0007C0,58222,20110322,12,000
00115612,동부건설(주),005960,412,19690124,12,000
01031502,(주)코아시아씨엠,196450,273,20140509,12,000
01066058,(주)파마리서치바이오,217950,212,20091028,12,000
00145260,율촌화학(주),008730,22231,19730501,12,000
01376715,(주)디앤디파마텍,347850,70113,20141128,12,000
00833064,(주)엠플러스,259630,292,20030408,12,000
01201590,에브리봇(주),270660,28519,20150106,12,000
00101336,경남에너지(주),008020,35200,19720711,12,000
01274310,이오플로우(주),294090,27199,20110927,12,000
00149266,씨앤에이치(주),023460,649,19890823,12,000
01814312,한국제14호기업인수목적 주식회사,477530,66199,20240220,12,000
01137860,(주)위너스일렉,479960,289,20040130,12,000
01021949,(주)덱스터스튜디오,206560,59120,20111229,12,000
01117413,주식회사 바이오다인,314930,2719,19991008,12,000
00111874,대원산업(주),005710,303,19680910,12,000
00108241,(주)농심,004370,108,19650918,12,000
00117276,(주)네이처셀,007390,211,19710806,12,000
00120526,롯데쇼핑(주),023530,47111,19700702,12,000
00144395,(주)동서,026960,4632,19750516,12,000
00328191,(주)케이에스피,073010,29111,20000628,12,000
00149655,삼성물산(주),028260,467,19631223,12,000
00489243,(주)동아엘텍,088130,292,19990414,12,000
00165413,롯데케미칼(주),011170,20111,19760316,12,000
01626391,오가노이드사이언스(주),476040,70129,20181026,12,000
00173740,(주)신한,005450,41121,19680228,12,000
01063990,(주)로보로보,215100,28909,20150209,12,000
00178851,(주)동양에스텍,060380,241,19811112,12,000
00131504,(주)서한,011370,41112,19760512,12,000
01704680,(주)엠83,476080,59111,20200220,12,000
01243161,(주)인산가,277410,108,20170726,12,000
00481223,(주)시노펙스멤브레인,079560,2629,20010913,12,000
00112907,코원에너지서비스(주),026870,35200,19780707,12,000
01108442,(주)에치에프알,230240,264,20151007,12,000
01344336,(주)신테카바이오,226330,582,20090915,12,000
01677429,엔에이치기업인수목적27호(주),440820,66199,20220801,12,000
00101044,(주)에이프로젠바이오로직스,003060,212,19601203,12,000
00163512,(주)한진,002320,49309,19580310,12,000
00372129,전진건설로봇(주),079900,292,19991112,12,000
01497869,(주)티와이홀딩스,363280,64992,20200901,12,000
00172185,(주)남성,004270,46799,19650610,12,000
00152127,(주)심텍홀딩스,036710,715,19870824,12,000
00260392,대원전선(주),006340,28302,19691129,12,000
00190321,(주)케이티,030200,612,19811210,12,000
00301422,(주)스모트로닉,066590,303,19950613,12,000
00351454,(주)더 테크놀로지,043090,467,19870416,12,000
00198697,일진디스플레이(주),020760,261,19940401,12,000
00220613,넥스틸(주),092790,2419,19900115,12,000
00361169,한국전자인증(주),041460,58221,19990326,12,000
00361381,(주)제이브이엠,054950,29192,19770620,12,000
00356361,(주)LG화학,051910,20111,20010401,12,000
00365590,에이치엘비생명과학(주),067630,213,19980724,12,000
01399071,주식회사 고바이오랩,348150,70113,20140811,12,000
00807555,메가엠디(주),133750,85503,20040119,12,000
01275665,(주)리메드,302550,27199,20030731,12,000
00102751,고려산업(주),002140,10520,19570724,12,000
00123541,보해양조(주),000890,11122,19521111,12,000
00162416,한양증권(주),001750,66121,19560327,12,000
01384477,엠에프엠코리아(주),323230,143,20190404,12,000
00296263,와이더블유 주식회사,051390,468,19960726,12,000
00103130,(주)플레이그램,009810,467,19740417,12,000
00406222,(주)쎄크,081180,291,20000322,12,000
01253636,(주)에르코스 농업회사법인,435570,107,20140514,12,000
00105244,알보젠코리아(주),002250,21212,19580107,12,000
00163691,(주)유수홀딩스,000700,715,19500101,12,000
00150244,하이트진로(주),000080,11122,19540615,12,000
00491415,(주)인포바인,115310,61299,20000214,12,000
01042711,글로벌텍스프리(주),204620,661,20140731,12,000
01782183,(주)카나프테라퓨틱스,0082N0,70113,20190214,12,000
00415628,(주)세진중공업,075580,31114,19990920,12,000
00480367,에스케이오션플랜트(주),100090,2413,19961101,12,000
00365624,(주)아이윈,090150,303,19990206,12,000
00653024,주식회사 진에어,272450,511,20080123,12,000
00795135,코오롱인더스트리(주),120110,205,20100105,12,000
00406037,(주)씨에스에이코스믹,083660,204,19891107,12,000
00816544,(주)토니모리,214420,20423,20060726,12,000
00425351,(주)멀티캠퍼스,067280,85650,20000504,12,000
00828497,한미약품(주),128940,21212,20100705,12,000
00447487,(주)제주반도체,080220,2611,20000404,12,000
01205709,에이치디현대(주),267250,64992,20170403,12,000
00475976,(주)인콘,083640,468,20000801,12,000
01390344,에이치디현대중공업(주),329180,31113,20190603,12,000
00488244,(주)원일티엔아이,136150,291,19980924,12,000
01156795,(주)프로젠,296160,70113,19981021,12,000
00560122,(주)한울소재과학,091440,26410,20000920,12,000
01042359,지엘팜텍(주),204840,464,20140729,12,000
00962223,지니언스(주),263860,58221,20050106,12,000
00652159,코오롱머티리얼(주),144620,2050,20080303,12,000
01764099,(주)링크솔루션,474650,29222,20150528,12,000
00140955,(주)한솔케미칼,014680,20129,19800313,12,000
01375822,주식회사 에이프릴바이오,397030,70113,20130130,12,000
00475718,(주)이엠앤아이,083470,201,19990930,12,000
00197476,(주)코엔텍,029960,353,19930716,12,000
00563545,(주)두산테스나,131970,739,20020906,12,000
00580056,(주) 스맥,099440,29221,19960305,12,000
00585538,(주)에스에너지,095910,2811,20010112,12,000
00596677,(주)매커스,093520,4659,20061214,12,000
00599106,(주)네오리진,094860,58221,20070220,12,000
00654175,(주)피엠티,147760,27212,20040512,12,000
00694942,(주)이미지스테크놀로지,115610,2611,20040325,12,000
00778235,주식회사 티에스인베스트먼트,246690,64209,20080228,12,000
00866451,워트 주식회사,396470,29271,20040408,12,000
00916516,(주)흥국에프엔비,189980,11209,20080325,12,000
00956028,엑세스바이오 인코퍼레이션,950130,213,20020927,12,000
01037214,(주)킵스바이오파마,256940,212,20000904,12,000
01042979,휴마시스(주),205470,213,20140829,12,000
00536286,(주)윈팩,097800,2612,20020403,12,000
01931585,엔에이치기업인수목적32호 주식회사,0054V0,6619,20250509,12,000
00957735,(주)클리오,237880,20423,19970531,12,000
00118044,동원수산(주),030720,03111,19700505,12,000
00624378,(주)마이크로투나노,424980,26129,20000828,12,000
00106881,(주)인디에프,014990,14112,19800908,12,000
01437432,주식회사 디티앤씨알오,383930,70113,20170403,12,000
00120924,매일홀딩스(주),005990,104,19690214,12,000
00128971,디엘건설(주),001880,411,19561017,12,000
00479787,(주)인텍플러스,064290,292,19951013,12,000
01139497,주식회사 에스제이켐,217910,20129,20031009,12,000
01046391,(주)싸이토젠,217330,70113,20100318,12,000
01068737,주식회사 에이치피오,357230,108,20120406,12,000
01073678,(주)얼라인드제네틱스,238120,273,20081002,12,000
01089378,(주)디와이디,219550,464,20150422,12,000
01095704,케이엠제약(주),225430,204,20150710,12,000
01124680,(주)보라티알,250000,4632,20151102,12,000
01210066,주식회사 리파인,377450,63991,20020710,12,000
01222867,(주)제테마,216080,213,20090717,12,000
01226410,(주)씨앤씨인터내셔널,352480,20423,20131025,12,000
01258020,주식회사 에스바이오메딕스,304360,212,20030811,12,000
01261644,(주)레인보우로보틱스,277810,29280,20110210,12,000
01299203,(주)그리드위즈,453450,739,20130305,12,000
01393721,(주)포커스에이아이,331380,265,20190710,12,000
01406265,주식회사 와이랩,432430,591,20101112,12,000
00177199,디씨엠(주),024090,2419,19870302,12,000
00430089,삼보오토(주),070080,30,20021113,12,000
01297898,(주)마음에이아이,377480,58222,20140108,12,000
00442455,(주)코스나인,082660,204,20010620,12,000
01035942,(주)메디안디노스틱,233250,213,19991018,12,000
00150536,진양제약(주),007370,212,19780607,12,000
00402110,(주)시큐브,131090,58221,20000323,12,000
01051065,(주)엔비티,236810,71310,20120917,12,000
01701753,유안타제13호기업인수목적 주식회사,449020,66199,20221104,12,000
00820389,(주)한울비앤씨,214870,465,20040224,12,000
01311310,주식회사 지아이텍,382480,292,20120502,12,000
00617998,(주)폴라리스세원,234100,303,19911223,12,000
00618410,(주)케이에스인더스트리,101000,292,20040603,12,000
00657783,모델솔루션 주식회사,417970,292,20050225,12,000
01416642,주식회사 다보링크,340360,264,20191017,12,000
01435489,범한퓨얼셀 주식회사,382900,28111,20191231,12,000
01437858,주식회사 진시스템,363250,271,20100324,12,000
01440153,(주)넥사다이내믹스,351320,29272,20200306,12,000
01462605,지투파워(주),388050,28123,20101217,12,000
01480568,(주)이지바이오,353810,109,20200501,12,000
01638387,케이지에이(주),455180,29271,20171031,12,000
01784914,주식회사 클로봇,466100,58221,20170508,12,000
01963520,신한제17호기업인수목적 주식회사,0130D0,661,20251027,12,000
01406618,(주)비올메디컬,335890,271,20190902,12,000
01947072,미래에셋비전기업인수목적8호 주식회사,0093G0,66199,20250722,12,000
01335851,주식회사 박셀바이오,323990,70113,20100218,12,000
00126380,삼성전자(주),005930,264,19690113,12,000
01946596,미래에셋비전기업인수목적9호 주식회사,0096D0,66199,20250807,12,000
01867749,(주)유비씨,495810,58221,20100430,12,000
01261893,(주)케이씨텍,281820,272,20171101,12,000
01649620,아우토크립트 주식회사,331740,58222,20190823,12,000
00144021,원풍물산(주),008290,14111,19721220,12,000
00664853,제이씨케미칼(주),137950,2049,20060324,12,000
00172936,동일산업(주),004890,24113,19661227,12,000
00799177,(주)삼기,122350,303,20091224,12,000
00173874,넥센타이어(주),002350,221,19580411,12,000
00923516,(주)메가터치,446540,28201,20100909,12,000
00179489,명인제약(주),317450,21212,19881108,12,000
00233653,(주)한국토지신탁,034830,642,19960404,12,000
01031229,(주)한국비티비,219750,271,19990212,12,000
01032583,(주)강동씨앤엘,198440,233,20140428,12,000
00274933,(주)신세계푸드,031440,561,19791011,12,000
01033591,큐알티 주식회사,405100,73909,20140402,12,000
00299002,에이치엘홀딩스(주),060980,64992,19991127,12,000
01061558,덕산네오룩스(주),213420,262,20141231,12,000
00350312,에이치디씨랩스(주),039570,423,19990917,12,000
01507810,애니메디솔루션(주),390110,27199,20161214,12,000
00186559,(주)아이티센씨티에스,031820,6201,19830818,12,000
00641393,엔시트론(주),101400,2611,20000404,12,000
01337017,주식회사 이앤에치,341310,13992,20010328,12,000
00147860,(주)에스엠벡셀,010580,303,19750411,12,000
00567222,우림피티에스(주),101170,29142,20000301,12,000
01781999,(주)에임드바이오,0009K0,70113,20180827,12,000
01109539,(주)와이씨,232140,292,20151022,12,000
00357935,에이치디씨현대이피(주),089470,204,20000115,12,000
01113499,(주)아이티센피엔에스,232830,58221,20111125,12,000
00365387,AJ네트웍스 주식회사,095570,76320,20000210,12,000
00369833,유니온머티리얼(주),047400,23222,20000630,12,000
01264438,(주)자이언트스텝,289220,59113,20080605,12,000
01343665,알에프머트리얼즈(주),327260,26299,20071228,12,000
00458234,아시아나아이디티(주),267850,62021,19910902,12,000
00459871,(주)농심홀딩스,072710,64992,20030710,12,000
00896285,(주)삼양사,145990,108,20111103,12,000
01965698,엔에이치기업인수목적33호(주),0130H0,661,20251027,12,000
01042775,에이치엘만도(주),204320,303,20140902,12,000
01205842,에이치디건설기계(주),267270,29241,20170403,12,000
00756163,(주)볼빅,206950,33309,20081201,12,000
00674498,(주)골프존홀딩스,121440,461,20000508,12,000
01761296,한국제12호기업인수목적 주식회사,458610,66199,20230503,12,000
01428203,(주)케이씨씨글라스,344820,2311,20200102,12,000
00361725,네이트커뮤니케이션즈 주식회사,066270,631,19960919,12,000
01016886,(주)테크엔,308700,28422,20090527,12,000
01011438,(주)에이치엘사이언스,239610,108,20000928,12,000
00113058,한화생명보험(주),088350,65110,19460909,12,000
01906598,하나35호기업인수목적 주식회사,0041L0,66199,20250331,12,000
00148540,CJ(주),001040,64992,19530801,12,000
01853214,신한제14호기업인수목적 주식회사,487360,66199,20240614,12,000
00127857,(주)삼익악기,002450,33201,19730104,12,000
00917861,(주)슈피겐코리아,192440,339,20090218,12,000
00755739,(주)파인테크닉스,106240,28410,20090101,12,000
00138303,(주)아이티센엔텍,010280,62021,19811208,12,000
01016479,(주)오로스테크놀로지,322310,292,20031021,12,000
01554508,(주)액스비스,0011A0,289,20091120,12,000
00107613,(주)이수페타시스,007660,2622,19720204,12,000
00126566,한화에어로스페이스(주),012450,31321,19770801,12,000
00187770,(주)한국파마,032300,212,19851224,12,000
00992543,엘케이삼양(주),225190,273,20130802,12,000
01429220,(주)피아이이,452450,29299,20180706,12,000
01949140,교보19호기업인수목적 주식회사,0098T0,66199,20250814,12,000
00565154,(주)이노션,214320,71310,20050517,12,000
01949584,아이비케이에스제25호기업인수목적 주식회사,0099X0,66199,20250820,12,000
00260356,산은캐피탈(주),008270,64911,19721216,12,000
00171265,(주)파라다이스,034230,91249,19720427,12,000
00138224,쌍용씨앤이주식회사,003410,23311,19620514,12,000
01800285,비엔케이제2호기업인수목적(주),473370,66199,20231121,12,000
00871587,(주)보원케미칼,0010F0,2221,19941227,12,000
00385415,(주)일신바이오베이스,068330,29171,19940927,12,000
00501970,퀀타피아(주),078940,464,20040701,12,000
00172945,동일스틸럭스(주),023790,24121,19670712,12,000
00155531,(주)풍산홀딩스,005810,64992,19681022,12,000
01703849,(주)노머스,473980,90199,20190313,12,000
00537337,(주)앤씨앤,092600,2611,19970513,12,000
00373447,(주)서린바이오사이언스,038070,467,19940401,12,000
00103510,인지컨트롤스(주),023800,30310,19780131,12,000
00130383,(주)서부티엔디,006730,551,19790713,12,000
00104786,(주)미래아이앤지,007120,620,19710301,12,000
00230425,(주)나노엔텍,039860,27199,19871118,12,000
00159698,한국지역난방공사,071320,35300,19851101,12,000
00210980,(주)원익,032940,4659,19831031,12,000
00526696,(주)웨이브일렉트로닉스,095270,272,19991013,12,000
00963976,에스지이(주),255220,23991,20091211,12,000
01688346,유안타제11호기업인수목적 주식회사,444920,661,20220914,12,000
00783246,글로벌에스엠테크리미티드,900070,64992,20080828,12,000
01360875,주식회사 탑머티리얼,360070,28202,20120215,12,000
00453284,교촌에프앤비(주),339770,46313,19991112,12,000
00103626,한솔피엔에스(주),010420,467,19750204,12,000
00136341,신성통상(주),005390,467,19680111,06,000
01318933,(주)지니틱스,303030,261,20180626,12,000
01398151,(주)밸로프,331520,582,20190715,12,000
00134723,페이퍼코리아(주),001020,171,19530606,12,000
00147082,재영솔루텍(주),049630,27309,19841220,12,000
01021666,(주)덕산테코피아,317330,2049,20060316,12,000
01318261,(주)더블유에스아이,299170,464,20180511,12,000
01374443,(주)인투셀,287840,70113,20150401,12,000
00583442,(주)노루페인트,090350,20411,20060602,12,000
01455492,(주)데이원컴퍼니,373160,85669,20170417,12,000
01258507,롯데웰푸드(주),280360,108,20171001,12,000
00146436,엔브이에이치코리아(주),067570,30320,19840117,12,000
00119140,핸즈코퍼레이션(주),143210,303,19720303,12,000
00121288,(주)모나미,005360,46452,19671228,12,000
00173591,(주)세원물산,024830,303,19850201,12,000
00177870,(주)대창솔루션,096350,251,19771026,12,000
00124090,(주)한국특강,007280,24121,19710518,12,000
00125080,AK홀딩스(주),006840,64992,19701013,12,000
00131197,(주)서원,021050,243,19880907,12,000
00249502,(주)골드앤에스,035290,581,19941114,12,000
00135050,(주)팜젠사이언스,004720,212,19660822,12,000
00258360,(주)위지트,036090,29272,19970204,12,000
00135111,(주)수산세보틱스,017550,29241,19840302,12,000
00141477,(주)영흥,012160,24123,19770420,12,000
00260611,웰킵스하이텍(주),043590,261,19741023,12,000
00152880,코오롱글로벌(주),003070,41221,19601228,12,000
00261373,(주)마크로젠,038290,73909,19970605,12,000
00164830,에이치디한국조선해양(주),009540,64992,19731228,12,000
00264671,(주)세중,039310,582,19951207,12,000
00113508,(주)노루홀딩스,000320,64992,19451101,12,000
00148610,한화투자증권(주),003530,66121,19620719,12,000
00141583,주식회사 삼양컴텍,484590,25200,19621222,12,000
00533924,(주)이브이첨단소재,131400,2622,20040301,12,000
00102858,고려아연(주),010130,24213,19740801,12,000
00104999,(주)윌비스,008600,46413,19730309,12,000
00157636,(주)케이피에프,024880,259,19631031,12,000
01596425,에스케이스퀘어 주식회사,402340,64992,20211102,12,000
01187148,(주)케어랩스,263700,713,20120410,12,000
01690235,유안타제12호기업인수목적 주식회사,446150,661,20220923,12,000
01159233,주식회사 솔루엠,248070,2629,20150702,12,000
00232007,(주)상지건설,042940,411,19790621,12,000
00469799,(주)이엔플러스,074610,29193,20031203,12,000
00244747,(주)파크시스템스,140860,27219,19970407,12,000
01067808,(주)넵튠,217270,582,20150319,12,000
01136001,(주)나노실리칸첨단소재,286750,20129,20070515,12,000
01109690,도부(주),227420,132,20070216,12,000
00409788,비에이치아이주식회사,083650,29176,19980612,12,000
01957282,테라뷰홀딩스,950250,64992,20240719,04,000
00166227,화승인더스트리(주),006060,46800,19690507,12,000
00728638,한세실업(주),105630,14199,20090106,12,000
00348292,(주)한빛소프트,047080,5821,19990106,12,000
01518506,(주)타조이엔터테인먼트,476710,901,20110805,12,000
01745173,(주)이노테크,469610,29299,20130604,12,000
00115472,미주제강(주),002670,24121,19590518,12,000
00104698,(주)LS네트웍스,000680,46800,19491221,12,000
00128175,(주)원익큐브,014190,46739,19790612,12,000
00112059,(주)상상인증권,001290,66121,19540830,12,000
00131896,(주)선광,003100,52942,19610125,12,000
00112651,(주)대창,012800,24221,19771219,12,000
00139153,에코플라스틱(주),038110,30320,19840601,12,000
00115977,아이에스동서(주),010780,2332,19750901,12,000
00117300,(주)TCC스틸,002710,24191,19590716,12,000
00155452,풍국주정공업(주),023900,11121,19540227,12,000
00118345,디아이동일(주),001530,46103,19550805,12,000
00198192,(주)한국팩키지,037230,17223,19931108,12,000
00203209,(주)에쎈테크,043340,29133,19930806,12,000
00140061,티케이지애강(주),022220,22211,19900122,12,000
00268118,(주)코맥스,036690,2642,19761203,12,000
00156859,다올투자증권(주),030210,661,19810501,12,000
00307222,(주)와이비엠넷,057030,857,20000607,12,000
01228515,(주)앱튼,270520,721,20170420,12,000
01569102,주식회사 라이콤,388790,264,20210517,12,000
01364297,(주)코퍼스코리아,322780,591,20190401,12,000
01222113,(주)인스웨이브,450520,58222,20020415,12,000
01383779,(주)에스켐,475660,204,20140514,12,000
00252135,주성엔지니어링(주),036930,29229,19950413,12,000
00113526,(주)대한항공,003490,511,19620619,12,000
00227333,(주)네패스,033640,261,19901227,12,000
00129420,(주)까뮤이앤씨,013700,41121,19781222,12,000
00229030,(주)알멕,354320,24222,20011101,12,000
00132637,동원시스템즈(주),014820,222,19800510,12,000
00230911,(주)에이치알에스,036640,20201,19810630,12,000
00133706,한국제지(주),027970,171,19840716,12,000
00307028,경남제약 주식회사,053950,212,19981229,12,000
00138190,(주)지에스글로벌,001250,468,19540731,12,000
00318316,대아티아이(주),045390,289,19950912,12,000
00364740,(주)머큐리,100590,2642,20000821,12,000
00139454,애경산업(주),018250,20422,19850425,12,000
00366137,케이지에코솔루션(주),151860,302,19991029,12,000
00139889,SKC(주),011790,204,19730716,12,000
00389998,한성크린텍(주),066980,721,19980924,12,000
00141875,(주)사조오양,006090,102,19690609,12,000
00145446,이건산업(주),008250,16211,19721207,12,000
00492706,씨싸이트(주),109670,14199,19990309,12,000
00146083,일동홀딩스(주),000230,212,19410314,12,000
01559637,(주)블루엠텍,439580,467,20150326,12,000
01760640,교보14호기업인수목적 주식회사,456490,6619,20230331,12,000
00808068,(주)앤로보틱스,138360,292,20040630,12,000
01514005,주식회사 크라우드웍스,355390,582,20170425,12,000
00133858,세방전지(주),004490,28202,19520910,12,000
00261887,(주)티엘아이,062860,2611,19981028,12,000
00252269,(주)아이에이,038880,262,19930805,12,000
00137359,신풍제약(주),019170,212,19860723,12,000
00100957,(주)건영,012720,4111,19771107,12,000
00149646,중소기업은행,024110,64121,19610725,12,000
00216434,(주)체리부로,066360,10121,19910907,12,000
00124805,(주)푸른저축은행,007330,64132,19710629,12,000
00154462,(주)아모레퍼시픽홀딩스,002790,20423,19590306,12,000
00408266,(주)유니온바이오메트릭스,203450,26429,20000229,12,000
00624509,(주)디바이스,187870,29271,20021001,12,000
00347716,(주)중앙첨단소재,051980,264,19990423,12,000
00990819,(주)아티스트스튜디오,200350,591,20070302,12,000
01309388,엘에스티라유텍(주),322180,582,20060825,12,000
01751448,대신밸런스제15호기업인수목적 주식회사,457390,66199,20230411,12,000
00525642,코오롱생명과학(주),102940,2110,20000421,12,000
00148896,오씨아이홀딩스 주식회사,010060,64992,19740701,12,000
00153621,참엔지니어링(주),009310,29271,19731004,12,000
00540571,(주)엘디티,096870,2611,19971113,12,000
00153861,(주)태영건설,009410,41221,19731120,12,000
00541163,(주)이엠텍,091120,262,20010118,12,000
00159023,SK텔레콤(주),017670,61220,19840420,12,000
00569691,(주)디엔에프,092070,2049,20010105,12,000
00162586,한올바이오파마(주),009420,212,19731120,12,000
00572905,(주)아이에스시,095340,465,20010222,12,000
00163114,(주)서연,007860,64992,19720421,12,000
00611736,(주)엑시콘,092870,29271,20010308,12,000
00164636,에이치디씨(주),012630,649,19771014,12,000
00327396,(주)옵트론텍,082210,273,19990526,12,000
00127875,삼익제약(주),014950,21212,19800723,12,000
00100601,(주)강원에너지,114190,289,19760206,12,000
01096341,(주)넥슨게임즈,225570,582,20150714,12,000
00959210,코츠테크놀로지(주),448710,26310,19990526,12,000
01596920,알지노믹스(주),476830,70113,20170829,12,000
00234412,(주)신세계인터내셔날,031430,4741,19801025,12,000
00407975,(주)엔터미디어,068420,26,19940510,12,000
00406392,(주)엔에스쇼핑,138250,47919,20010615,12,000
01416235,고스트스튜디오(주),950190,58212,20160906,12,000
00384948,(주)대유,290380,2031,19770406,12,000
00583026,(주)멤레이비티,072770,620,19980303,12,000
00989619,(주)알테오젠,196170,70113,20080513,12,000
01190780,(주)파워풀엑스,266870,204,20141120,12,000
01456011,주식회사 디어유,376300,58222,20170704,12,000
01701328,아이비케이에스제22호기업인수목적 주식회사,448760,66199,20221028,12,000
01627363,(주)세미파이브,490470,721,20190530,12,000
00125664,삼미금속(주),012210,25912,19770922,12,000
00117072,(주)동양건설산업,005900,41221,19681219,12,000
01958111,메리츠제1호기업인수목적 (주),0088D0,66199,20250714,12,000
01135084,에스와이스틸텍(주),365330,2511,20150701,12,000
00531829,(주)엠아이텍,179290,27192,19910401,12,000
00190756,(주)와이엔텍,067900,38220,19900831,12,000
00301246,(주)에스에프에이반도체,036540,2611,19980630,12,000
00356927,(주)에이디칩스,054630,339,19960416,12,000
00109189,(주)대덕,008060,64992,19720811,12,000
00126937,(주)삼양홀딩스,000070,64992,19241001,12,000
00362122,주식회사 나래나노텍,137080,292,19951211,12,000
01351080,(주)지아이이노베이션,358570,70113,20170719,12,000
00231691,(주)판타지오,032800,901,19910108,06,000
00151395,(주)천일고속,000650,49220,19490930,12,000
00579999,(주)고영테크놀러지,098460,29271,20020425,12,000
01319808,한일시멘트(주),300720,23311,20180702,12,000
01963140,신한제18호기업인수목적주식회사,0129K0,661,20251027,12,000
01391033,주식회사 엔에이치프라임위탁관리부동산투자회사,338100,681,20190530,11,000
01130849,파라택시스이더리움(주),290560,58221,20050121,12,000
00185505,(주)제일바이오,052670,21230,19890221,12,000
00209443,우리금융캐피탈(주),033660,64911,19940221,12,000
00957568,(주)로아앤코,214310,71531,20070704,12,000
00176835,농업회사법인 (주)엔에이치농우바이오,054050,01123,19900605,12,000
00513948,(주)녹십자엠에스,142280,213,20031229,12,000
00110884,(주)엠젠솔루션,032790,46510,19730921,12,000
00495633,(주)율촌,146060,24131,19860423,12,000
00323868,웹케시(주),053580,582,19990708,12,000
00250614,삼영엠텍(주),054540,2511,19970129,12,000
00268002,세종텔레콤(주),036630,423,19920609,12,000
00317487,(주)티에스넥스젠,043220,292,19950731,12,000
01062177,(주)제놀루션,225220,211,20060220,12,000
01085442,(주)오건에코텍,212310,27192,20061110,12,000
01396676,(주)일승,333430,311,20190807,12,000
00248053,주식회사 지에스엔텍,037640,25114,19880112,12,000
00494546,(주)오비고,352910,620,20030318,12,000
01168383,일동제약(주),249420,212,20160801,12,000
00565215,(주)아이티센코어,243870,62021,20040930,12,000
00111227,대양제지공업(주),006580,1710,19700211,12,000
00116408,동신건설(주),025950,41221,19581008,12,000
00442561,(주)에프알텍,073540,2642,20001013,12,000
00142713,(주)형지아이앤씨,011080,1419,19760225,12,000
00657224,(주)아이스크림미디어,461300,582,20020222,12,000
00136721,신영증권(주),001720,66121,19560225,03,000
00186939,(주)특수건설,026150,412,19710531,12,000
00442835,(주)메타랩스,090370,141,20001103,12,000
01022902,(주)애드바이오텍,179530,21230,20000616,12,000
01263527,주식회사 카이노스메드,284620,701,20171103,12,000
01341630,(주)이노에이엑스,296640,58222,20070111,12,000
01267958,주식회사 프로티아,303360,271,20000322,12,000
01775952,한국제13호기업인수목적 주식회사,464440,66199,20230717,12,000
00264635,에스넷시스템(주),038680,62021,19990208,12,000
01199727,(주)샘씨엔에스,252990,2629,20160610,12,000
01011872,(주)엔에스엠,238170,202,20100831,12,000
01218299,주식회사 에코아이,448280,716,20050406,12,000
01286476,알에프시스템즈(주),474610,25924,20001103,12,000
01405451,주식회사 알체라,347860,58222,20160603,12,000
01780608,(주)메쥬,0088M0,27112,20180426,12,000
00116426,(주)이렘,009730,2413,19740325,12,000
00112022,대원화성(주),024890,22214,19740523,12,000
00105280,(주)현대지에프홀딩스,005440,64992,19680227,12,000
00187415,(주)코미팜,041960,212,19720921,12,000
00606664,(주)케이엔더블유,105330,303,20010112,12,000
00128546,삼천당제약(주),000250,212,19431229,12,000
01051092,피씨엘(주),241820,213,20080212,12,000
00415646,(주)드림텍,192650,2629,19980922,12,000
00238782,(주)다우데이타,032190,46510,19920610,12,000
01593668,주식회사 센서뷰,321370,262,20150605,12,000
01011395,(주)레몬,294140,20501,20120918,12,000
01722437,한화갤러리아(주),452260,47111,20230302,12,000
00364254,(주)알티캐스트,085810,58222,19990201,12,000
00148993,하이트진로홀딩스(주),000140,64992,19330809,12,000
00867478,농업회사법인아시아종묘(주),154030,011,20040624,12,000
01381805,주식회사 아로마티카,0015N0,20423,20010201,12,000
00117212,(주)두산,000150,26221,19331208,12,000
01030132,(주)경남은행,192520,64121,20140508,12,000
00122056,미창석유공업(주),003650,19221,19621227,12,000
01516933,(주)덕양에너젠,0001A0,352,20201109,12,000
00357430,(주)쎌바이오텍,049960,211,19950207,12,000
00104722,국제약품(주),002720,212,19590727,12,000
00112378,KR모터스(주),000040,319,19170917,12,000
00117337,(주)동양,001520,23322,19550825,12,000
00118451,동일제강(주),002690,24122,19590713,12,000
00188973,화일약품(주),061250,212,19801118,12,000
00159740,KISCO홀딩스(주),001940,241,19570219,12,000
00160047,한국앤컴퍼니(주),000240,64992,19410510,12,000
00203582,(주)한솔홈데코,025750,161,19911227,12,000
00205687,더라미(주),032860,383,19860101,12,000
00305668,새론오토모티브(주),075180,303,19990331,12,000
00243067,(주)부방,014470,681,19791214,12,000
00131018,(주)서울제약,018680,2121,19851223,12,000
01160363,(주)에코프로비엠,247540,28202,20160502,12,000
01884065,디비금융제14호기업인수목적 주식회사,0004Y0,649,20241209,12,000
01906552,엘에스기업인수목적1호 주식회사,0041J0,661,20250326,12,000
00149594,한국캐피탈(주),023760,64911,19891122,12,000
01311286,주식회사 퀀타매트릭스,317690,27199,20101129,12,000
00136101,메이슨캐피탈주식회사,021880,64911,19890901,12,000
00151605,청보(주),013720,303,19781229,12,000
01353848,(주)이노벡스,279060,272,20131113,12,000
00350048,오성첨단소재(주),052420,222,19940622,12,000
00577593,(주)져스텍,153890,28111,19991116,12,000
00122737,팬오션(주),028670,50112,19660528,12,000
01336443,디와이씨(주),310870,303,20181022,12,000
01108248,(주)지노믹트리,228760,701,20001006,12,000
01657197,주식회사 바이오비쥬,489460,204,20180712,12,000
00293886,(주)위닉스,044340,28519,19860922,12,000
01070149,올리패스(주),244460,211,20061116,12,000
01118643,(주)솔루믹스,238500,739,20030917,12,000
01332137,(주)노보믹스,283100,701,20100304,12,000
00870065,쓰리에이로직스(주),177900,2611,20040412,12,000
00280688,스튜디오에스(주),046140,591,19990821,12,000
01854763,(주)에이치에스효성,487570,64999,20240701,12,000
00353610,이니텍(주),053350,58221,19970613,12,000
00925967,(주)이엠티,232530,28202,20100223,03,000
00379229,(주)에스에이티,060540,27215,19981221,12,000
01336735,주식회사 펨토바이오메드,327610,271,20110708,12,000
00406329,(주)루멘스,038060,2612,19960617,12,000
00412348,엘비세미콘(주),061970,2612,20000210,12,000
00455875,와토스코리아(주),079000,22222,19970613,12,000
00491938,지에이치신소재(주),130500,13992,20011207,12,000
01190124,미디어젠(주),279600,58222,20000620,12,000
01365825,피에스케이 주식회사,319660,29271,20190401,12,000
01586455,주식회사 꿈비,407400,32099,20141027,12,000
01685677,주식회사 리센스메디컬,394420,27199,20161018,12,000
00181934,(주)플랜텍,051310,41225,19890615,12,000
00523307,(주)다원시스,068240,2811,19960115,12,000
01262023,(주)루트락,253610,467,20140515,12,000
00415868,(주)펩트론,087010,211,19971121,12,000
00533003,디케이락(주),105740,29133,19920120,12,000
00168331,(주)온타이드,005320,46413,19671208,12,000
00238001,(주)블루콤,033560,26529,19911007,12,000
00164645,에이치엠엠(주) ,011200,50112,19760325,12,000
00964595,(주)엔바이오니아,317870,339,20010116,12,000
01084364,(주)다산디엠씨,208860,58222,19980812,12,000
01467451,(주)케이티밀리의서재,418470,581,20160712,12,000
01414422,(주)아이비김영,339950,85503,20191011,12,000
00136457,(주)SH에너지화학,002360,201,19580509,12,000
00126955,삼양식품(주),003230,108,19610915,12,000
01675254,엔에이치기업인수목적26호,439410,6619,20220715,12,000
01516456,주식회사 인벤티지랩,389470,701,20150514,12,000
00243988,에스케이브로드밴드(주),033630,61210,19970926,12,000
01035289,(주)제이케이리버스톤자기관리부동산투자회사,204210,681,20140110,12,000
00113261,대한광통신(주),010170,283,19740902,12,000
00145437,주식회사 아센디오,012170,591,19770421,12,000
00808086,에이치엘비펩(주),196300,211,20000502,12,000
00101257,경남기업(주),000800,41112,19510829,12,000
00305941,(주)노브랜드,145170,14300,19941001,12,000
00134477,SNT다이내믹스(주),003570,30331,19590401,12,000
01985203,교보20호기업인수목적 주식회사,0132G0,649,20251031,12,000
00409140,이원컴포텍(주),088290,303,19941118,12,000
00526836,미래나노텍(주),095500,2229,20020801,12,000
00344287,에이치디현대인프라코어(주),042670,29241,20001023,12,000
00616962,린드먼아시아인베스트먼트(주),277070,64209,20060705,12,000
00480048,(주)모다이노칩,080420,474,20000424,12,000
01683387,미래에셋드림기업인수목적1호 주식회사,442900,66199,20220826,12,000
00172079,에이치엘비파나진 주식회사,046210,21301,19760707,12,000
00263140,(주)휴스토리,046400,26,19980530,12,000
00389110,(주)지어소프트,051160,58221,19980813,12,000
00116268,동성제약(주),002210,212,19571125,12,000
01032404,콜마비앤에이치(주),200130,211,20140422,12,000
01344363,(주)다원넥스뷰,323350,292,20091120,12,000
00241005,코오롱이앤피(주),138490,20202,19960315,12,000
00542074,(주)엘에스케이아이로봇,091970,2229,19991223,12,000
01027794,(주)브이원텍,251630,29272,20060530,12,000
01262032,롯데이노베이트(주),286940,62021,20171102,12,000
01413371,에이치엘비사이언스(주),343090,213,20160425,12,000
00118460,태림페이퍼(주),019300,1710,19860916,12,000
00129411,삼환기업(주),000360,41221,19460315,12,000
00206659,(주)이랜텍,054210,262,19820121,12,000
01674538,엔에이치기업인수목적24호 주식회사,437780,6619,20220629,12,000
01669475,하나금융25호기업인수목적 주식회사,435620,66199,20220603,12,000
00219848,(주)서희건설,035890,4112,19821022,12,000
00628189,(주)웅진씽크빅,095720,85120,20070509,12,000
00255105,(주)케이바이오랩스,038530,464,19970624,12,000
00132868,(주)우성머티리얼스,011300,13213,19760420,12,000
00442905,(주)디에스엠,104040,30399,20000104,12,000
00182696,대한조선 주식회사,439260,3111,19870930,12,000
01529982,주식회사 씨엠티엑스,388210,26299,20130118,12,000
00614089,주식회사 에이원큐브텍,234070,76310,20050426,12,000
01258428,프레스티지바이오로직스(주),334970,212,20150602,06,000
00124027,부산산업(주),011390,23322,19760515,12,000
00362292,(주)씨티씨바이오,060590,212,19951228,12,000
00615723,(주)알엔티엑스,123010,262,20031008,12,000
00425254,(주)나우코스,257990,20423,20000327,12,000
00982023,주식회사 실리콘투,257720,46800,20020119,12,000
00148531,제이스코홀딩스(주),023440,24121,19640718,12,000
01179608,(주)포인트엔지니어링,256630,25923,20161013,12,000
01394669,(주)누보,332290,203,20190724,12,000
00185301,제이피아이헬스케어(주),0010V0,27199,19801222,12,000
01910759,삼성기업인수목적10호(주),0044K0,66199,20250408,12,000
01717170,상상인제4호기업인수목적 주식회사,452670,66199,20230131,12,000
00159810,(주)카프로,006380,20119,19691230,12,000
00186452,(주)광무,029480,26410,19910527,12,000
00602172,와이엠티(주),251370,201,19990211,12,000
00677486,(주)그린광학,0015G0,273,19990414,12,000
00136925,신원종합개발(주),017000,41112,19830530,12,000
01091054,(주)쎄노텍,222420,23993,20150527,12,000
00989664,코아스템켐온 주식회사,166480,212,20031230,12,000
00681142,(주)쌍방울,102280,14120,20080502,12,000
01042085,(주)엑셈,205100,58221,20140821,12,000
01563667,(주)더즌,462860,612,20171123,12,000
01182444,(주)셀리버리,268600,70113,20140314,12,000
01945339,신영해피투모로우제11호기업인수목적(주),0091W0,6619,20250725,12,000
01965333,(주)삼양바이오팜,0120G0,212,20251103,12,000
00306719,에스텍(주),069510,26529,19990916,12,000
00653103,(주)퓨처코어,151910,262,20041202,12,000
00143651,(주)웅진,016880,64992,19830321,12,000
00122825,(주)프리티,006490,612,19700727,12,000
00226866,인탑스(주),049070,2642,19750902,12,000
00450010,(주)씨티알모빌리티,308170,303,19940221,12,000
01803635,주식회사 에스투더블유,488280,582,20180917,12,000
01319899,에스케이바이오사이언스(주),302440,211,20180701,12,000
00115384,(주)동방아그로,007590,2032,19711231,12,000
00402989,(주)유한코스메틱,069110,20423,19991207,12,000
01182578,(주)디에이치오토리드,290120,30399,20161004,12,000
00541862,(주)판도라티비,202960,58221,19990129,12,000
01674468,엔에이치기업인수목적25호 주식회사,438580,66199,20220707,12,000
01432598,(주)지씨지놈,340450,739,20130731,12,000
00132488,(주)신세계톰보이,012580,4741,19770920,12,000
00526872,(주)이수앱지스,086890,213,20010329,12,000
00815767,(주)위메이드플레이,123420,5821,20100225,12,000
00204226,(주) 소프트센,032680,639,19880411,12,000
01786514,삼성기업인수목적9호(주),468510,661,20230914,12,000
00136095,(주)조은저축은행,031920,64132,19720505,12,000
00476498,(주)컴투스,078340,5821,19980807,12,000
00968607,주식회사 더본코리아,475560,468,19940112,12,000
01010110,(주)더블유게임즈,192080,5821,20120501,12,000
01099861,(주)에이텍모빌리티,224110,26429,20150720,12,000
00607496,(주)한빛레이저,452190,29221,19971007,12,000
01137383,(주)카카오게임즈,293490,5821,20130822,12,000
01140837,주식회사 이지트로닉스,377330,2811,20081124,12,000
00242712,엘컴텍(주),037950,26291,19910913,12,000
01515323,(주)엘지에너지솔루션,373220,28202,20201201,12,000
00339072,(주)팬스타엔터프라이즈,054300,29169,19951121,12,000
00983271,엔에이치엔(주),181710,5821,20130801,12,000
00215976,(주)무궁화인포메이션테크놀로지,038340,262,19670407,12,000
01109715,디에스씨인베스트먼트(주),241520,64209,20120118,12,000
00545114,(주)랩지노믹스,084650,70113,20020329,12,000
01309069,(주)타이드,346010,262,20101013,12,000
00295857,(주)코다코,046070,303,19970214,12,000
00133991,(주)세아특수강,019440,24122,19861101,12,000
00390903,(주)우주일렉트로닉스,065680,2629,19990816,12,000
00585219,세원이앤씨(주),091090,251,20060703,12,000
01810477,주식회사 노타,486990,582,20150424,12,000
00349732,코나아이(주),052400,58221,19980311,12,000
00118521,진원생명과학(주),011000,212,19760127,12,000
00108001,남화토건(주),091590,411,19590822,12,000
00136776,차AI헬스케어(주),025620,204,19720630,12,000
00391197,(주)하이퍼코퍼레이션,065650,465,19970318,12,000
00146214,일성아이에스(주),003120,212,19610215,12,000
01061497,(주)에프에스엔,214270,582,20150116,12,000
00358271,(주)에스에프에이,056190,292,19981218,12,000
01467503,주식회사 뉴키즈온,462310,141,20130425,12,000
00159218,한전KPS(주),051600,42311,19840327,12,000
00292434,(주)인트론바이오테크놀로지,048530,211,19990118,12,000
01590980,(주)심플랫폼,444530,58222,20111130,12,000
01524093,디엘이앤씨 주식회사,375500,412,20210104,12,000
00480950,(주)이아이디,093230,467,20020627,12,000
00347734,진양화학(주),051630,22214,20010103,12,000
01195828,주식회사 대원모방,311840,13212,20161101,12,000
01344831,주식회사 딥노이드,315640,582,20080204,12,000
00109286,(주)대동,000490,29210,19470520,12,000
00977696,(주)넥스쳐,194510,5821,20110105,12,000
00118804,(주)동진쎄미켐,005290,20129,19730710,12,000
01506990,주식회사 옵티코어,380540,266,20160217,12,000
01047707,(주)포톤,208710,262,20141023,12,000
00273420,(주)이스트소프트,047560,58221,19930924,12,000
00397058,주식회사 엠게임,058630,5821,19991228,12,000
00112970,대한방직(주),001070,132,19530810,12,000
01090471,(주)에스에프에이넥셀,222080,292,20150522,12,000
01288827,주식회사 에이치피에스피,403870,29271,20170314,12,000
00661157,(주)인트로메딕,150840,27199,20040903,12,000
01935183,삼성기업인수목적11호(주),0071M0,66199,20250605,12,000
00531078,(주)유비온,084440,582,20000111,09,000
00972293,(주)파멥신,208340,212,20080903,12,000
00129387,에스피삼화(주),000390,20411,19460409,12,000
01384787,(주)시프트업,462870,58212,20131202,12,000
00311216,에이치엔에스하이텍(주),044990,262,19951206,12,000
00843900,(주)육일씨엔에쓰,191410,262,20070314,12,000
00111111,(주)대양금속,009190,24122,19730822,12,000
01215618,(주)와이엠텍,273640,2812,20040811,12,000
00110583,(주)디에이치오토웨어,025440,265,19790605,12,000
00616290,(주)이엠넷,123570,71310,20000420,12,000
00133317,(주)에스티씨 라이프,026220,47813,19880328,12,000
00403766,(주)한국첨단소재,062970,26410,19990921,12,000
01498974,큐리옥스바이오시스템즈(주),445680,271,20180907,12,000
00526678,(주)동방선기,099410,31114,19940706,12,000
00370918,케이디켐(주),221980,2049,19860718,12,000
00273439,(주)메디아나,041920,27112,19950619,12,000
00470829,(주)인티큐브,070590,62010,20031215,12,000
00977377,에이비온(주),203400,70113,20070416,12,000
00453488,(주)다이나믹디자인,145210,292,19990402,12,000
01656374,신영해피투모로우제8호기업인수목적 주식회사,430220,66199,20220427,12,000
01267602,(주)제이시스메디칼,287410,271,20171201,12,000
00155948,로젠(주),033290,474,19740611,12,000
00874797,(주)길교이앤씨,456700,721,20041019,12,000
01290248,(주)스코넥엔터테인먼트,276040,5821,20020416,12,000
00160588,(주)한화,000880,20494,19521028,12,000
01860010,오션스바이오 주식회사,332190,27199,20180720,12,000
01325429,(주)지아이에스,306620,292,20180824,12,000
00162911,한일사료(주),005860,109,19681126,12,000
01680131,(주)아이오바이오,447690,27199,20110809,12,000
00106395,금호전기(주),001210,28410,19350525,12,000
00139719,(주)와이지-원,019210,25934,19860925,12,000
01379563,(주)에스팀,458350,75992,20040715,12,000
00362201,(주)세운메디칼,100700,213,19820806,12,000
01689938,신영해피투모로우제9호기업인수목적 주식회사,445970,66199,20220922,12,000
00112004,주식회사 알앤엘재생의학연구소,003190,21100,19610705,12,000
00862880,(주)새빗켐,107600,2049,20010620,12,000
00961507,(주)케일럼,258610,251,20090519,12,000
00876908,모트렉스 주식회사,118990,303,20011001,12,000
01480708,주식회사 에이치이엠파마,376270,70111,20161230,12,000
00444329,(주)위메이드,112040,5821,20000210,12,000
00482426,인화정공(주),101930,31114,19990108,12,000
00367844,자이에스앤디(주),317400,681,20000408,12,000
01179617,(주)한국비엔씨,256840,211,20161014,12,000
01257872,에스프리즘 (주),288620,281,20140228,12,000
00563837,(주)제로투세븐,159580,46414,20000203,12,000
01787355,(주)나라스페이스테크놀로지,478340,31311,20150331,12,000
00139834,(주)엘지씨엔에스,064400,62021,19870114,12,000
00341314,엔더블유시(주),059180,264,19990129,12,000
01948220,미래에셋비전기업인수목적11호 주식회사,0099W0,66199,20250820,12,000
01949195,하나36호기업인수목적 주식회사,0101C0,66199,20250822,12,000
00547583,(주)하나금융지주,086790,64992,20051201,12,000
00140131,(주)키다리스튜디오,020120,631,19870729,12,000
00158325,나이스평가정보 주식회사,030190,63991,19850228,12,000
00445869,(주)유니포인트,121060,620,19961212,12,000
00159500,(주)한국종합기술,023350,72121,19630309,12,000
00138367,(주)플레이위드코리아,023770,582,19840725,12,000
00257149,지더블유바이텍(주),036180,4659,19940420,12,000
00103547,우진비앤지(주),018620,21230,19851217,12,000
00180865,디에이치엑스컴퍼니(주),031860,46800,19790912,12,000
00543204,(주)아이오케이이엔엠,078860,591,20000426,12,000
01207716,(주)앱코,129890,26329,20010711,12,000
00369213,(주)폴라리스에이아이,039980,620,19910201,12,000
00145880,현대제철(주),004020,2411,19530610,12,000
00143226,(주)엠투엔,033310,26299,19651210,12,000
00340096,미래에셋벤처투자 주식회사,100790,649,19990608,12,000
00166528,서암기계공업(주),100660,29142,19780215,12,000
00201432,(주)비츠로시스,054220,28123,19891104,12,000
00199076,(주)동일기연,032960,2629,19860306,12,000
01989041,메리츠제2호기업인수목적(주),0165X0,66199,20260211,12,000
00175623,(주)ES큐브,050120,46419,19770620,12,000
01370322,삼진식품(주),0013V0,10211,20150904,12,000
00904672,넷마블(주),251270,5821,20111117,12,000
00193009,케이에이치필룩스(주),033180,2629,19840207,12,000
01012640,슈어소프트테크 주식회사,298830,582,20020306,12,000
00104120,광진실업(주),026910,24121,19761206,12,000
01524507,(주)핀텔,291810,58222,20150904,12,000
00818472,(주)이큐셀,160600,2927,20040630,12,000
00651017,나우아이비캐피탈(주),293580,64919,20070806,12,000
00111847,대원강업(주),000430,303,19460920,12,000
00980043,(주)비큐에이아이,148780,58222,19980825,12,000
01071041,씨제이바이오사이언스(주),311690,701,20091118,12,000
00876166,(주)케이비지,318000,20202,20010302,12,000
01954832,유진기업인수목적12호 주식회사,0105P0,66199,20250902,12,000
00307189,에스케이엔펄스(주),057500,2629,19950719,12,000
00138206,쌍용건설(주),012650,41221,19771018,12,000
01934935,케이비제33호기업인수목적(주),0072Z0,66199,20250602,12,000
00103592,광동제약(주),009290,21220,19631016,12,000
01235296,(주)셀리드,299660,701,20061201,12,000
00164609,에이치디현대미포 주식회사,010620,3111,19750428,12,000
00949161,(주)티엠씨,217590,2830,20121231,12,000
00591441,어보브반도체(주),102120,2612,20060111,12,000
00108746,디케이엠이(주),015590,29176,19810930,12,000
00397289,(주)오텍,067170,304,19910731,12,000
00550082,(주)캔버스엔,210120,59114,20030404,12,000
00781202,파이온엑스,900100,452,19780501,12,000
01336373,(주)메드팩토,235980,70113,20130619,12,000
00600013,미래에셋맵스리얼티부동산공모투자회사,094800,642,20070109,12,000
00109693,디엘 주식회사,000210,20111,19391010,12,000
00117179,디와이(주),013570,64992,19781005,12,000
00199252,에이치엘비(주),028300,213,19851018,12,000
01309795,주식회사 아틀라스링크,297570,264,20180426,12,000
01368637,(주)성원에너텍,340930,29299,20120405,12,000
01042429,(주)넥써쓰,205500,582,20140827,12,000
01924673,(주)나노솔루션,238540,204,20061222,12,000
01136348,나무에이엑스(주),242040,582,20160330,12,000
01230255,(주)한울앤제주,276730,11112,20150209,12,000
01491607,주식회사 오에스피,368970,109,20040616,12,000
00531865,(주)유니테크노,241690,30331,20000623,12,000
01501764,주식회사 레메디,387690,27111,20120713,12,000
00684714,(주)풍산,103140,242,20080704,12,000
00145668,이화공영(주),001840,411,19560830,12,000
00172291,(주)더존비즈온,012510,62022,19770820,12,000
01359736,(주)프로이천,321260,261,20190313,12,000
01497142,엠아이큐브솔루션 주식회사,373170,58221,20050823,12,000
00349811,(주)오션인더블유,052300,468,19950817,12,000
01573284,코닉오토메이션(주),391710,292,20210609,12,000
00120906,(주)에스아이리소스,065420,204,19870821,12,000
00474588,(주)한중엔시에스,107640,281,19950831,12,000
01116502,(주)아티스트컴퍼니,321820,901,20100717,12,000
01267222,(주)에피소드컴퍼니,317530,59111,20141030,12,000
01276901,(주)엔피,291230,759,20180206,12,000
00393469,(주)메티스,065560,181,19870507,12,000
01669226,한화위탁관리부동산투자회사(주),451800,68112,20220510,04,000
00308559,(주)코디,080530,204,19990213,12,000
01061327,(주)클래시스,214150,271,20150115,12,000
00610861,코스텍시스템 주식회사,169670,29271,20000411,12,000
01831708,주식회사 송우인포텍,0203K0,582,20100823,12,000
00204262,(주)한컴,030520,582,19901102,12,000
00367871,인바이오주식회사,352940,2032,19971106,12,000
01065013,콜마바이오텍(주),215380,701,20150225,12,000
01391103,(주)젝시믹스,337930,639,20170823,12,000
00373571,(주)스타코링크,060240,311,19930715,12,000
00624244,에이치엘지노믹스(주),0156T0,211,20001109,12,000
01370517,(주)스트라드비젼,475040,582,20140922,12,000
00121932,미원상사(주),002840,204,19591103,12,000
01226234,(주)와이바이오로직스,338840,70113,20071231,12,000
01335453,(주)조이웍스앤코,309930,475,20181011,12,000
01424261,주식회사 레몬헬스케어,365660,58222,20170630,12,000
00965318,(주)이노시뮬레이션,274400,58221,20000524,12,000
00118008,동원모빌리티(주),018500,303,19851214,03,000
00532855,한국유니온제약 주식회사,080720,212,19850810,12,000
01352575,바이오텐(주),289170,108,20101004,12,000
00760971,주식회사 크래프톤,259960,5821,20070326,12,000
00111421,(주)휴니드테크놀러지스,005870,2642,19681211,12,000
00155586,에이치엘비이노베이션(주),024850,2629,19780616,12,000
00390365,(주)토비스,051360,265,19980908,12,000
00145862,인천도시가스(주),034590,35200,19830307,12,000
00620558,(주)루트케이,195990,29223,20040812,12,000
00829380,(주)피제이메탈,128660,2429,20100630,12,000
00915508,(주)알엔투테크놀로지,148250,262,20020326,12,000
01234507,매일유업 주식회사,267980,104,20170501,12,000
00109806,(주)삼일씨엔에스,004440,23325,19651231,12,000
00164618,현대사료(주),016790,109,19830305,12,000
00120182,엔에이치투자증권(주),005940,66121,19690116,12,000
00304915,코리아에셋투자증권(주),190650,66121,20000106,03,000
00120872,만호제강(주),001080,24123,19530904,12,000
00525864,피앤씨테크(주),237750,28123,19990304,12,000
00693651,(주)비덴트,121800,26421,20020320,12,000
00959229,(주)세종메디칼,258830,27199,20100803,12,000
00985686,(주)큐브엔터테인먼트,182360,59201,20130725,12,000
01182259,(주)알피바이오,314140,212,20160805,12,000
01182550,이원다이애그노믹스(주),245620,70113,20130506,12,000
01802928,코스모로보틱스 주식회사,439960,27199,20160928,12,000
00609634,(주)아이엠,101390,262,20060111,12,000
01207761,(주)프로브잇,227100,682,20120510,12,000
00536329,(주)노블엠앤비,106520,273,20000314,12,000
00232089,바이온(주),032980,463,19831101,12,000
01379129,주식회사 매드업,0039P0,713,20150203,12,000
00113535,대한해운(주),005880,50112,19681212,12,000
00331016,(주)에프앤가이드,064850,639,20000705,12,000
00346911,(주)아이톡시,052770,582,19970630,12,000
00481454,금호타이어(주),073240,221,20030630,12,000
00351092,삼보모터스(주),053700,303,19870925,12,000
00351579,(주)비트플래닛,049470,582,19971121,12,000
01037542,(주)엔피엑스,222160,292,20000706,12,000
00527491,(주)하이드로리튬,101670,2511,19950127,12,000
00261656,(주)잉크테크,049550,20413,19920617,12,000
01036367,(주)아크솔루션스,203690,171,20140625,12,000
00112332,미래에셋생명보험(주),085620,65110,19880307,12,000
00130587,서울전자통신(주),027040,281,19830617,12,000
00412597,(주)현대홈쇼핑,057050,47919,20010529,12,000
00861997,(주)아고스,175140,264,20020124,12,000
01366000,(주)태성,323280,292,20190405,12,000
00352499,(주)링네트,042500,62021,20000401,12,000
00126089,(주)디에이치오토넥스,000300,303,19671230,12,000
01315042,(주)시선에이아이,340810,58221,20100531,12,000
00103662,(주)광명전기,017040,28123,19830608,12,000
00249441,(주)씨씨에스충북방송,066790,60222,19970715,12,000
00542898,케이이엠텍(주),106080,2629,20010329,12,000
00428729,(주)대호에이엘,069460,24222,20021001,12,000
00556615,모바일어플라이언스 주식회사,087260,582,20040416,12,000
00146542,일정실업(주),008500,133,19730226,12,000
01307335,(주)나인앤컴퍼니,366030,144,20061102,12,000
01060735,(주)로지스몬,223220,529,20130816,12,000
01029394,(주)에코마케팅,230360,71310,20030324,12,000
01987779,한국제16호기업인수목적 주식회사,0164H0,66199,20260206,12,000
00125725,(주)디모아,016670,467,19821230,12,000
00269241,(주)주연테크,044380,26310,19880510,12,000
00595182,주식회사 아톤,158430,58221,19991013,12,000
00605522,(주)아리바이오홀딩스,290690,28422,19960702,12,000
02038566,(주)네오뷰,0218L0,265,20260701,12,000
01785700,아이비케이에스제23호기업인수목적 주식회사,467930,661,20230908,12,000
00106641,기아(주),000270,30121,19441210,12,000
00396925,(주)엠로,058970,582,20000315,12,000
00263371,(주)한국경제티브이,039340,60221,19990906,12,000
00243979,수성웹툰 주식회사,084180,29169,19820223,12,000
00683007,엑스큐어(주),070300,58222,20000915,12,000
00165680,(주)호텔신라,008770,47859,19730509,12,000
00642541,(주)제이에스링크,127120,70111,20000315,12,000
