corp_code,기업명,사업연도,재무제표,자산총계,부채총계,자본총계,무형자산,영업권,재고자산,매출액,영업이익,당기순이익,영업활동현금흐름,대사,신뢰도,합산표시,손상액,상각액,직전재무제표,기준전환,무형비중,무형비중_중앙값,적용대상,상태,업종,전기무형,전기매출,전기연도,3전무형,3전매출,3전연도,전환누적,전환누적_3전,무형_매출,무형_자산,무형_영업CF,유효상각률,영업이익률,발생액괴리,부채비율,자산로그,당기손상여부,증가괴리_1y,증가괴리_3y,무형_매출_상대,무형_자산_상대,유효상각률_상대,영업이익률_상대,연도_1,손상_1,무형_1,y_t1,연도_2,손상_2,무형_2,y_t2,y_2y
00130772,(주)SBS,2015,CFS,934369945679.0,366142256239.0,568227689440.0,8351232703.0,,2335886175.0,792884228900.0,42152487470.0,34884042815.0,30780850403.0,성공,확정,False,244686000.0,1045348000.0,,False,0.0089378224777245,0.0189631936390132,True,사용가능,텔레비전 방송,,,,,,,0,,0.010532726466997584,0.008937822477724514,0.27131260487156855,,0.05316348331014205,0.004391400248879194,0.6443583497309691,27.563138284204076,0,,,-0.10260686389667065,-0.0815062474648183,,-0.03559770728533898,2016.0,215633000.0,8447525617.0,0.0,2017.0,0.0,20708406810.0,0.0,0.0
00130772,(주)SBS,2016,CFS,894153403179.0,353378690823.0,540774712356.0,8447525617.0,,2198363344.0,829073609370.0,-7653963504.0,-510037760.0,-921116467.0,성공,확정,False,215633000.0,1228045000.0,CFS,False,0.0094475126829091,0.0189631936390132,True,사용가능,텔레비전 방송,8351232703.0,792884228900.0,2015.0,,,,0,,0.01018911411668156,0.009447512682909172,,0.14620663939642892,-0.0092319468591168,0.0004597406949841988,0.6534674842383635,27.519143189322534,0,-0.03411232109461845,,-0.09194206602026217,-0.07373290752010561,-0.11172939065105891,-0.048242602070809784,2017.0,0.0,20708406810.0,0.0,2018.0,0.0,21103952137.0,0.0,0.0
00130772,(주)SBS,2017,CFS,1092031606290.0,529039328083.0,562992278207.0,20708406810.0,,2085761291.0,773225039668.0,18665882540.0,15885507426.0,81680256776.0,성공,확정,False,0.0,1371070000.0,CFS,False,0.0189631936390132,0.0189631936390132,True,사용가능,텔레비전 방송,8447525617.0,829073609370.0,2016.0,,,,0,,0.026781862650091595,0.018963193639013297,0.25353013846162054,0.09405084220392236,0.024140297562032623,-0.060249858127757835,0.9396919790229943,27.71906093632142,0,1.5187794893605142,,-0.12842801708520057,-0.07407980847073523,-0.09341186314906084,-0.04092382215056098,2018.0,0.0,21103952137.0,0.0,2019.0,0.0,23860174168.0,0.0,0.0
00130772,(주)SBS,2018,CFS,957646530721.0,389164324106.0,568482206615.0,21103952137.0,,2606903246.0,914043241501.0,5085207350.0,5837906448.0,55145599160.0,성공,확정,False,0.0,1097395000.0,CFS,False,0.0220373086102145,0.0189631936390132,True,사용가능,텔레비전 방송,20708406810.0,773225039668.0,2017.0,8351232703.0,792884228900.0,2015.0,0,0.0,0.023088570845230534,0.022037308610214565,0.3826951281419353,0.05249141773565192,0.005563420983945251,-0.051488405304279505,0.6845672908977403,27.587744580988158,0,-0.16301729264339684,1.3742384032885873,-0.08193403735885152,-0.051209537301019376,-0.18317498039048988,-0.05992530954040693,2019.0,0.0,23860174168.0,0.0,2020.0,5980000000.0,19322407880.0,1.0,1.0
00130772,(주)SBS,2019,CFS,1247762887743.0,600644858646.0,647118029097.0,23860174168.0,,2623520028.0,817664243542.0,12579354049.0,20934114760.0,-61044443944.0,성공,확정,False,0.0,1277130000.0,CFS,False,0.0191223624315026,0.0189631936390132,True,사용가능,텔레비전 방송,21103952137.0,914043241501.0,2018.0,8447525617.0,829073609370.0,2016.0,0,0.0,0.029180894672171637,0.01912236243150265,,0.05680661918512507,0.015384498158447174,0.06570043035362742,0.9281843985774133,27.852373374029003,0,0.2360446669434512,1.838277927227558,-0.04848862052256825,-0.02955917023932992,-0.17233081545689527,-0.03330663409584474,2020.0,5980000000.0,19322407880.0,1.0,2021.0,0.0,20485977060.0,0.0,1.0
00130772,(주)SBS,2020,CFS,1170411148375.0,603439577993.0,566971570382.0,19322407880.0,,2374596080.0,860343114358.0,69052835346.0,-61928327847.0,66506840192.0,성공,확정,False,5980000000.0,1070202000.0,CFS,False,0.0165090770938291,0.0189631936390132,True,사용가능,텔레비전 방송,23860174168.0,817664243542.0,2019.0,20708406810.0,773225039668.0,2017.0,0,0.0,0.022458955685858716,0.016509077093829164,0.2905326403151576,0.04956637372033044,0.08026197245447612,-0.10973508601427756,1.0643206988075777,27.7883762118761,1,-0.2423776910130439,-0.17959774862506678,-0.03373738332474534,-0.020659856914577293,-0.15538679299608305,1.699286064014982e-05,2021.0,0.0,20485977060.0,0.0,2022.0,0.0,54327648183.0,0.0,0.0
00130772,(주)SBS,2021,CFS,1462149708150.0,740552349472.0,721597358678.0,20485977060.0,,2080518339.0,1078975236959.0,184436850625.0,144824284917.0,140125098985.0,성공,확정,False,0.0,474314000.0,CFS,False,0.0140108615046814,0.0189631936390132,True,사용가능,텔레비전 방송,19322407880.0,860343114358.0,2020.0,21103952137.0,914043241501.0,2018.0,0,0.0,0.0189865127189925,0.014010861504681414,0.14619777048073998,0.023829853972468142,0.17093705611337254,0.0032138883630088012,1.026268098914229,28.01092887156906,0,-0.1939033683725907,-0.2097246577344848,-0.03904020368573453,-0.02810717780399568,-0.08107064971444355,0.0873664012490312,2022.0,0.0,54327648183.0,0.0,2023.0,7510742000.0,46232969870.0,1.0,1.0
00130772,(주)SBS,2022,CFS,1407888696660.0,534612151995.0,873276544665.0,54327648183.0,,2031585580.0,1173781580894.0,185603490383.0,156555165794.0,-55802200559.0,성공,확정,False,0.0,1377116000.0,CFS,False,0.0385880278120593,0.0189631936390132,True,사용가능,텔레비전 방송,20485977060.0,1078975236959.0,2021.0,23860174168.0,817664243542.0,2019.0,0,0.0,0.04628429093394177,0.0385880278120593,,0.03681457743898999,0.15812438481240845,0.15083391667024906,0.6121911269242712,27.973112319872115,0,1.5640762056011472,0.8413874668912298,0.0,0.0,-0.07170644002762766,0.1120567984486999,2023.0,7510742000.0,46232969870.0,1.0,2024.0,1953174000.0,52529189498.0,0.0,1.0
00130772,(주)SBS,2023,CFS,1346398451632.0,465277013396.0,881121438236.0,46232969870.0,,2015784608.0,996763613264.0,58323294148.0,47215006482.0,63406889987.0,성공,확정,False,7510742000.0,3329298000.0,CFS,False,0.0343382524051182,0.0189631936390132,True,사용가능,텔레비전 방송,54327648183.0,1173781580894.0,2022.0,19322407880.0,860343114358.0,2020.0,0,0.0,0.04638308346610448,0.034338252405118244,0.7291474140977253,0.06621474816802159,0.05851266375687077,-0.012026071097581442,0.5280509509875073,27.928454329816404,1,0.0018125725043408036,1.2341474312376128,0.0,-0.0008956707722066609,-0.1795552413128606,0.034895053179314184,2024.0,1953174000.0,52529189498.0,0.0,2025.0,6946229000.0,35116031251.0,1.0,1.0
00130772,(주)SBS,2024,CFS,1512366601922.0,605931982154.0,906434619768.0,52529189498.0,,2432126867.0,1046651436608.0,-19185289826.0,33778430764.0,8344628410.0,성공,확정,False,1953174000.0,3873601000.0,CFS,False,0.0347331060017081,0.0189631936390132,True,사용가능,텔레비전 방송,46232969870.0,996763613264.0,2023.0,20485977060.0,1078975236959.0,2021.0,0,0.0,0.050187854008242896,0.03473310600170816,6.294970478859226,0.07844301956919521,-0.018330161460606127,0.01681722032321879,0.6684784196670324,28.044696825885453,0,0.08613482034769773,1.5941113567023801,0.0,-0.002100189943774783,-0.3493684205538074,-0.017278473769175556,2025.0,6946229000.0,35116031251.0,1.0,,,,,1.0
00130772,(주)SBS,2025,CFS,2044005089985.0,745808265992.0,1298196823993.0,35116031251.0,,1936994197.0,1008457955402.0,18151260224.0,7925077907.0,64847454550.0,성공,확정,False,6946229000.0,3942460000.0,CFS,False,0.017180011646281,0.0189631936390132,True,사용가능,텔레비전 방송,52529189498.0,1046651436608.0,2024.0,54327648183.0,1173781580894.0,2022.0,0,0.0,0.03482151245165373,0.017180011646281027,0.5415174966339523,0.0899640611617715,0.017999025270978592,-0.027848451514089784,0.5744955250298944,28.34593227847483,1,-0.29500377858974414,-0.21277803361809183,-0.002980223469914757,-0.02061682612542592,-0.24412301930363559,0.0,,,,,,,,,
00140131,(주)키다리스튜디오,2021,CFS,290122174756.0,67350906744.0,222771268012.0,16330742959.0,158146061930.0,345070630.0,119118155904.0,6921869365.0,3531860296.0,17275838074.0,성공,확정,False,1442423000.0,3099757000.0,CFS,False,0.0562891925539113,0.1077369373050455,True,사용가능,포털·콘텐츠 플랫폼,,,,,,,0,,0.13709700956218054,0.05628919255391134,0.9452938195558593,,0.05810927236464683,-0.04737306891332601,0.3023321065819494,26.393567963470332,1,,,-0.029441632289064767,-0.005566545017931961,,0.03825373592700672,2022.0,5228667000.0,18727281484.0,1.0,,,,,1.0
00140131,(주)키다리스튜디오,2022,CFS,378769210908.0,104145178065.0,274624032843.0,18727281484.0,154096905833.0,619521612.0,169433774760.0,4262454699.0,-2539662103.0,9896437499.0,성공,확정,False,5228667000.0,13099365000.0,CFS,False,0.0494424598005372,0.1077369373050455,True,사용가능,포털·콘텐츠 플랫폼,16330742959.0,119118155904.0,2021.0,,,,0,,0.11052862105283831,0.049442459800537235,1.892325545014792,0.7472962443333305,0.025157054459995908,-0.032832921060789784,0.37922820150463243,26.660192914352987,1,-0.2756507995827101,,-0.04745183873918998,-0.0025367760430959826,0.5791587603549788,0.020278952478171207,,,,,,,,,
00145437,주식회사 아센디오,2016,OFS,95172252033.0,23569461768.0,71602790265.0,146705949.0,,733516048.0,5787956897.0,-6237983163.0,-9649131813.0,-2106691192.0,성공,확정,False,412500000.0,55580000.0,CFS,True,0.0015414781710653,0.0122937481039312,True,사용가능,영상·방송프로그램 제작/배급/상영,,,,,,,1,,0.02534675907418044,0.0015414781710653565,,,-1.0777521799157241,-0.07925041658554781,0.3291695991283308,25.278954266016427,1,,,-0.027690419745914244,-0.02336035363540689,,-1.1305833845529218,2017.0,15830000.0,5498123800.0,0.0,2018.0,6506445000.0,6245518444.0,1.0,1.0
00145437,주식회사 아센디오,2017,CFS,123959637139.0,72537174407.0,51422462732.0,5498123800.0,,397214182.0,35867441449.0,-4326097984.0,-39000491815.0,-1834705768.0,성공,확정,False,15830000.0,36625000.0,OFS,True,0.0443541456468993,0.0122937481039312,True,사용가능,영상·방송프로그램 제작/배급/상영,146705949.0,5787956897.0,2016.0,,,,2,,0.15329010316550723,0.04435414564689935,,,-0.120613509334121,-0.2998216750612523,1.4106126107775931,25.543221842619015,0,,,0.10369091079362536,0.024926407564297995,,-0.05704928787207847,2018.0,6506445000.0,6245518444.0,1.0,2019.0,5488703000.0,489805763.0,1.0,1.0
00145437,주식회사 아센디오,2018,CFS,124156576182.0,71917618234.0,52238957948.0,6245518444.0,,7312245481.0,18081554760.0,-13150653809.0,-27086260814.0,-3357320452.0,성공,확정,False,6506445000.0,370498000.0,CFS,False,0.0503035653531936,0.0122937481039312,True,사용가능,영상·방송프로그램 제작/배급/상영,5498123800.0,35867441449.0,2017.0,,,,2,,0.34540826421720827,0.05030356535319362,,0.0630976305820782,-0.7272966281689374,-0.1911210915418283,1.3767046866744288,25.54480931714736,1,0.6318146291007183,,0.19112187887243595,0.005780955252778934,-0.025166290783732864,-0.6615110460342596,2019.0,5488703000.0,489805763.0,1.0,2020.0,0.0,1173348497.0,0.0,1.0
00145437,주식회사 아센디오,2019,CFS,56809693044.0,66303525466.0,-9493832422.0,489805763.0,,99940732.0,31358063663.0,-10832068853.0,-64545339905.0,-8791239557.0,성공,확정,False,5488703000.0,338456000.0,CFS,False,0.008621869557025,0.0122937481039312,True,사용가능,영상·방송프로그램 제작/배급/상영,6245518444.0,18081554760.0,2018.0,146705949.0,5787956897.0,2016.0,2,1.0,0.01561977066772562,0.008621869557025026,,0.10050176935751476,-0.3454316876644706,-0.9814187924729249,-6.983852518015301,24.762972800297188,1,-1.655831884698785,,-0.08967533834611977,-0.032907336154648574,-0.0822930054970899,-0.27451502403029293,2020.0,0.0,1173348497.0,0.0,,,,,0.0
00145437,주식회사 아센디오,2020,CFS,27365808144.0,7425770210.0,19940037934.0,1173348497.0,,292626626.0,21613135030.0,-4062292410.0,-5908709387.0,-6476194645.0,성공,확정,False,0.0,228208000.0,CFS,False,0.0428764424140442,0.0122937481039312,True,사용가능,영상·방송프로그램 제작/배급/상영,489805763.0,31358063663.0,2019.0,5498123800.0,35867441449.0,2017.0,2,2.0,0.054288676555776835,0.04287644241404428,,0.27442794151878613,-0.1879547971343054,0.02073701807064748,0.3724050192170512,24.032560193136195,0,1.7063014516242287,-0.3891747947688516,-0.11252445327190132,-0.007144954653698653,0.02335435583765122,-0.1229600234133094,,,,,,,,,
00146427,한주에이알티(주),2015,OFS,37521970606.0,12835956299.0,24686014307.0,938787500.0,545133702.0,930204758.0,65600443196.0,3662034851.0,2843897148.0,3009289031.0,성공,확정,False,345930000.0,11250000.0,,False,0.0250196747355769,0.1140251514068185,True,사용가능,영상·방송프로그램 제작/배급/상영,,,,,,,0,,0.01431068837744137,0.025019674735576973,0.3119632213220931,,0.055823324852526196,-0.004407867719334357,0.5199687620435438,24.348192481187105,1,,,-0.08166347303726967,-0.03548219154909552,,0.0,2016.0,738968000.0,542750000.0,1.0,2017.0,746968000.0,1063500000.0,1.0,1.0
00146427,한주에이알티(주),2016,OFS,40618251699.0,14875338532.0,25742913167.0,542750000.0,,1088330981.0,73896030890.0,2583500454.0,2078886924.0,7024067113.0,성공,확정,False,738968000.0,14250000.0,OFS,False,0.0133622196253553,0.1140251514068185,True,사용가능,영상·방송프로그램 제작/배급/상영,938787500.0,65600443196.0,2015.0,,,,0,,0.007344778785316977,0.013362219625355323,0.07727004757620971,0.019236772609535702,0.03496128848714137,-0.12174773610755255,0.5778420816439993,24.427483351773567,1,-0.548316919853078,,-0.04569240003477771,-0.011539612181116923,-0.26441603752100357,-0.01786991615005641,2017.0,746968000.0,1063500000.0,1.0,2018.0,747968000.0,1055500000.0,1.0,1.0
00146427,한주에이알티(주),2017,OFS,32967781626.0,12060274918.0,20907506708.0,1063500000.0,,1776539010.0,42797946638.0,-3106233956.0,-4782792888.0,-6708378800.0,성공,확정,False,746968000.0,17250000.0,OFS,False,0.0322587674252632,0.1140251514068185,True,사용가능,영상·방송프로그램 제작/배급/상영,542750000.0,73896030890.0,2016.0,,,,0,,0.02484932300597164,0.032258767425263214,,0.021478599221789883,-0.07257904175341899,0.05840811292202291,0.5768394618467483,24.218796607143954,1,1.3803013348283548,,-0.02474986936591024,0.012831029342661858,-0.04745613098100604,-0.009014820291376457,2018.0,747968000.0,1055500000.0,1.0,2024.0,3643670000.0,4251498352.0,,1.0
00146427,한주에이알티(주),2018,OFS,34868729200.0,20986323268.0,13882405932.0,1055500000.0,,6630962333.0,28762212883.0,-4206325432.0,-11625465378.0,-7870809645.0,성공,확정,False,747968000.0,20250000.0,OFS,False,0.0302706758811273,0.1140251514068185,True,사용가능,영상·방송프로그램 제작/배급/상영,1063500000.0,42797946638.0,2017.0,938787500.0,65600443196.0,2015.0,0,0.0,0.03669745454891118,0.030270675881127324,,0.019112789051439358,-0.14624484733183246,-0.10767974110739889,1.5117209056410699,24.27485625303526,1,0.32043110644458317,0.6858771920011264,-0.11758893079586114,-0.014251934219287363,-0.06915113231437171,-0.08045926519715473,2024.0,3643670000.0,4251498352.0,,,,,,
00146427,한주에이알티(주),2024,CFS,37285619002.0,16909126578.0,20376492424.0,4251498352.0,4712272710.0,17329838.0,14264269214.0,-6507549393.0,-10011720046.0,-2161857976.0,성공,확정,False,3643670000.0,466183000.0,CFS,False,0.1140251514068185,0.1140251514068185,True,사용가능,영상·방송프로그램 제작/배급/상영,1055500000.0,28762212883.0,2018.0,542750000.0,73896030890.0,2016.0,0,0.0,0.29805230735741217,0.11402515140681853,,,-0.456213304402094,-0.21053323721349332,0.829834999378203,24.34187353970861,1,,,0.008944827895624341,-0.005084271113576608,,-0.2999161633788603,,,,,,,,,
00154426,(주)아이에이치큐,2015,CFS,255675961419.0,40636103741.0,215039857678.0,115209166741.0,,81672500.0,106178241906.0,7366385577.0,3821010058.0,34635244510.0,성공,확정,False,0.0,38421345000.0,,False,0.4506061739304307,0.1175830382965959,True,사용가능,영상·방송프로그램 제작/배급/상영,,,,,,,0,,1.0850543828272756,0.4506061739304307,3.326356385552192,,0.06937754331552683,-0.120520655445984,0.18897010154205168,26.267176703948227,0,,,0.9890802214125646,0.3901043076457582,,0.01355421846300063,2016.0,1168689000.0,113268537687.0,0.0,2017.0,4177038000.0,110401192385.0,0.0,0.0
00154426,(주)아이에이치큐,2016,CFS,256634714001.0,35076218333.0,221558495668.0,113268537687.0,,101538098.0,109404922575.0,11222960068.0,4223112975.0,42181532624.0,성공,확정,False,1168689000.0,37697225000.0,CFS,False,0.4413609364108031,0.1175830382965959,True,사용가능,영상·방송프로그램 제작/배급/상영,115209166741.0,106178241906.0,2015.0,,,,0,,1.0353148196723176,0.4413609364108031,2.685263683912558,0.329986027252646,0.10258185650016215,-0.14790835993002915,0.15831583540610808,26.2709195644712,0,-0.04723368122361321,,0.9822776408522229,0.41645910460433083,0.046333217122106696,0.04975065186296437,2017.0,4177038000.0,110401192385.0,0.0,2018.0,23275780000.0,97044562059.0,1.0,1.0
00154426,(주)아이에이치큐,2017,CFS,255079897921.0,27355057312.0,227724840609.0,110401192385.0,,427592852.0,126795065081.0,15347228811.0,2637301016.0,61792005429.0,성공,확정,False,4177038000.0,46202917000.0,CFS,False,0.432810242143001,0.1175830382965959,True,사용가능,영상·방송프로그램 제작/배급/상영,113268537687.0,109404922575.0,2016.0,,,,0,,0.8707057511621042,0.43281024214300107,1.786658186904983,0.4131351791333332,0.12103963826349069,-0.2319065708240193,0.12012329106848825,26.264842658209147,0,-0.18426668147116693,,0.8211065587902223,0.4133825040603997,0.34420044893053725,0.18460385972553323,2018.0,23275780000.0,97044562059.0,1.0,2019.0,60386607000.0,39773837867.0,1.0,1.0
00154426,(주)아이에이치큐,2018,CFS,231274871519.0,26694979344.0,204579892175.0,97044562059.0,,400524997.0,109447250511.0,9928069296.0,-9896706726.0,40524687497.0,성공,확정,False,23275780000.0,38294333000.0,CFS,False,0.4196070304638671,0.1175830382965959,True,사용가능,영상·방송프로그램 제작/배급/상영,110401192385.0,126795065081.0,2017.0,115209166741.0,106178241906.0,2015.0,0,0.0,0.8866788485403435,0.41960703046386716,2.394702292674906,0.36919852230899775,0.09071099776053469,-0.21801501344194982,0.13048681891554037,26.166872760070184,1,0.01583507888299107,-0.18845424726632196,0.7323924631955712,0.37508442036345246,0.2809346009431867,0.15649657989521243,2019.0,60386607000.0,39773837867.0,1.0,2020.0,3127810000.0,17204733362.0,1.0,1.0
00154426,(주)아이에이치큐,2019,CFS,165807958847.0,28956887269.0,136851071578.0,39773837867.0,,350179997.0,99287415456.0,-7041132245.0,-66279161242.0,40622829480.0,성공,확정,False,60386607000.0,45259545000.0,CFS,False,0.2398789427454533,0.1175830382965959,True,사용가능,영상·방송프로그램 제작/배급/상영,97044562059.0,109447250511.0,2018.0,113268537687.0,109404922575.0,2016.0,0,0.0,0.40059294205947066,0.23987894274545335,0.9791006282952794,0.6616002675733558,-0.07091666363417762,-0.6447337719213121,0.21159415805155501,25.834096081191532,1,-0.4973201209845318,-0.5563759897360449,0.2952978330456253,0.19834973703377975,0.4788054927187511,0.0,2020.0,3127810000.0,17204733362.0,1.0,2021.0,6960762000.0,12628529706.0,1.0,1.0
00154426,(주)아이에이치큐,2020,CFS,146319857109.0,27655370330.0,118664486779.0,17204733362.0,,63450088.0,81049278892.0,-16226862450.0,-18248434484.0,39922694990.0,성공,확정,False,3127810000.0,41597850000.0,CFS,False,0.1175830382965959,0.1175830382965959,True,사용가능,영상·방송프로그램 제작/배급/상영,39773837867.0,99287415456.0,2019.0,110401192385.0,126795065081.0,2017.0,0,0.0,0.21227497143960647,0.11758303829659598,0.4309512012230014,1.4601226075963176,-0.20020983125121522,-0.39756141526755184,0.23305515475329353,25.70906086446348,1,-0.38374561117745287,-0.4833764812132263,0.045461841611928316,0.06756164122885305,1.2090490219151828,-0.13521505753021923,2021.0,6960762000.0,12628529706.0,1.0,2022.0,260660000.0,11471168021.0,0.0,1.0
00154426,(주)아이에이치큐,2021,CFS,238568445822.0,120389630160.0,118178815662.0,12628529706.0,,308349064.0,60007423253.0,-11640188629.0,-10099947227.0,15808633145.0,성공,확정,False,6960762000.0,22938892000.0,CFS,False,0.0529346186688174,0.1175830382965959,True,사용가능,영상·방송프로그램 제작/배급/상영,17204733362.0,81049278892.0,2020.0,97044562059.0,109447250511.0,2018.0,0,0.0,0.21044945810714596,0.05293461866881743,0.7988375459262389,1.5378064375804001,-0.19397914454555526,-0.10860019766122313,1.0187073671843445,26.197922090681224,1,-0.0063671054290735385,-0.418145874296104,0.04391081625590065,0.0010460284910362716,1.3325977115310204,-0.10625826857163498,2022.0,260660000.0,11471168021.0,0.0,2024.0,0.0,9209677707.0,,0.0
00154426,(주)아이에이치큐,2022,CFS,246320129412.0,158843224641.0,87476904771.0,11471168021.0,,0.0,46794198791.0,-32175585561.0,-112100061572.0,5893956354.0,성공,확정,False,260660000.0,28774773000.0,CFS,False,0.0465701607431891,0.1175830382965959,True,사용가능,영상·방송프로그램 제작/배급/상영,12628529706.0,60007423253.0,2021.0,39773837867.0,99287415456.0,2019.0,0,0.0,0.24514081483122363,0.046570160743189176,1.9462594108310562,2.3879779178941565,-0.6875977448552528,-0.4790271026881479,1.8158304189754446,26.229897865944135,0,0.12854657514918033,-0.18289051633203846,0.058792444496278684,-0.004377869535560422,2.2178908069243617,-0.6156304928872273,2024.0,0.0,9209677707.0,,2025.0,99867000.0,7653455166.0,,
00154426,(주)아이에이치큐,2024,CFS,140860365620.0,41043210081.0,99817155539.0,9209677707.0,,2750292.0,32431991390.0,-7164297756.0,-24115620695.0,-4638533894.0,성공,확정,False,0.0,10986437000.0,CFS,False,0.0653816115446201,0.1175830382965959,True,사용가능,영상·방송프로그램 제작/배급/상영,11471168021.0,46794198791.0,2022.0,17204733362.0,81049278892.0,2020.0,0,0.0,0.2839689242714738,0.0653816115446201,,,-0.22090218481647172,-0.13827230048190756,0.41118392784658975,25.67103492188717,0,,,-0.005138555190314031,-0.05372781097577503,,-0.064605043793238,2025.0,99867000.0,7653455166.0,0.0,,,,,0.0
00154426,(주)아이에이치큐,2025,CFS,144522895864.0,46779886283.0,97743009581.0,7653455166.0,,0.0,27725711733.0,-7214692951.0,-12659814270.0,13452074953.0,성공,확정,False,99867000.0,12933083000.0,CFS,False,0.0529566967243869,0.1175830382965959,True,사용가능,영상·방송프로그램 제작/배급/상영,9209677707.0,32431991390.0,2024.0,12628529706.0,60007423253.0,2021.0,0,0.0,0.27604179253189814,0.052956696724386916,0.5689423522200323,1.5338885244399034,-0.2602166905750827,-0.18067648774192846,0.4786008378863486,25.696703780833012,0,-0.023864610301610995,,0.05039618868245474,-0.0451758006429075,1.4012029190035797,-0.14281820630402012,,,,,,,,,
00173449,(주)빌리언스,2015,CFS,26183118478.0,2400597192.0,23782521286.0,456134453.0,,5958398535.0,17443491794.0,-1538364115.0,-1574175626.0,1420503048.0,성공,확정,False,0.0,20124024.0,,False,0.0174209368293261,0.0185703079073872,True,사용가능,창작·예술 서비스,,,,,,,0,,0.026149262910588555,0.01742093682932614,0.3211076904355928,,-0.08819129410369246,-0.11437440794213405,0.10093955822140498,23.988380707141044,0,,,-0.08359065484616396,-0.06743056255192814,,-0.14342201025150147,2016.0,0.0,433373433.0,0.0,2017.0,0.0,416831843.0,0.0,0.0
00173449,(주)빌리언스,2016,CFS,24929728205.0,2437542131.0,22492186074.0,433373433.0,,5087950521.0,15334874723.0,-1058903053.0,-1062789840.0,1441728915.0,성공,확정,False,0.0,18635740.0,CFS,False,0.0173838009558837,0.0185703079073872,True,사용가능,창작·예술 서비스,456134453.0,17443491794.0,2015.0,,,,0,,0.028260643847973874,0.017383800955883707,0.3005928704703824,0.04190123616284611,-0.06905195328474416,-0.10046313920493061,0.10837284214973189,23.939326832095933,0,0.07098293486577338,,-0.15610665439021765,-0.0949848660233272,-0.24175157396769317,0.0,2017.0,0.0,416831843.0,0.0,2018.0,9554400.0,392233234.0,0.0,0.0
00173449,(주)빌리언스,2017,CFS,23176321502.0,2207108008.0,20969213494.0,416831843.0,,5814755518.0,14931003116.0,-1542153187.0,-1421184390.0,-1520608371.0,성공,확정,False,0.0,19584321.0,CFS,False,0.0179852459746051,0.0185703079073872,True,사용가능,창작·예술 서비스,433373433.0,15334874723.0,2016.0,,,,0,,0.02791720286718879,0.017985245974605137,,0.04606962942441209,-0.10328530340653637,0.004289894795920061,0.10525468724096534,23.866396969512618,0,-0.011832562782555539,,-0.06255893264194862,-0.020016063677480253,-0.11736574030215538,-0.1119315200681707,2018.0,9554400.0,392233234.0,0.0,2019.0,0.0,23158749970.0,0.0,0.0
00173449,(주)빌리언스,2018,CFS,51234898524.0,22166535464.0,29068363060.0,392233234.0,,4765560309.0,15350181101.0,-751234908.0,-7181196723.0,552640020.0,성공,확정,False,9554400.0,17106865.0,CFS,False,0.0076555872130061,0.0185703079073872,True,사용가능,창작·예술 서비스,416831843.0,14931003116.0,2017.0,456134453.0,17443491794.0,2015.0,0,0.0,0.025552352211300467,0.0076555872130061094,0.7097445349687126,0.04228798272552308,-0.04893980748872469,-0.15094861053305753,0.7625656600698864,24.659686748596933,0,-0.08708760248123468,-0.020087689660216665,-0.09086513449329277,-0.061161044043533945,-0.08725086441067353,0.0,2019.0,0.0,23158749970.0,0.0,2020.0,3505900000.0,468746240.0,1.0,1.0
00173449,(주)빌리언스,2019,CFS,140121717783.0,48679727378.0,91441990405.0,23158749970.0,,14123330326.0,37484494399.0,-3673856309.0,-3604285217.0,-6757559567.0,성공,확정,False,0.0,171925000.0,CFS,False,0.1652759496273438,0.0185703079073872,True,사용가능,창작·예술 서비스,392233234.0,15350181101.0,2018.0,433373433.0,15334874723.0,2016.0,0,0.0,0.6178221246227567,0.16527594962734385,,0.014600239702162373,-0.09801002702328059,0.02250382310387694,0.5323563842212496,25.66577729457109,0,56.601356137644956,50.99392888711868,0.5160926273032723,0.11290028901908822,-0.12186040702080175,-0.1034393098363766,2020.0,3505900000.0,468746240.0,1.0,2021.0,17492327000.0,6236625892.0,1.0,1.0
00173449,(주)빌리언스,2020,CFS,65465890844.0,19405815294.0,46060075550.0,468746240.0,,5857260094.0,13049479934.0,-834589325.0,-26666898696.0,-4763846643.0,성공,확정,False,3505900000.0,23460000.0,CFS,False,0.0071601598016436,0.0185703079073872,True,사용가능,창작·예술 서비스,23158749970.0,37484494399.0,2019.0,416831843.0,14931003116.0,2017.0,0,0.0,0.03592068361120636,0.007160159801643652,,0.0019858219247176,-0.06395575373279853,-0.3345719697787849,0.4213153161881863,24.904795093476718,1,-0.3278895099209843,0.25055969961299857,-0.021095208820580115,-0.02056643858674144,-0.22899847254812977,0.056101719942446615,2021.0,17492327000.0,6236625892.0,1.0,2022.0,2729050000.0,3200554212.0,1.0,1.0
00173449,(주)빌리언스,2021,CFS,177917791160.0,75368430884.0,102549360276.0,6236625892.0,,20043525676.0,25763954047.0,-5557326867.0,-31762640787.0,-2014361974.0,성공,확정,False,17492327000.0,710979000.0,CFS,False,0.0350534134407697,0.0185703079073872,True,사용가능,창작·예술 서비스,468746240.0,13049479934.0,2020.0,392233234.0,15350181101.0,2018.0,0,0.0,0.24206788603266444,0.0350534134407697,,0.21206250331939072,-0.2157016293718745,-0.16720238385967606,0.7349478405438551,25.9045874331384,1,11.330580593252446,14.221885807451226,0.006671084390326765,-0.034339489138947694,0.0,-0.17239559376091068,2022.0,2729050000.0,3200554212.0,1.0,2023.0,14926319000.0,14962381727.0,1.0,1.0
00173449,(주)빌리언스,2022,CFS,172347934561.0,65716693466.0,106631241095.0,3200554212.0,,18409375173.0,78060910357.0,-8883441923.0,-24249817806.0,-1640943080.0,성공,확정,False,2729050000.0,509076000.0,CFS,False,0.0185703079073872,0.0185703079073872,True,사용가능,창작·예술 서비스,6236625892.0,25763954047.0,2021.0,23158749970.0,37484494399.0,2019.0,0,0.0,0.041000728756079574,0.018570307907387257,,0.10788731260606658,-0.11380141331138588,-0.1311815820919973,0.6162986831171892,25.872781145857203,1,-2.516662953927959,-1.944284701595588,-0.057813897949707815,-0.042026833125076844,-0.0602501713722851,0.07645808918276506,2023.0,14926319000.0,14962381727.0,1.0,,,,,1.0
00173449,(주)빌리언스,2023,CFS,199615072155.0,107149906725.0,92465165430.0,14962381727.0,,18579377093.0,96991027126.0,-7494524517.0,-30845827660.0,-3363126852.0,성공,확정,False,14926319000.0,2212232000.0,CFS,False,0.0749561722242185,0.0185703079073872,True,사용가능,창작·예술 서비스,3200554212.0,78060910357.0,2022.0,468746240.0,13049479934.0,2020.0,0,0.0,0.1542656281757129,0.07495617222421859,,0.24359850273433264,-0.07727028715000557,-0.13767848545354247,1.1588137676141073,26.0196567097715,1,3.432430199383643,24.48744490938428,0.0,0.030961911918184155,0.032329806704470554,0.7381024738072495,,,,,,,,,
00203315,(주)콘텐트리중앙,2015,CFS,455951828160.0,377727105124.0,78224723036.0,38688196265.0,38270153797.0,14220481205.0,349718763817.0,31392639648.0,19629839802.0,23458711254.0,성공,확정,False,0.0,4809249000.0,,False,0.0848514993812542,0.0981324973672944,True,사용가능,영상·방송프로그램 제작/배급/상영,,,,,,,0,,0.11062659561854297,0.08485149938125429,1.6492038222433547,,0.0897653854925184,-0.008397535036653903,4.828743272765124,26.8456530008805,0,,,0.01465243420383193,0.024349633096581794,,0.03394206063999221,2016.0,0.0,37790654683.0,0.0,2019.0,0.0,48241897308.0,,0.0
00203315,(주)콘텐트리중앙,2016,CFS,550190462737.0,425173862685.0,125016600052.0,37790654683.0,38270153797.0,23348035530.0,335160647081.0,28941768858.0,22403344239.0,18373753501.0,성공,확정,False,0.0,838381000.0,CFS,False,0.0686864953910779,0.0981324973672944,True,사용가능,영상·방송프로그램 제작/배급/상영,38688196265.0,349718763817.0,2015.0,,,,0,,0.11275385404619695,0.06868649539107796,2.056773793168784,0.021924518729237643,0.08635193036551661,0.007323992346130889,3.400939255332101,27.0335303511118,0,0.01842870384128038,,0.059716675226102266,0.04378466358460571,-0.26172829140130166,0.03352072572831883,2019.0,0.0,48241897308.0,,2020.0,0.0,206651874255.0,,
00203315,(주)콘텐트리중앙,2019,CFS,1161637851755.0,741057775616.0,420580076139.0,48241897308.0,85638392595.0,25552111681.0,554208374396.0,35421708053.0,10629284402.0,39804795350.0,성공,확정,False,0.0,39170670000.0,CFS,False,0.0415292057116736,0.0981324973672944,True,사용가능,영상·방송프로그램 제작/배급/상영,37790654683.0,335160647081.0,2016.0,,,,0,,0.08704649647450038,0.0415292057116736,1.2119619478963104,,0.06391406137015539,-0.025115840452273226,1.7619897319412805,27.780852066363273,0,,,-0.018248612539344997,0.0,,0.13483072500433302,2020.0,0.0,206651874255.0,0.0,2021.0,55946695000.0,282185439022.0,1.0,1.0
00203315,(주)콘텐트리중앙,2020,CFS,1475541488507.0,1211631897408.0,263909591099.0,206651874255.0,66163295726.0,26343863954.0,363859571681.0,-56806273781.0,-154022316185.0,39064264081.0,성공,확정,False,0.0,49941818000.0,CFS,False,0.1400515511523142,0.0981324973672944,True,사용가능,영상·방송프로그램 제작/배급/상영,48241897308.0,554208374396.0,2019.0,38688196265.0,349718763817.0,2015.0,0,0.0,0.5679440375864955,0.14005155115231424,5.290049079806189,0.39186377677067946,-0.1561214221150206,-0.13085811667781105,4.59108701719553,28.020046149203832,0,3.627120471947932,,0.4011309077588173,0.09003015408457131,0.14079019108954455,-0.09112664839402461,2021.0,55946695000.0,282185439022.0,1.0,2022.0,109069774000.0,348793885171.0,1.0,1.0
00203315,(주)콘텐트리중앙,2021,CFS,2245640002695.0,1547849542572.0,697790460123.0,282185439022.0,239776342992.0,75524404017.0,677129957301.0,-57365948945.0,-49813264038.0,-122392657083.0,성공,확정,False,55946695000.0,103510983000.0,CFS,False,0.1256592502285977,0.0981324973672944,True,사용가능,영상·방송프로그램 제작/배급/상영,206651874255.0,363859571681.0,2020.0,37790654683.0,335160647081.0,2016.0,0,0.0,0.416737490313934,0.12565925022859778,,0.4234986986001432,-0.08471926005704619,0.032320137224976946,2.218215397067996,28.440011675646872,1,-0.49545392833921487,,0.2501988484626887,0.07377066005081662,0.21828997255076338,0.0030016159168740897,2022.0,109069774000.0,348793885171.0,1.0,2023.0,78205279000.0,321658035124.0,1.0,1.0
00203315,(주)콘텐트리중앙,2022,CFS,2588133968042.0,1896426846325.0,691707121717.0,348793885171.0,308724699574.0,75599099906.0,852050847599.0,-71591321151.0,-79652622875.0,50142138885.0,성공,확정,False,109069774000.0,118947932000.0,CFS,False,0.134766549752783,0.0981324973672944,True,사용가능,영상·방송프로그램 제작/배급/상영,282185439022.0,677129957301.0,2021.0,48241897308.0,554208374396.0,2019.0,0,0.0,0.40935806372808464,0.13476654975278304,6.956103048793986,0.3770264014661024,-0.08402235776507667,-0.05014993944003354,2.741661588820377,28.581958256313218,1,-0.022281967131469432,5.692683318735002,0.2230096933931397,0.08381851947403345,0.20693929049630755,-0.012055105797051074,2023.0,78205279000.0,321658035124.0,1.0,2024.0,14157305000.0,425438422210.0,0.0,1.0
00203315,(주)콘텐트리중앙,2023,CFS,2453055022945.0,1942938338789.0,510116684156.0,321658035124.0,270904604165.0,4398098265.0,993035799342.0,-68126882657.0,-171340065923.0,-84900438071.0,성공,확정,False,78205279000.0,107191191000.0,CFS,False,0.1311254872456287,0.0981324973672944,True,사용가능,영상·방송프로그램 제작/배급/상영,348793885171.0,852050847599.0,2022.0,206651874255.0,363859571681.0,2020.0,0,0.0,0.3239138360743241,0.1311254872456287,,0.3197580251625969,-0.06860465927023161,-0.03523754136922108,3.8088115898495594,28.52835531183185,1,-0.24326451957640743,-1.1726519640620445,0.11937199341954138,0.045242362451784784,0.1904528345398869,0.015203984382329075,2024.0,14157305000.0,425438422210.0,0.0,2025.0,6042266000.0,244439269461.0,0.0,0.0
00203315,(주)콘텐트리중앙,2024,CFS,2758664473521.0,2189728550386.0,568935923135.0,425438422210.0,275283246073.0,5508008612.0,879462982938.0,-47378983753.0,-91903478981.0,-27942501870.0,성공,확정,False,14157305000.0,123928356000.0,CFS,False,0.1542189803412355,0.0981324973672944,True,사용가능,영상·방송프로그램 제작/배급/상영,321658035124.0,993035799342.0,2023.0,282185439022.0,677129957301.0,2021.0,0,0.0,0.48374795808772814,0.15421898034123555,,0.33175998837482396,-0.053872629857282014,-0.02318548621078369,3.848814007595035,28.645767792141363,0,0.43701129265120076,0.2088457366215028,0.1946404786259403,0.03510955782084041,0.17267450761352993,0.1024245111659517,2025.0,6042266000.0,244439269461.0,0.0,,,,,0.0
00203315,(주)콘텐트리중앙,2025,CFS,2490910514038.0,1894749170889.0,596161343149.0,244439269461.0,289382806845.0,6444467197.0,1083288419056.0,8844995426.0,-93139692457.0,-261438473.0,성공,확정,False,6042266000.0,146161781000.0,CFS,False,0.0981324973672944,0.0981324973672944,True,사용가능,영상·방송프로그램 제작/배급/상영,425438422210.0,879462982938.0,2024.0,348793885171.0,852050847599.0,2022.0,0,0.0,0.2256456038494434,0.09813249736729442,,0.4363834855745132,0.008164949675828448,-0.03728686898247325,3.1782489634109687,28.543669427853164,0,-0.6572027270715352,-0.5705764598632614,0.0,0.0,0.30369788013818944,0.125563433946891,,,,,,,,,
00207755,(주)지에스홈쇼핑,2015,CFS,1237223412648.0,321670154537.0,915553258111.0,58855625015.0,,24938908343.0,1122448403117.0,105698974200.0,78358171244.0,46873985261.0,성공,확정,False,0.0,12190617000.0,,False,0.0475707333156852,0.0249048807775871,True,사용가능,텔레비전 방송,,,,,,,0,,0.05243503830693686,0.04757073331568524,1.2556138482206023,,0.094168225378091,0.025447454082375583,0.3513396426557212,27.843890801477396,0,,,-0.06070455205673137,-0.04287333662685757,,0.005407034782609968,2016.0,1210439000.0,46932163704.0,0.0,2017.0,0.0,38740461938.0,0.0,0.0
00207755,(주)지에스홈쇼핑,2016,CFS,1359434067778.0,383854678867.0,975579388911.0,46932163704.0,,12303942716.0,1097764890482.0,126396403124.0,105806097603.0,192200548427.0,성공,확정,False,1210439000.0,12047864000.0,CFS,False,0.0345233099687657,0.0249048807775871,True,사용가능,텔레비전 방송,58855625015.0,1122448403117.0,2015.0,,,,0,,0.042752472875492775,0.03452330996876575,0.24418329754051343,0.2277741910647603,0.11513977557480694,-0.06355177707530314,0.39346329292122656,27.93808960243797,0,-0.1805975278951681,,-0.05937870726145096,-0.04865711023424904,-0.030161838982727535,0.07612912036311395,2017.0,0.0,38740461938.0,0.0,2018.0,1136570000.0,31521561548.0,0.0,0.0
00207755,(주)지에스홈쇼핑,2017,CFS,1425154432309.0,361278897522.0,1063875534787.0,38740461938.0,,26765209370.0,1086288129781.0,141292559681.0,102719290989.0,70981359035.0,성공,확정,False,0.0,10312967000.0,CFS,False,0.0271833431238982,0.0249048807775871,True,사용가능,텔레비전 방송,46932163704.0,1097764890482.0,2016.0,,,,0,,0.03566315499167816,0.027183343123898272,0.545783603817695,0.24075291080945205,0.13006913709853862,0.022269819490775458,0.33958756048876726,27.98530129732735,0,-0.16408878810706998,,-0.119546724743614,-0.06585965898585025,0.05329020545646884,0.06500501738594502,2018.0,1136570000.0,31521561548.0,0.0,2019.0,0.0,28840161778.0,0.0,0.0
00207755,(주)지에스홈쇼핑,2018,CFS,1393130850282.0,303961128629.0,1089169721653.0,31521561548.0,,28975517530.0,1104393651409.0,136829383626.0,133936936794.0,45766968161.0,성공,확정,False,1136570000.0,8279199000.0,CFS,False,0.0226264184312761,0.0249048807775871,True,사용가능,텔레비전 방송,38740461938.0,1086288129781.0,2017.0,58855625015.0,1122448403117.0,2015.0,0,0.0,0.028541961924341358,0.022626418431276107,0.6887404347413355,0.2356663981261418,0.12389548187951938,0.06328907913793774,0.27907599943899225,27.96257474047261,0,-0.20300739899826192,-0.4483405258689153,-0.07648064627974069,-0.05062042747995783,0.0,0.058406751355167194,2019.0,0.0,28840161778.0,0.0,2020.0,0.0,27334218369.0,0.0,0.0
00207755,(주)지에스홈쇼핑,2019,CFS,1446961556445.0,299764978316.0,1147196578129.0,28840161778.0,,45752675241.0,1230358734740.0,121125756936.0,109755435292.0,93625551731.0,성공,확정,False,0.0,3755364000.0,CFS,False,0.0199315328382715,0.0249048807775871,True,사용가능,텔레비전 방송,31521561548.0,1104393651409.0,2018.0,46932163704.0,1097764890482.0,2016.0,0,0.0,0.023440449491419685,0.01993153283827153,0.30803729585340156,0.12442865422241606,0.09844751251479217,0.011147416798431788,0.26130219007878874,28.000486995460626,0,-0.1991237132294969,-0.5062778866526528,-0.0542290657033202,-0.02874999983256104,-0.1047087804196043,0.049756380260500256,2020.0,0.0,27334218369.0,0.0,,,,,0.0
00207755,(주)지에스홈쇼핑,2020,CFS,1577909027323.0,334002544848.0,1243906482475.0,27334218369.0,,37720695466.0,1245664243521.0,156914206678.0,125063546080.0,173792004907.0,성공,확정,False,0.0,2513456000.0,CFS,False,0.017323063557963,0.0249048807775871,True,사용가능,텔레비전 방송,28840161778.0,1230358734740.0,2019.0,38740461938.0,1086288129781.0,2017.0,0,0.0,0.021943487991384403,0.01732306355796306,0.1572812189123841,0.08948762739963162,0.12596829963944828,-0.030881665535351058,0.2685109769533762,28.08712168607123,0,-0.06465675986408508,-0.4411433875680635,-0.034252851019219654,-0.019845870450443396,-0.11546553931678186,0.0457233200456123,,,,,,,,,
00222532,(주)엘지헬로비전,2015,OFS,2000272843281.0,1049060692885.0,951212150396.0,223905515057.0,572283406730.0,18168788595.0,1182612870217.0,104970126374.0,59676898564.0,368235044724.0,성공,확정,False,102200000.0,218360000.0,,False,0.1119374868329128,0.0528292883538181,True,사용가능,텔레비전 방송,,,,,,,0,,0.18933120101755288,0.11193748683291281,0.6080505325744374,,0.08876119059548103,-0.1542580289466308,1.1028672125858197,28.324304708824407,0,,,0.07619161065388465,0.02149341689037,,0.0,2016.0,0.0,185564188574.0,0.0,2017.0,0.0,173818770481.0,0.0,0.0
00222532,(주)엘지헬로비전,2016,OFS,1840191674866.0,873536811412.0,966654863454.0,185564188574.0,572283406730.0,12778488565.0,1100634800031.0,42936484698.0,21512792639.0,275776258507.0,성공,확정,False,0.0,192371000.0,OFS,False,0.1008395979117297,0.0528292883538181,True,사용가능,텔레비전 방송,223905515057.0,1182612870217.0,2015.0,,,,0,,0.16859742084183915,0.10083959791172976,0.6728794914348649,0.0009396104194969116,0.03901065521169299,-0.13817227267182103,0.9036698044333263,28.240890853246835,0,-0.10191941896461983,,0.06646624070489542,0.017659177708714974,-0.2569964196279909,0.0,2017.0,0.0,173818770481.0,0.0,2018.0,0.0,208145096439.0,0.0,0.0
00222532,(주)엘지헬로비전,2017,OFS,1868155224355.0,881032763746.0,987122460609.0,173818770481.0,572283406730.0,19082502273.0,1119895014270.0,72864983274.0,28882737680.0,281258258755.0,성공,확정,False,0.0,197492000.0,OFS,False,0.0930430021097485,0.0528292883538181,True,사용가능,텔레비전 방송,185564188574.0,1100634800031.0,2016.0,,,,0,,0.15520987973529216,0.09304300210974853,0.6180041476841077,0.001099061572197561,0.0650641197125936,-0.13509344287069897,0.8925263064143546,28.25597254883266,0,-0.08079490258206715,,0.0,0.0,-0.18636364378078565,0.0,2018.0,0.0,208145096439.0,0.0,2019.0,1611887000.0,102763990791.0,0.0,0.0
00222532,(주)엘지헬로비전,2018,CFS,1935138661550.0,875878588004.0,1059260073546.0,208145096439.0,589210362124.0,16447496236.0,1178041257956.0,68004595239.0,39690621314.0,262556593054.0,성공,확정,False,0.0,384281000.0,OFS,True,0.1075608175138626,0.0528292883538181,True,사용가능,텔레비전 방송,173818770481.0,1119895014270.0,2017.0,223905515057.0,1182612870217.0,2015.0,1,0.0,0.17668744200024805,0.10756081751386266,0.7927627869401505,,0.057726836627940904,-0.11516795988225963,0.8268777516289191,28.291200099558623,0,,,0.071664833796166,0.03431397160262872,,-0.007761893896411277,2019.0,1611887000.0,102763990791.0,0.0,2020.0,23673000.0,77802826440.0,0.0,0.0
00222532,(주)엘지헬로비전,2019,CFS,1790671377931.0,839364024702.0,951307353229.0,102763990791.0,490322644492.0,5151588432.0,1112180458963.0,29249461527.0,-94231348080.0,250434425417.0,성공,확정,False,1611887000.0,51897911000.0,CFS,False,0.0573885259224598,0.0528292883538181,True,사용가능,텔레비전 방송,208145096439.0,1178041257956.0,2018.0,185564188574.0,1100634800031.0,2016.0,1,0.0,0.09239866602836865,0.0573885259224598,0.4103429096055265,0.33384621506162465,0.026299204676075928,-0.19247851825008677,0.8823268545680495,28.213611736929323,0,-0.4503797165997974,,0.01472915083362876,0.00870699325162723,0.1047087804196043,-0.022391927578215984,2020.0,23673000.0,77802826440.0,0.0,2021.0,0.0,62676529545.0,0.0,0.0
00222532,(주)엘지헬로비전,2020,CFS,1472721455548.0,841615540357.0,631105915191.0,77802826440.0,168991669756.0,7219628675.0,1057934695627.0,34150119189.0,-312793599147.0,218615356521.0,성공,확정,False,23673000.0,41551569000.0,CFS,False,0.0528292883538181,0.0528292883538181,True,사용가능,텔레비전 방송,102763990791.0,1112180458963.0,2019.0,173818770481.0,1119895014270.0,2017.0,1,0.0,0.07354218248215127,0.0528292883538181,0.3558891181211523,0.46023482760780876,0.0322799879143395,-0.3608346667769993,1.3335567297008943,28.018133135424172,0,-0.19412372006488993,,0.017345843471547218,0.015660354345411645,0.25528166089139526,-0.04796499167949647,2021.0,0.0,62676529545.0,0.0,2022.0,0.0,48393609567.0,0.0,0.0
00222532,(주)엘지헬로비전,2021,CFS,1488116032317.0,835732530156.0,652383502161.0,62676529545.0,168991669756.0,10144190591.0,1080132280928.0,44492025603.0,26921862454.0,69815022115.0,성공,확정,False,0.0,29414513000.0,CFS,False,0.042118039308677,0.0528292883538181,True,사용가능,텔레비전 방송,77802826440.0,1057934695627.0,2020.0,208145096439.0,1178041257956.0,2018.0,1,1.0,0.05802671640472703,0.042118039308677094,0.8977513384119337,0.4187734602533457,0.0411912747990223,-0.028823800516560024,1.2810448568789095,28.02853202800693,0,-0.21540034637164862,-0.6157689149867797,0.0,0.0,0.313872956566434,-0.04237938006531904,2022.0,0.0,48393609567.0,0.0,2023.0,0.0,46489266248.0,0.0,0.0
00222532,(주)엘지헬로비전,2022,CFS,1428013437283.0,802491626000.0,625521811283.0,48393609567.0,109035051591.0,6672584213.0,1167867997994.0,53800859859.0,-26024593275.0,178964672570.0,성공,확정,False,0.0,27280511000.0,CFS,False,0.033888763441243,0.0528292883538181,True,사용가능,텔레비전 방송,62676529545.0,1080132280928.0,2021.0,102763990791.0,1112180458963.0,2019.0,1,1.0,0.041437567987241505,0.03388876344124308,0.2704087285610594,0.491230338200821,0.04606758636370855,-0.14354855528181965,1.2829154979488555,27.987305389663714,0,-0.3091098963423654,-0.5791506838802086,-0.0048467229467002645,-0.00469926437081622,0.3827093207342034,0.0,2023.0,0.0,46489266248.0,0.0,2024.0,6905548000.0,45802851954.0,1.0,1.0
00222532,(주)엘지헬로비전,2023,CFS,1319446205693.0,754107897938.0,565338307755.0,46489266248.0,24513164719.0,10345332143.0,1190257448844.0,47352193560.0,-45352667210.0,84352110308.0,성공,확정,False,0.0,24980259000.0,CFS,False,0.0352339231773249,0.0528292883538181,True,사용가능,텔레비전 방송,48393609567.0,1167867997994.0,2022.0,77802826440.0,1057934695627.0,2020.0,1,1.0,0.03905816031073885,0.035233923177324905,0.5511334106313512,0.5265493648971141,0.03978315246503126,-0.09830243700604407,1.3339055351345603,27.908233223353154,0,-0.058522349048439545,-0.527549783648005,-0.007324923155365627,0.0,0.28077937541623194,0.016165541887474676,2024.0,6905548000.0,45802851954.0,1.0,2025.0,0.0,47843828296.0,0.0,1.0
00222532,(주)엘지헬로비전,2024,CFS,1243517604881.0,799432319472.0,444085285409.0,45802851954.0,0.0,51876305384.0,1196435375181.0,13472973352.0,-106228495334.0,87933002034.0,성공,확정,False,6905548000.0,19741812000.0,CFS,False,0.0368332959454829,0.0528292883538181,True,사용가능,텔레비전 방송,46489266248.0,1190257448844.0,2023.0,62676529545.0,1080132280928.0,2021.0,1,1.0,0.03828276303437686,0.036833295945482944,0.5208835237569844,0.4278114401230026,0.011260928614687419,-0.15613892123914122,1.800177456309383,27.848965257613578,1,-0.019955417801381034,-0.3768933032779179,-0.011905090973866037,0.0,0.0,0.01231261630611799,2025.0,0.0,47843828296.0,0.0,,,,,0.0
00222532,(주)엘지헬로비전,2025,CFS,1265815637408.0,813157694883.0,452657942525.0,47843828296.0,0.0,6892129497.0,1265651619684.0,18730193260.0,1780517603.0,121110045200.0,성공,확정,False,0.0,15643073000.0,CFS,False,0.0377968377717069,0.0528292883538181,True,사용가능,텔레비전 방송,45802851954.0,1196435375181.0,2024.0,48393609567.0,1167867997994.0,2022.0,1,1.0,0.037801735921568484,0.03779683777170695,0.39504426091982003,0.3340870804654071,0.014798853783062702,-0.09427085909710364,1.7964065544659913,27.866737802986,0,-0.013292026991010786,-0.09508893393139273,0.0,0.0,0.0,-0.00320017148791589,,,,,,,,,
00223762,(주)케이티지니뮤직,2015,OFS,90517673550.0,30767444704.0,59750228846.0,9835090321.0,,66223430.0,89179162227.0,1935731321.0,3382864660.0,8499089954.0,성공,확정,False,0.0,14450782000.0,,False,0.1086538124023626,0.2703839067797853,True,사용가능,기타 방송·음원서비스,,,,,,,0,,0.11028462339627491,0.1086538124023626,1.1571933435498263,,0.021706094480599812,-0.056521838148810885,0.514934340808968,25.228810956431406,0,,,0.0005447056395223998,0.023802313021108315,,-0.033524621667209195,2016.0,0.0,8479412074.0,0.0,2017.0,6051876000.0,2042580641.0,1.0,1.0
00223762,(주)케이티지니뮤직,2016,OFS,110079575096.0,41952579638.0,68126995458.0,8479412074.0,,83767899.0,111286638023.0,4899081748.0,8236380407.0,13387464717.0,성공,확정,False,0.0,16465569000.0,OFS,False,0.0770298401552253,0.2703839067797853,True,사용가능,기타 방송·음원서비스,9835090321.0,89179162227.0,2015.0,,,,0,,0.07619434124919408,0.07702984015522531,0.6333844572701256,1.7980907856382957,0.04402219201722573,-0.0467941878001233,0.6157996452942591,25.4244693511676,0,-0.3857405235317028,,-0.017758571936207806,0.004341971743654513,1.5144379755077564,0.0025057684027663743,2017.0,6051876000.0,2042580641.0,1.0,2018.0,519212000.0,62367106929.0,0.0,1.0
00223762,(주)케이티지니뮤직,2017,OFS,139493908800.0,48512459545.0,90981449255.0,2042580641.0,,303790051.0,155641711618.0,2401671806.0,-3401432142.0,,성공,확정,False,6051876000.0,18630814000.0,OFS,False,0.0146427945031532,0.2703839067797853,True,사용가능,기타 방송·음원서비스,8479412074.0,111286638023.0,2016.0,,,,0,,0.013123606903098174,0.014642794503153244,,3.541309047560959,0.015430772259139343,,0.5332126487568996,25.66128677273838,1,-1.1576789712496933,,-0.07735252860603924,-0.023358515148932148,3.377873677834392,0.006784555597505019,2018.0,519212000.0,62367106929.0,0.0,2019.0,103067000.0,60771067856.0,0.0,0.0
00223762,(주)케이티지니뮤직,2018,CFS,222002409461.0,76577922358.0,145424487103.0,62367106929.0,,336228579.0,171232730142.0,6889092474.0,5937816079.0,,성공,확정,False,519212000.0,20990695000.0,OFS,True,0.2809298650425516,0.2703839067797853,True,사용가능,기타 방송·음원서비스,2042580641.0,155641711618.0,2017.0,9835090321.0,89179162227.0,2015.0,1,0.0,0.3642242162306246,0.2809298650425516,,,0.04023233448586032,,0.5265820350032389,26.12595407218772,0,,,0.22934185842595065,0.20768301913131765,,0.019202939666666058,2019.0,103067000.0,60771067856.0,0.0,2020.0,0.0,55587544623.0,0.0,0.0
00223762,(주)케이티지니뮤직,2019,OFS,233880648315.0,81194526967.0,152686121348.0,60771067856.0,,314591593.0,230468779379.0,8127067802.0,7314176925.0,2915565577.0,성공,확정,False,103067000.0,25150437000.0,CFS,True,0.259837948517019,0.2703839067797853,True,사용가능,기타 방송·음원서비스,62367106929.0,171232730142.0,2018.0,8479412074.0,111286638023.0,2016.0,2,0.0,0.26368459979589487,0.259837948517019,20.84366351949147,,0.03526320495078965,0.01880707694155085,0.5317741144392725,26.1780767722485,0,,,0.16195510247641057,0.2074622879087634,,0.029833922137693633,2020.0,0.0,55587544623.0,0.0,2021.0,0.0,116265644712.0,0.0,0.0
00223762,(주)케이티지니뮤직,2020,OFS,250537976853.0,88487569863.0,162050406990.0,55587544623.0,,97557019.0,246967532160.0,11463451334.0,9471844621.0,742946855.0,성공,확정,False,0.0,27709300000.0,OFS,False,0.2218727289221118,0.2703839067797853,True,사용가능,기타 방송·음원서비스,60771067856.0,230468779379.0,2019.0,2042580641.0,155641711618.0,2017.0,2,0.0,0.2250803744801043,0.22187272892211185,74.82035121206617,0.47627415641452203,0.0464168355805301,0.03484061728143343,0.5460496613776509,26.246876350184166,0,-0.15688370459082018,,0.13519491891377775,0.16778187984822596,0.24528986194167465,0.06443645427709443,2021.0,0.0,116265644712.0,0.0,2022.0,0.0,122081373659.0,0.0,0.0
00223762,(주)케이티지니뮤직,2021,CFS,307060996340.0,199309435741.0,107751560599.0,116265644712.0,,318336560.0,252006950035.0,10501531906.0,-4887813493.0,27652988694.0,성공,확정,False,0.0,29790886000.0,OFS,True,0.3786402248993627,0.2703839067797853,True,사용가능,기타 방송·음원서비스,55587544623.0,246967532160.0,2020.0,62367106929.0,171232730142.0,2018.0,3,1.0,0.4613588819508844,0.3786402248993627,4.204451316223433,,0.04167159637677252,-0.10597504266210511,1.849712752493069,26.450312249944908,0,,,0.29482024009963914,0.3167844873275194,,0.02181605993913241,2022.0,0.0,122081373659.0,0.0,2023.0,0.0,122206842594.0,0.0,0.0
00223762,(주)케이티지니뮤직,2022,CFS,340102689990.0,158930776532.0,181171913458.0,122081373659.0,,245628635.0,286106152010.0,13820761140.0,18691572923.0,29321893314.0,성공,확정,False,0.0,32325682000.0,CFS,False,0.3589544489124433,0.2703839067797853,True,사용가능,기타 방송·음원서비스,116265644712.0,252006950035.0,2021.0,60771067856.0,230468779379.0,2019.0,3,2.0,0.42669957566914885,0.3589544489124433,4.163488774468433,0.271248889295383,0.0483064102009136,-0.03125620791565207,0.8772373901589551,26.55251343833728,0,-0.08528951760571035,,0.26871911587712055,0.3069752130688101,0.10311140531703131,0.0434283082190889,2023.0,0.0,122206842594.0,0.0,2024.0,12320166000.0,109086312833.0,1.0,1.0
00223762,(주)케이티지니뮤직,2023,CFS,407620422306.0,169794185697.0,237826236609.0,122206842594.0,,243216312.0,307040865232.0,15360755595.0,21732575666.0,20246183919.0,성공,확정,False,0.0,36317860000.0,CFS,False,0.2998054952758464,0.2703839067797853,True,사용가능,기타 방송·음원서비스,122081373659.0,286106152010.0,2022.0,55587544623.0,246967532160.0,2020.0,3,2.0,0.3980149108219212,0.2998054952758464,6.036043290079726,0.29733615936993846,0.05002837515909622,0.0036465095114497676,0.7139421962773241,26.733602240832763,0,-0.07214339132670325,,0.2439553439344569,0.23048474093582577,0.08606746334007637,0.05816115821519846,2024.0,12320166000.0,109086312833.0,1.0,,,,,1.0
00223762,(주)케이티지니뮤직,2024,CFS,352431238562.0,126359852209.0,226071386353.0,109086312833.0,,343728429.0,301615219228.0,12193400754.0,-13772161745.0,-5087313877.0,성공,확정,False,12320166000.0,40298084000.0,CFS,False,0.309525095670001,0.2703839067797853,True,사용가능,기타 방송·음원서비스,122206842594.0,307040865232.0,2023.0,116265644712.0,252006950035.0,2021.0,3,3.0,0.36167376802872264,0.309525095670001,,0.3484589409972294,0.04042700758008714,-0.024642673286954256,0.5589378392703575,26.588121372261295,1,-0.08969253699632676,-0.25860216544516146,0.1746841157976241,0.22842392121588384,0.11398422521277629,0.06361284846661852,,,,,,,,,
00231691,(주)판타지오,2016,CFS,35609355967.0,13656709769.0,21952646198.0,4001375862.0,16382160000.0,417608690.0,21703284152.0,-3648552982.0,-3763140105.0,-2444703439.0,성공,확정,False,0.0,252264875.0,CFS,False,0.1123686669792109,0.1123686669792109,True,사용가능,창작·예술 서비스,,,,,,,0,,0.18436729823819153,0.11236866697921091,,,-0.16811063968232562,-0.037025007338572065,0.6220985682466015,24.295874248338205,0,,,0.0,0.0,,-0.09905868639758146,2017.0,1485714.0,1406794552.0,0.0,2018.0,0.0,873999316.0,0.0,0.0
00231691,(주)판타지오,2017,CFS,56661825520.0,10141979984.0,46519845536.0,1406794552.0,12545348973.0,0.0,13304891629.0,-6434995841.0,-8837074222.0,-3825526726.0,성공,확정,False,1485714.0,521072459.0,CFS,False,0.0248279073095419,0.1123686669792109,True,사용가능,창작·예술 서비스,4001375862.0,21703284152.0,2016.0,,,,0,,0.10573513796487309,0.024827907309541975,,0.1926982395566206,-0.4836563889760639,-0.08844662963128619,0.21801405114622519,24.76036654967904,0,-0.26145816016087653,,0.015259002455735679,-0.013173402342543414,0.029262869830053134,-0.49230260563769823,2018.0,0.0,873999316.0,0.0,2020.0,400000000.0,222230601.0,,0.0
00231691,(주)판타지오,2018,CFS,46539179043.0,9017432381.0,37521746662.0,873999316.0,12545348973.0,0.0,13615020292.0,352770705.0,-9200333587.0,555743657.0,성공,확정,False,0.0,536250396.0,CFS,False,0.0187798610541124,0.1123686669792109,True,사용가능,창작·예술 서비스,1406794552.0,13304891629.0,2017.0,,,,0,,0.06419375786854685,0.018779861054112407,1.5726662913581395,0.47023135542733757,0.025910406112819622,-0.20963148565611453,0.24032549609777012,24.56356035484976,0,-0.40203932561800726,,-0.05222372883604638,-0.05003677020242765,0.34069250829114095,0.07485021360154431,2020.0,400000000.0,222230601.0,,2021.0,434849863.0,6635050805.0,,
00231691,(주)판타지오,2020,CFS,28779495501.0,7910276955.0,20869218546.0,222230601.0,3744432177.0,302626478.0,16425762721.0,-708265130.0,-2772677746.0,7590410.0,성공,확정,False,400000000.0,203981917.0,CFS,False,0.0077218379659323,0.1123686669792109,True,사용가능,창작·예술 서비스,873999316.0,13615020292.0,2018.0,4001375862.0,21703284152.0,2016.0,0,0.0,0.013529393110974551,0.007721837965932313,29.277812529230964,,-0.04311916238108673,-0.09660586843516399,0.3790404004617682,24.082929008752338,1,,,-0.043486499320811924,-0.02000476042245278,,0.07693831129415843,2021.0,434849863.0,6635050805.0,1.0,,,,,1.0
00231691,(주)판타지오,2021,CFS,58607666093.0,27390404896.0,31217261197.0,6635050805.0,3749639208.0,0.0,23455295407.0,1831076344.0,-20682549859.0,4185306565.0,성공,확정,False,434849863.0,174450540.0,CFS,False,0.1132113125690988,0.1123686669792109,True,사용가능,창작·예술 서비스,222230601.0,16425762721.0,2020.0,1406794552.0,13304891629.0,2017.0,0,0.0,0.28288071797295866,0.11321131256909886,1.5853201436870132,0.050880379459813,0.07806665029055798,-0.4243106419651503,0.8774121702461277,24.794131345672756,1,28.428645130220662,,0.04748391633062099,0.04381840998938147,-0.16118212385957773,0.12137268590152181,,,,,,,,,
00232496,(주)씨그널엔터테인먼트그룹,2015,CFS,81902827419.0,49474613081.0,32428214338.0,960478008.0,,3021501321.0,25161179914.0,-10422663853.0,-24346725445.0,,성공,확정,False,0.0,275378000.0,,False,0.0117270433545153,0.007611548535696,True,사용가능,영상·방송프로그램 제작/배급/상영,,,,,,,0,,0.038173011412138816,0.011727043354515332,,,-0.41423589388988463,,1.5256656615540098,25.12879935003005,0,,,-0.05780115000257223,-0.04877482293015716,,-0.47005921874241086,2016.0,1882789000.0,2174192153.0,1.0,2017.0,1329216000.0,125519466.0,1.0,1.0
00232496,(주)씨그널엔터테인먼트그룹,2016,CFS,50871848509.0,19908668572.0,30963179937.0,2174192153.0,,0.0,23996316239.0,-4503001821.0,-33838321912.0,,성공,확정,False,1882789000.0,444579000.0,CFS,False,0.0427386111714684,0.007611548535696,True,사용가능,영상·방송프로그램 제작/배급/상영,960478008.0,25161179914.0,2015.0,,,,0,,0.0906052467114263,0.04273861117146849,,0.2836528101305393,-0.1876538788766877,,0.6429788094280906,24.65257553302141,1,1.3099524287695725,,0.03756806789133161,0.017836779364996242,0.0,-0.24048508351388548,2017.0,1329216000.0,125519466.0,1.0,,,,,1.0
00232496,(주)씨그널엔터테인먼트그룹,2017,CFS,48941775910.0,19370793485.0,29570982425.0,125519466.0,,,31328168339.0,-3023180184.0,-9822886231.0,,성공,확정,False,1329216000.0,79265000.0,CFS,False,0.0025646692149222,0.007611548535696,True,사용가능,영상·방송프로그램 제작/배급/상영,2174192153.0,23996316239.0,2016.0,,,,0,,0.004006600853320319,0.0025646692149222422,,0.06893473020279592,-0.09650038110387976,,0.6550608703694429,24.613897181797455,1,-1.247809192774779,,-0.045592591518561564,-0.016863068867679114,0.0,-0.03293615964183723,,,,,,,,,
00249441,(주)씨씨에스충북방송,2015,CFS,58383141606.0,23117115602.0,35266026004.0,7341848526.0,,393239005.0,24575210014.0,-930251241.0,-2871046148.0,202053962.0,성공,확정,False,0.0,,,False,0.1257528855769125,0.0280475094179438,True,사용가능,텔레비전 방송,,,,,,,0,,0.29875018450778235,0.12575288557691255,36.33607801266476,,-0.037853236675090655,-0.052636771942470795,0.6555066794137216,24.790293013976925,0,,,0.18561059414411413,0.035308815634369745,,-0.12661442727057168,2016.0,0.0,6772842456.0,0.0,2017.0,1641353100.0,5103188542.0,1.0,1.0
00249441,(주)씨씨에스충북방송,2016,CFS,45263653765.0,11616342120.0,33647311645.0,6772842456.0,,0.0,20908296643.0,-1285687781.0,-2109478856.0,4115550075.0,성공,확정,False,0.0,,CFS,False,0.1496309266406832,0.0280475094179438,True,사용가능,텔레비전 방송,7341848526.0,24575210014.0,2015.0,,,,0,,0.32393085728805726,0.14963092664068323,1.6456712547714536,,-0.061491751478016374,-0.1375282022816613,0.3452383430379108,24.535770202240773,0,0.07171013870632721,,0.22179967715111354,0.06645050643766844,,-0.10050240668970936,2017.0,1641353100.0,5103188542.0,1.0,2018.0,0.0,2552904601.0,0.0,1.0
00249441,(주)씨씨에스충북방송,2017,CFS,42450754040.0,11333616828.0,31117137212.0,5103188542.0,,0.0,21259586706.0,-1125228385.0,-7114186166.0,4706142128.0,성공,확정,False,1641353100.0,,CFS,False,0.1202143202731199,0.0280475094179438,True,사용가능,텔레비전 방송,6772842456.0,20908296643.0,2016.0,,,,0,,0.24004175681175163,0.12021432027311993,1.0843677056920369,,-0.052928046088611486,-0.27844801726871754,0.36422427779215205,24.47161051256132,1,-0.26332335601346013,,0.08483187707645948,0.0271713181633714,,-0.11799216580120508,2018.0,0.0,2552904601.0,0.0,2019.0,1047027906.0,1372529451.0,1.0,1.0
00249441,(주)씨씨에스충북방송,2018,CFS,35691430343.0,11298901169.0,24392529174.0,2552904601.0,,,21012547877.0,-3682857563.0,-7526602221.0,4998952409.0,성공,확정,False,0.0,127828122.0,CFS,False,0.07152710262565,0.0280475094179438,True,사용가능,텔레비전 방송,5103188542.0,21259586706.0,2017.0,7341848526.0,24575210014.0,2015.0,0,0.0,0.12149429074207459,0.07152710262565001,0.5106879186134696,0.03339252007843552,-0.17526944302795366,-0.3509401139048657,0.4632115467978409,24.298176450501686,0,-0.4881231187099891,-0.5073106508588787,0.01647168253799254,-0.0017197432855839273,-0.20227387804770627,-0.24075817355230583,2019.0,1047027906.0,1372529451.0,1.0,2020.0,585208868.0,748661646.0,1.0,1.0
00249441,(주)씨씨에스충북방송,2019,CFS,34335091059.0,7196408286.0,27138682773.0,1372529451.0,,,20318289999.0,395805451.0,-168971009.0,1868663452.0,성공,확정,False,1047027906.0,239783244.0,CFS,False,0.0399745394192053,0.0280475094179438,True,사용가능,텔레비전 방송,2552904601.0,21012547877.0,2018.0,6772842456.0,20908296643.0,2016.0,0,0.0,0.06755142539394562,0.039974539419205334,0.7344979372989845,0.1221690344678347,0.019480254047928258,-0.05934553828614036,0.26517161301430714,24.259433731090677,1,-0.42932539707553774,-0.7691293103073222,-0.010118089800794261,-0.008706993251627236,-0.10696840017418566,-0.029210878206363654,2020.0,585208868.0,748661646.0,1.0,2021.0,422624072.0,812657658.0,1.0,1.0
00249441,(주)씨씨에스충북방송,2020,CFS,34807581799.0,8501006302.0,26306575497.0,748661646.0,,,19270324242.0,-347243895.0,-2921851094.0,5313196592.0,성공,확정,False,585208868.0,38658937.0,CFS,False,0.0215085796629948,0.0280475094179438,True,사용가능,텔레비전 방송,1372529451.0,20318289999.0,2019.0,5103188542.0,21259586706.0,2017.0,0,0.0,0.03885049553905685,0.02150857966299482,0.14090606907473527,0.03645021615890744,-0.018019618696564328,-0.2365877564708212,0.3231513848303613,24.273101067784456,1,-0.40296127995478964,-0.7597251811241753,-0.01734584347154721,-0.015660354345411638,-0.16850295055750603,-0.0982645982904003,2021.0,422624072.0,812657658.0,1.0,2022.0,516084366.0,32832000.0,1.0,1.0
00249441,(주)씨씨에스충북방송,2021,CFS,28974325167.0,4674769214.0,24299555953.0,812657658.0,,,18740525393.0,-543121152.0,1188117631.0,1624620404.0,성공,확정,False,422624072.0,36524208.0,CFS,False,0.0280475094179438,0.0280475094179438,True,사용가능,텔레비전 방송,748661646.0,19270324242.0,2020.0,2552904601.0,21012547877.0,2018.0,0,0.0,0.04336365395089433,0.028047509417943848,0.5002138690362035,0.04678634012456942,-0.028981105951430143,-0.015065157531163149,0.19238084938843739,24.089675935719814,1,0.11297354455322525,-0.5735463762268387,-0.014663062453832698,-0.014070529890733246,-0.05811416356234228,-0.11255176081577148,2022.0,516084366.0,32832000.0,1.0,2023.0,0.0,135155333.0,0.0,1.0
00249441,(주)씨씨에스충북방송,2022,CFS,32092326250.0,7178057699.0,24914268551.0,32832000.0,,,19355942259.0,648839089.0,734417501.0,4567656857.0,성공,확정,False,516084366.0,100000.0,CFS,False,0.0010230483058235,0.0280475094179438,True,사용가능,텔레비전 방송,812657658.0,18740525393.0,2021.0,1372529451.0,20318289999.0,2019.0,0,0.0,0.0016962232869202733,0.0010230483058235767,0.007187930492126283,0.00023654931566294805,0.03352144164918176,-0.11944411028789165,0.28811031254264496,24.19188278087115,1,-0.9924380507256204,-0.9287155831225642,-0.044588067647021494,-0.037564979506235725,-0.1082844681509547,-0.012546144714526787,2023.0,0.0,135155333.0,0.0,2024.0,206844999.0,26932000.0,1.0,1.0
00249441,(주)씨씨에스충북방송,2023,CFS,31552488645.0,4013018555.0,27539470090.0,135155333.0,,,19211399837.0,453727360.0,2534148486.0,4229033783.0,성공,확정,False,0.0,7476667.0,CFS,False,0.0042835078564054,0.0280475094179438,True,사용가능,텔레비전 방송,32832000.0,19355942259.0,2022.0,748661646.0,19270324242.0,2020.0,0,0.0,0.007035163191997023,0.004283507856405411,0.03195891542491374,0.0890146520749871,0.023617610577556583,-0.053716374517056735,0.14571880075707005,24.174918302220597,0,3.1240408510643354,-0.816412960289949,-0.039347920274107454,-0.030950415320919494,-0.1567553374058951,0.0,2024.0,206844999.0,26932000.0,1.0,2025.0,60958334.0,26932000.0,1.0,1.0
00249441,(주)씨씨에스충북방송,2024,CFS,38009612874.0,3524268696.0,34485344178.0,26932000.0,,1568275.0,18337213022.0,-850011520.0,-1073241178.0,2520538193.0,성공,확정,False,206844999.0,36414334.0,CFS,False,0.0007085575980286,0.0280475094179438,True,사용가능,텔레비전 방송,135155333.0,19211399837.0,2023.0,812657658.0,18740525393.0,2021.0,0,0.0,0.0014687073748714397,0.0007085575980286423,0.010685019602081467,0.4493174553004706,-0.046354455226113256,-0.09454922319028089,0.10219612939946572,24.36110493504961,1,-0.7552294373480837,-0.9453384858274987,-0.04871914663337146,-0.036124738347454305,0.02150601517746803,-0.04530276753468268,2025.0,60958334.0,26932000.0,1.0,,,,,1.0
00249441,(주)씨씨에스충북방송,2025,CFS,28953199521.0,3542273767.0,25410925754.0,26932000.0,,2412508.0,18271161053.0,-5020235846.0,-9074418424.0,-2252455173.0,성공,확정,False,60958334.0,2791666.0,CFS,False,0.0009301908060442,0.0280475094179438,True,사용가능,텔레비전 방송,26932000.0,18337213022.0,2024.0,32832000.0,19355942259.0,2022.0,0,0.0,0.001474016890436087,0.0009301908060442851,,0.10365609683647706,-0.2747628260425033,-0.23562035850483373,0.13939963468046424,24.08894655371876,1,0.003602072404391791,-0.12365889550345219,-0.0363277190311324,-0.036866646965662664,-0.23043098362893003,-0.29276185131348187,,,,,,,,,
00258689,(주)제이와이피엔터테인먼트,2015,CFS,74088718972.0,15273440117.0,58815278855.0,33091434732.0,,927461927.0,50557050960.0,4198535095.0,3223272695.0,4862451442.0,성공,확정,False,0.0,2150480000.0,,False,0.4466460642207364,0.1376562777579446,True,사용가능,오디오물·음반,,,,,,,0,,0.6545364910263746,0.4466460642207364,6.805504410011957,,0.08304549049591163,-0.022124538927707566,0.25968490525487964,25.028529117064885,0,,,0.544796573269622,0.3617945648394821,,0.027814774348102624,2016.0,0.0,30978512618.0,0.0,2017.0,12500000.0,29134692496.0,0.0,0.0
00258689,(주)제이와이피엔터테인먼트,2016,CFS,86571517594.0,19529789206.0,67041728388.0,30978512618.0,,1372862613.0,73645282523.0,13811807741.0,8524635842.0,15424673317.0,성공,확정,False,0.0,2139364000.0,CFS,False,0.3578372365294774,0.1376562777579446,True,사용가능,오디오물·음반,33091434732.0,50557050960.0,2015.0,,,,0,,0.42064490157024204,0.35783723652947746,2.008373985065709,0.0667821369764244,0.18754504386192644,-0.07970332121656395,0.2913079611100196,25.184236702273417,0,-0.520527814062819,,0.32669198838484015,0.2851493681179067,-0.21687067315411487,0.1460286202474671,2017.0,12500000.0,29134692496.0,0.0,2018.0,0.0,29108181182.0,0.0,0.0
00258689,(주)제이와이피엔터테인먼트,2017,CFS,124428024149.0,38667610853.0,85760413296.0,29134692496.0,,1653786151.0,102241863796.0,19462607147.0,16369258073.0,27110664256.0,성공,확정,False,12500000.0,2559055000.0,CFS,False,0.2341489603749699,0.1376562777579446,True,사용가능,오디오물·음반,30978512618.0,73645282523.0,2016.0,,,,0,,0.28495854256072195,0.2341489603749699,1.074658009884507,0.08514119302562397,0.19035849332552401,-0.08632626176027185,0.45087948351577634,25.546993266390643,0,-0.4478209269726441,,0.19448240705158454,0.1961476507228845,-0.0782941767009435,0.1817122766638897,2018.0,0.0,29108181182.0,0.0,2019.0,0.0,29043036790.0,0.0,0.0
00258689,(주)제이와이피엔터테인먼트,2018,CFS,159341919774.0,31373866303.0,127968053471.0,29108181182.0,,1481778495.0,124821138131.0,28748634270.0,24275342132.0,22396588778.0,성공,확정,False,0.0,276996000.0,CFS,False,0.1826774851419206,0.1376562777579446,True,사용가능,오디오물·음반,29134692496.0,102241863796.0,2017.0,33091434732.0,50557050960.0,2015.0,0,0.0,0.2331991329181033,0.18267748514192067,1.2996702966923581,0.009511755945676468,0.2303186359335088,0.01179070364323901,0.24516952045464938,25.794318169112735,0,-0.2217517285094847,-1.5892876510828928,0.09831677511342932,0.10943063923068673,-0.12002709119052016,0.20928924111431452,2019.0,0.0,29043036790.0,0.0,2020.0,0.0,30828082474.0,0.0,0.0
00258689,(주)제이와이피엔터테인먼트,2019,CFS,207839679239.0,45489735142.0,162349944097.0,29043036790.0,,690988886.0,155435844908.0,43458524745.0,31220337653.0,50943042578.0,성공,확정,False,0.0,280877000.0,CFS,False,0.1397376905908457,0.1376562777579446,True,사용가능,오디오물·음반,29108181182.0,124821138131.0,2018.0,30978512618.0,73645282523.0,2016.0,0,0.0,0.18684902962498845,0.1397376905908457,0.5701080131900559,0.009660227585783094,0.2795913952198247,-0.09489383835278331,0.28019557010023377,26.06003284656016,0,-0.24750661753450606,-1.1730795257967819,0.08511953230550415,0.08736202998259007,-0.12680041913718104,0.27416211240672866,2020.0,0.0,30828082474.0,0.0,2024.0,0.0,60223870978.0,,0.0
00258689,(주)제이와이피엔터테인먼트,2020,CFS,223949702666.0,37702367193.0,186247335473.0,30828082474.0,,448282082.0,144399021991.0,44136482815.0,29636398233.0,22060358410.0,성공,확정,False,0.0,417899000.0,CFS,False,0.1376562777579446,0.1376562777579446,True,사용가능,오디오물·음반,29043036790.0,155435844908.0,2019.0,29134692496.0,102241863796.0,2017.0,0,0.0,0.21349232182418404,0.1376562777579446,1.397442503020512,0.013959952816558723,0.30565638330812867,0.03382920241827226,0.2024317131692102,26.134687321918552,0,0.13246773620825222,-0.3542049527780605,0.0,0.0,-0.21702434165628864,0.26355067152181316,2024.0,0.0,60223870978.0,,2025.0,0.0,66897868484.0,,
00258689,(주)제이와이피엔터테인먼트,2024,CFS,678782059891.0,195900558505.0,482881501386.0,60223870978.0,,14310042165.0,601787883332.0,128262269240.0,97714913917.0,89293013736.0,성공,확정,False,0.0,5701915000.0,CFS,False,0.0887234276457908,0.1376562777579446,True,사용가능,오디오물·음반,30828082474.0,144399021991.0,2020.0,29108181182.0,124821138131.0,2018.0,0,0.0,0.10007491451065845,0.08872342764579083,0.674452215892896,,0.21313534684319835,0.012407370021465216,0.40569075009647837,27.24356594080431,0,,,-0.0356761142948947,-0.005040100113681917,,0.13438731907431783,2025.0,0.0,66897868484.0,0.0,,,,,0.0
00258689,(주)제이와이피엔터테인먼트,2025,CFS,851090190178.0,226142470880.0,624947719298.0,66897868484.0,,20168943120.0,821854634614.0,155246094076.0,160563476080.0,124332829487.0,성공,확정,False,0.0,10111109000.0,CFS,False,0.0786025608754916,0.1376562777579446,True,사용가능,오디오물·음반,60223870978.0,601787883332.0,2024.0,29043036790.0,155435844908.0,2019.0,0,0.0,0.08139866305605234,0.07860256087549164,0.5380547419376047,0.15907757465862044,0.18889726666676807,0.042569691216183085,0.36185822253103744,27.46978394131191,0,-0.25486843615203003,,-0.2273711797621997,-0.06818573644197787,-0.11968189511783123,0.11418905756096853,,,,,,,,,
00259590,(주)바른손이앤에이,2015,CFS,47832856345.0,18304729087.0,29528127258.0,25319362246.0,,0.0,15698007210.0,3802762485.0,-451563807.0,-1780715989.0,성공,확정,False,466958000.0,316115000.0,,False,0.5293299246731404,0.0312821620806524,True,사용가능,영상·방송프로그램 제작/배급/상영,,,,,,,0,,1.6129029568715556,0.5293299246731404,,,0.24224491899695083,0.027787430723629308,0.6199082294337083,24.590978611546724,0,,,1.5169287954568444,0.46882805838846797,,0.18642159414442463,2016.0,7508011000.0,26189525699.0,1.0,2017.0,26483900000.0,8584008593.0,1.0,1.0
00259590,(주)바른손이앤에이,2016,CFS,68782256529.0,23545150925.0,45237105604.0,26189525699.0,,,41653823490.0,14976131492.0,33427710921.0,17305576270.0,성공,확정,False,7508011000.0,551699000.0,CFS,False,0.3807599084504877,0.0312821620806524,True,사용가능,영상·방송프로그램 제작/배급/상영,25319362246.0,15698007210.0,2015.0,,,,0,,0.6287424179748451,0.3807599084504877,1.513357618977458,0.02142150692863303,0.35953797844261237,0.23439380248018732,0.5204831434422733,24.954211649336177,1,-1.61907906584429,,0.5757052391547504,0.3558580766440154,-0.26223130320190624,0.3067067738054146,2017.0,26483900000.0,8584008593.0,1.0,2018.0,105315000.0,4635452145.0,0.0,1.0
00259590,(주)바른손이앤에이,2017,CFS,72073730490.0,34780043205.0,37293687285.0,8584008593.0,,,31430347233.0,-1266547960.0,-31397624662.0,14750954400.0,성공,확정,False,26483900000.0,259735000.0,CFS,False,0.1191003786628056,0.0312821620806524,True,사용가능,영상·방송프로그램 제작/배급/상영,26189525699.0,41653823490.0,2016.0,,,,0,,0.27311211452310336,0.11910037866280564,0.5819290305039516,0.014938659833593887,-0.04029697637798286,-0.6402968009044984,0.9325986711694496,25.000955466580063,1,-0.426795966163381,,0.22351292215122148,0.09967264058020428,-0.05399607036920203,0.023267245084059675,2018.0,105315000.0,4635452145.0,0.0,2019.0,5324610000.0,2138926275.0,1.0,1.0
00259590,(주)바른손이앤에이,2018,CFS,113995488141.0,23264354220.0,90731133921.0,4635452145.0,,,30044466559.0,-22979774381.0,80874968503.0,-32194212038.0,성공,확정,False,105315000.0,396661000.0,CFS,False,0.0406634702881086,0.0312821620806524,True,사용가능,영상·방송프로그램 제작/배급/상영,8584008593.0,31430347233.0,2017.0,25319362246.0,15698007210.0,2015.0,0,0.0,0.15428638534477232,0.04066347028810869,,0.06001167640065349,-0.7648587914141638,0.9918741731352186,0.256409825542976,25.459424706847162,0,-0.415896094227868,-1.730823880153734,0.0,-0.003859139812305998,-0.02825224496515758,-0.699073209279486,2019.0,5324610000.0,2138926275.0,1.0,2020.0,700000000.0,2011059702.0,1.0,1.0
00259590,(주)바른손이앤에이,2019,CFS,103169274032.0,32171069521.0,70998204511.0,2138926275.0,,,16975339380.0,-17734440678.0,-24053157866.0,-20902812548.0,성공,확정,False,5324610000.0,242833000.0,CFS,False,0.0207322024417518,0.0312821620806524,True,사용가능,영상·방송프로그램 제작/배급/상영,4635452145.0,30044466559.0,2018.0,26189525699.0,41653823490.0,2016.0,0,0.0,0.1260019742238579,0.020732202441751887,,0.0716915958763343,-1.0447178864002187,-0.030535693379240586,0.45312511411490164,25.359636913414768,1,-0.10357942718896701,-0.32586270369343384,0.020706865210012512,-0.020797003269921715,-0.11110317897827036,-0.9738012227660411,2020.0,700000000.0,2011059702.0,1.0,2021.0,457023000.0,4842098635.0,1.0,1.0
00259590,(주)바른손이앤에이,2020,CFS,104821778991.0,31962478744.0,72859300247.0,2011059702.0,,,15206735467.0,-2396482171.0,-7569432700.0,2248257441.0,성공,확정,False,700000000.0,126528000.0,CFS,False,0.0191855139395475,0.0312821620806524,True,사용가능,영상·방송프로그램 제작/배급/상영,2138926275.0,16975339380.0,2019.0,8584008593.0,31430347233.0,2017.0,0,0.0,0.13224795725316474,0.01918551393954752,0.8944970737450347,0.06097755544295421,-0.15759346746055947,-0.09366078533968544,0.43868769855933476,25.37552740204247,1,0.0444059305681493,-0.24954354986697547,-0.034565172574513414,-0.03083588312819541,-0.1900960302381807,-0.09259869373956346,2021.0,457023000.0,4842098635.0,1.0,2022.0,763430000.0,4006445512.0,1.0,1.0
00259590,(주)바른손이앤에이,2021,CFS,140862621665.0,31484769176.0,109377852489.0,4842098635.0,,488092523.0,10711420633.0,-1322252018.0,8534083816.0,-6927117085.0,성공,확정,False,457023000.0,10789000.0,CFS,False,0.0343746167561434,0.0312821620806524,True,사용가능,영상·방송프로그램 제작/배급/상영,2011059702.0,15206735467.0,2020.0,4635452145.0,30044466559.0,2018.0,0,0.0,0.4520500875562992,0.03437461675614342,,0.0031486212544515444,-0.12344319799433275,0.10976084867829511,0.28785323956846187,25.67105093793912,1,1.7033483061689578,0.6880606602890551,0.28551144570505393,-0.017513973421637734,-0.2020601047949283,-0.035722322020412464,2022.0,763430000.0,4006445512.0,1.0,2023.0,0.0,3641751218.0,0.0,1.0
00259590,(주)바른손이앤에이,2022,CFS,128074443885.0,42405037706.0,85669406179.0,4006445512.0,,0.0,26032765108.0,-4223014991.0,-13319475177.0,-5054464544.0,성공,확정,False,763430000.0,21999000.0,CFS,False,0.0312821620806524,0.0312821620806524,True,사용가능,영상·방송프로그램 제작/배급/상영,4842098635.0,10711420633.0,2021.0,2138926275.0,16975339380.0,2019.0,0,0.0,0.15390011377503648,0.03128216208065247,,0.004972343389948168,-0.16221922540614966,-0.0645328637180832,0.49498461116209624,25.575877524658015,1,-1.60295541654202,0.3395468662827271,-0.03244825655990846,-0.019665868198097125,-0.16511476757984667,-0.09025197343812406,2023.0,0.0,3641751218.0,0.0,2024.0,0.0,3220522257.0,0.0,0.0
00259590,(주)바른손이앤에이,2023,CFS,124862745913.0,53215504229.0,71647241684.0,3641751218.0,,0.0,23670251801.0,-4824155195.0,-13926418308.0,300216247.0,성공,확정,False,0.0,50456000.0,CFS,False,0.0291660350040471,0.0312821620806524,True,사용가능,영상·방송프로그램 제작/배급/상영,4006445512.0,26032765108.0,2022.0,2011059702.0,15206735467.0,2020.0,0,0.0,0.15385350559921573,0.029166035004047124,12.130426831962895,0.013194221273646552,-0.2038066698891726,-0.11393818429167513,0.7427432372582724,25.550480938273157,0,-0.00027536310037362677,0.25429815392407806,-0.050688337055566995,-0.05671708978979679,-0.11611096934906343,-0.1199980262366119,2024.0,0.0,3220522257.0,0.0,2025.0,0.0,2566782257.0,0.0,0.0
00259590,(주)바른손이앤에이,2024,CFS,111166407353.0,43744774776.0,67421632577.0,3220522257.0,,,9488644875.0,-266076028.0,-5175167552.0,-2313867925.0,성공,확정,False,0.0,72508000.0,CFS,False,0.0289702827831207,0.0312821620806524,True,사용가능,영상·방송프로그램 제작/배급/상영,3641751218.0,23670251801.0,2023.0,4842098635.0,10711420633.0,2021.0,0,0.0,0.3394080292208217,0.028970282783120714,,0.021132355119379734,-0.02804152031245663,-0.02573888726937242,0.6488240213708938,25.43429408097459,0,0.48346547421823854,-0.2207349684718638,0.050300549759033863,-0.09013913973727442,-0.1379531256419143,0.1282556207107771,2025.0,0.0,2566782257.0,0.0,,,,,0.0
00259590,(주)바른손이앤에이,2025,CFS,102888264494.0,44506483123.0,58381781371.0,2566782257.0,,,11603958770.0,-2276213982.0,-6893362078.0,-6428238433.0,성공,확정,False,0.0,72508000.0,CFS,False,0.0249472791636959,0.0312821620806524,True,사용가능,영상·방송프로그램 제작/배급/상영,3220522257.0,9488644875.0,2024.0,4006445512.0,26032765108.0,2022.0,0,0.0,0.2211988432461485,0.02494727916369591,,0.025057606636940136,-0.19615839965622353,-0.004520667612457629,0.7623351339722518,25.356909425605128,0,-0.4259230059049923,0.19491883259541198,-0.004446760603294908,-0.07318521820359851,-0.1076279987993836,-0.07875991538516097,,,,,,,,,
00260930,(주)에스엠엔터테인먼트,2015,CFS,459709219858.0,136211256332.0,323497963526.0,51079236655.0,,10006569143.0,325439247011.0,36422839744.0,18387798275.0,,성공,확정,False,1400000.0,13960705000.0,,False,0.1111120561618884,0.1322943008148663,True,사용가능,오디오물·음반,,,,,,,0,,0.15695475307338547,0.1111120561618884,,,0.11191901431227466,,0.42105753880905805,26.8538599958072,0,,,0.04721483531663295,0.026260556780634117,,0.056688298164465654,2016.0,0.0,37051350324.0,0.0,2017.0,0.0,113495243827.0,0.0,0.0
00260930,(주)에스엠엔터테인먼트,2016,CFS,525082697414.0,149536301555.0,375546395859.0,37051350324.0,,11209998424.0,349870229327.0,20705234399.0,4225515109.0,21151119745.0,성공,확정,False,0.0,13099051000.0,CFS,False,0.07056288563016,0.1322943008148663,True,사용가능,오디오물·음반,51079236655.0,325439247011.0,2015.0,,,,0,,0.10590026592222744,0.07056288563016001,1.7517441521155739,0.29726458086841695,0.05917975484461189,-0.032234169435324304,0.398183295603092,26.98682160601705,0,-0.34970070614787707,,0.011947352736825553,-0.002124982781410781,0.013611770737877671,0.017663331230152533,2017.0,0.0,113495243827.0,0.0,2018.0,799980000.0,186003342580.0,0.0,0.0
00260930,(주)에스엠엔터테인먼트,2017,CFS,797509023895.0,361878090412.0,435630933483.0,113495243827.0,,8628752355.0,365386504380.0,10941300582.0,-4709252451.0,,성공,확정,False,0.0,64360304000.0,CFS,False,0.1423121750681817,0.1322943008148663,True,사용가능,오디오물·음반,37051350324.0,349870229327.0,2016.0,,,,0,,0.3106169561997987,0.14231217506818178,,0.8550217208560144,0.029944457309843898,,0.8306987924816911,27.404758986770233,0,2.018839129874107,,0.22014082069066127,0.10431086541609638,0.6915863511294469,0.021298240648209572,2018.0,799980000.0,186003342580.0,0.0,2019.0,17011778000.0,199278124787.0,1.0,1.0
00260930,(주)에스엠엔터테인먼트,2018,CFS,1002473549711.0,426345966340.0,576127583371.0,186003342580.0,,11524908225.0,612227478805.0,47746036880.0,23420444781.0,120003666943.0,성공,확정,False,799980000.0,75275566000.0,CFS,False,0.1855443893094459,0.1322943008148663,True,사용가능,오디오물·음반,113495243827.0,365386504380.0,2017.0,51079236655.0,325439247011.0,2015.0,0,0.0,0.3038141034490282,0.18554438930944595,1.5499804907490775,0.5026772707214395,0.07798741241277664,-0.09634490824206153,0.7400200557060511,27.633491611450882,0,-0.036696633690081026,1.7602324487873635,0.16893174564435423,0.112297543398212,0.3731384235852429,0.05695801759358238,2019.0,17011778000.0,199278124787.0,1.0,2020.0,11968218000.0,177933814020.0,1.0,1.0
00260930,(주)에스엠엔터테인먼트,2019,CFS,1115620586546.0,482852438972.0,632768147574.0,199278124787.0,,14758462154.0,657825612024.0,40396706232.0,-16182525437.0,91946538513.0,성공,확정,False,17011778000.0,103203813000.0,CFS,False,0.1786253563175738,0.1322943008148663,True,사용가능,오디오물·음반,186003342580.0,612227478805.0,2018.0,37051350324.0,349870229327.0,2016.0,0,0.0,0.3029345789286927,0.17862535631757387,2.167326013679403,0.5357320387367253,0.061409445746126064,-0.0969227936934826,0.7630795589557265,27.740431945869393,1,-0.0031105556913902793,3.4982319513264493,0.20120508160920839,0.12624969570931824,0.39927139201376116,0.05598016293303005,2020.0,11968218000.0,177933814020.0,1.0,2021.0,10506961000.0,144813615831.0,1.0,1.0
00260930,(주)에스엠엔터테인먼트,2020,CFS,1068872535478.0,452733816018.0,616138719460.0,177933814020.0,,11416473404.0,579875790663.0,6495064093.0,-80341242406.0,45398545730.0,성공,확정,False,11968218000.0,166205811000.0,CFS,False,0.1664686930518127,0.1322943008148663,True,사용가능,오디오물·음반,199278124787.0,657825612024.0,2019.0,113495243827.0,365386504380.0,2017.0,0,0.0,0.30684815073338323,0.16646869305181272,3.9193725516722626,0.8812330358665503,0.011200785060493523,-0.1176377762197521,0.7347920228334095,27.69762550370405,1,0.011388031410808394,-0.0192557765065815,0.09335582890919919,0.028812415293868132,0.6502487413937029,-0.03090492672582197,2021.0,10506961000.0,144813615831.0,1.0,2022.0,221066000.0,145107007512.0,0.0,1.0
00260930,(주)에스엠엔터테인먼트,2021,CFS,1314942073873.0,526500165835.0,788441908038.0,144813615831.0,,14405560720.0,701563172148.0,67520136401.0,133225196705.0,122557828394.0,성공,확정,False,10506961000.0,174959850000.0,CFS,False,0.11012927391126,0.1322943008148663,True,사용가능,오디오물·음반,177933814020.0,579875790663.0,2020.0,186003342580.0,612227478805.0,2018.0,0,0.0,0.20641564663039422,0.11012927391126008,1.181594172552176,1.084190508229746,0.09624241847568948,0.008112424511279482,0.667772933512845,27.904813730301342,1,-0.39598851153350884,-0.3673652816137518,0.0,0.0,0.884530168026163,-0.04593154888323572,2022.0,221066000.0,145107007512.0,0.0,2023.0,58704825000.0,203862069622.0,1.0,1.0
00260930,(주)에스엠엔터테인먼트,2022,CFS,1463023492474.0,576891434654.0,886132057820.0,145107007512.0,,20444675058.0,850769309133.0,91007611263.0,82028551863.0,114937054179.0,성공,확정,False,221066000.0,183729158000.0,CFS,False,0.0991829647701837,0.1322943008148663,True,사용가능,오디오물·음반,144813615831.0,701563172148.0,2021.0,199278124787.0,657825612024.0,2019.0,0,0.0,0.17055975803814,0.09918296477018379,1.2624910960917277,1.267444556937457,0.10697096179426574,-0.02249348864545648,0.651021966266775,28.01152629557787,0,-0.21065070014950749,-0.5651419845305921,0.0,0.0,1.1559824168862507,0.0,2023.0,58704825000.0,203862069622.0,1.0,2024.0,85000000.0,140213032950.0,0.0,1.0
00260930,(주)에스엠엔터테인먼트,2023,CFS,1540973937398.0,631575864424.0,909398072974.0,203862069622.0,,25554890075.0,961069716545.0,113463014394.0,82683480181.0,112995229635.0,성공,확정,False,58704825000.0,194813220000.0,CFS,False,0.1322943008148663,0.1322943008148663,True,사용가능,오디오물·음반,145107007512.0,850769309133.0,2022.0,177933814020.0,579875790663.0,2020.0,0,0.0,0.2121199597828079,0.13229430081486632,1.8041652756538513,1.1165070647517232,0.1180590881605282,-0.019670514029057933,0.6944987934255904,28.0634357593383,1,0.2752606644927047,-0.5116531454524826,0.0,0.0,0.8980685520684784,0.0,2024.0,85000000.0,140213032950.0,0.0,2025.0,0.0,601394560770.0,0.0,0.0
00260930,(주)에스엠엔터테인먼트,2024,CFS,1419108143782.0,590028281693.0,829079862089.0,140213032950.0,,28073869505.0,989725343114.0,87296655446.0,818849820.0,135676129235.0,성공,확정,False,85000000.0,134166492000.0,CFS,False,0.0988036278731546,0.1322943008148663,True,사용가능,오디오물·음반,203862069622.0,961069716545.0,2023.0,144813615831.0,701563172148.0,2021.0,0,0.0,0.14166862950972225,0.09880362787315466,1.0334392183841108,0.7798674824018966,0.0882029100834542,-0.09502960010897975,0.7116664011188607,27.981049722465386,0,-0.34203256719926245,-0.44251200667587526,0.005917600704169107,0.005040100113681917,0.5772943566539043,0.009454882314573684,2025.0,0.0,601394560770.0,0.0,,,,,0.0
00260930,(주)에스엠엔터테인먼트,2025,CFS,2007711293863.0,648965438984.0,1358745854879.0,601394560770.0,,23905997449.0,1174934814159.0,183033876467.0,359364113602.0,194860708063.0,성공,확정,False,0.0,184416197000.0,CFS,False,0.2995423508391328,0.1322943008148663,True,사용가능,오디오물·음반,140213032950.0,989725343114.0,2024.0,145107007512.0,850769309133.0,2022.0,0,0.0,0.5118535543612,0.2995423508391328,3.08627925428437,0.49734171699872814,0.15578215426190498,0.08193578730260667,0.4776209153858226,28.328016529464318,0,3.102016600981273,2.763463805311349,0.2030837115429479,0.15275405352166327,0.21858224722227648,0.08107394515610544,,,,,,,,,
00265324,(주)씨제이이엔엠,2015,CFS,2988232404363.0,1638102960054.0,1350129444309.0,261194668095.0,787047335059.0,61572877092.0,2308605389638.0,209654718318.0,112018538766.0,440437886693.0,성공,확정,False,3352408000.0,116847837000.0,,False,0.0874077490471089,0.2678490478109289,True,사용가능,텔레비전 방송,,,,,,,0,,0.11313959036366823,0.08740774904710892,0.5930340599355873,,0.0908144454912127,-0.10990421877745783,1.213293263811742,28.725703159412422,0,,,0.0,-0.003036320895433889,,0.0020532548957316737,2016.0,0.0,225566535141.0,0.0,2017.0,0.0,950308850066.0,0.0,0.0
00265324,(주)씨제이이엔엠,2016,CFS,2753593503931.0,1390704879495.0,1362888624436.0,225566535141.0,708344578781.0,62168236753.0,2208596188143.0,178880156479.0,32583105673.0,416058713234.0,성공,확정,False,0.0,98273988000.0,CFS,False,0.0819171511041784,0.2678490478109289,True,사용가능,텔레비전 방송,261194668095.0,2308605389638.0,2015.0,,,,0,,0.10213118013694374,0.08191715110417848,0.5421507300921173,0.4037872671308732,0.0809926945628768,-0.13926369560850374,1.020409778583713,28.643927903282297,0,-0.09308433836564815,,0.0,-0.0012632690988363116,0.14585123708338538,0.04198203935118382,2017.0,0.0,950308850066.0,0.0,2018.0,42029594000.0,1826952100677.0,0.0,0.0
00265324,(주)씨제이이엔엠,2017,CFS,2801818454439.0,1317714354251.0,1484104100188.0,950308850066.0,,76441756514.0,2260006796348.0,224481550757.0,143441965513.0,,성공,확정,False,0.0,78885070000.0,CFS,False,0.3391757408694338,0.2678490478109289,True,사용가능,텔레비전 방송,225566535141.0,2208596188143.0,2016.0,,,,0,,0.4204893771123287,0.33917574086943386,,0.13417249989651436,0.09932782110201846,,0.8878853943494109,28.66128977032354,0,3.189709361753135,,0.26527949737703654,0.24613273875968533,-0.05329020545646884,0.03426370138942486,2018.0,42029594000.0,1826952100677.0,0.0,2019.0,158516031000.0,1037887243746.0,1.0,1.0
00265324,(주)씨제이이엔엠,2018,CFS,6754948264541.0,3329299954479.0,3425648310062.0,1826952100677.0,,94249010732.0,3426817049096.0,251016488622.0,184218974433.0,,성공,확정,False,42029594000.0,346172667000.0,CFS,False,0.2704613017197019,0.2678490478109289,True,사용가능,텔레비전 방송,950308850066.0,2260006796348.0,2017.0,261194668095.0,2308605389638.0,2015.0,0,0.0,0.5331338307538049,0.2704613017197019,,0.24929070270288323,0.07325062442076345,,0.9718744170847894,29.54129642847215,0,0.4061962952338135,5.510232785332249,0.4281112225497229,0.19721445580846797,0.013624304576741436,0.0077618938964112705,2019.0,158516031000.0,1037887243746.0,1.0,2020.0,53845675000.0,1072075322205.0,1.0,1.0
00265324,(주)씨제이이엔엠,2019,CFS,5434907587861.0,2283014093463.0,3151893494398.0,1037887243746.0,,120547198705.0,3789723949697.0,269385174265.0,58615849418.0,743378557941.0,성공,확정,False,158516031000.0,542234473000.0,CFS,False,0.190966861343539,0.2678490478109289,True,사용가능,텔레비전 방송,1826952100677.0,3426817049096.0,2018.0,225566535141.0,2208596188143.0,2016.0,0,0.0,0.27386882462216866,0.19096686134353907,1.396175922292844,0.378544419292182,0.0710830598325079,-0.1259934410020944,0.7243309767670456,29.323863633203715,1,-0.5378043587958917,2.8853493890987485,0.19619930942742878,0.1422853286727065,0.14940698465016167,0.022391927578215988,2020.0,53845675000.0,1072075322205.0,1.0,2021.0,49602756000.0,1321883482916.0,0.0,1.0
00265324,(주)씨제이이엔엠,2020,CFS,6279917456928.0,2494738813674.0,3785178643254.0,1072075322205.0,,58602426164.0,3391184002869.0,272067865192.0,65629506717.0,566412764825.0,성공,확정,False,53845675000.0,433189333000.0,CFS,False,0.1707148747667514,0.2678490478109289,True,사용가능,텔레비전 방송,1037887243746.0,3789723949697.0,2019.0,950308850066.0,2260006796348.0,2017.0,0,0.0,0.3161359930036252,0.17071487476675148,1.8927456949813455,0.41061328763882915,0.08022798673319581,-0.07974360515766593,0.6590808648147055,29.468377952521003,1,0.13810338851880544,-0.3723858057410512,0.25993965399302116,0.13354594075834503,0.20566012092241567,-1.69928606401637e-05,2021.0,49602756000.0,1321883482916.0,0.0,2022.0,117879852000.0,2768359639821.0,0.0,0.0
00265324,(주)씨제이이엔엠,2021,CFS,7940624818521.0,3737319022978.0,4203305795543.0,1321883482916.0,,85414660028.0,3552396542302.0,296876105378.0,227562448542.0,782218621248.0,성공,확정,False,49602756000.0,452068575000.0,CFS,False,0.1664709658404703,0.2678490478109289,True,사용가능,텔레비전 방송,1072075322205.0,3391184002869.0,2020.0,1826952100677.0,3426817049096.0,2018.0,0,0.0,0.3721103393652675,0.1664709658404703,1.6899156412397665,0.37767448130933956,0.08357065486434134,-0.06985044444012767,0.8891380272500964,29.703013080600442,0,0.18547491053496157,-0.31310032366260027,0.3140836229605405,0.12435292653179321,0.27277397762242783,0.0,2022.0,117879852000.0,2768359639821.0,0.0,2023.0,186542009000.0,2856928686941.0,1.0,1.0
00265324,(주)씨제이이엔엠,2022,CFS,10332246645583.0,5987918870682.0,4344327774901.0,2768359639821.0,,97176006281.0,4792237788876.0,137375904912.0,-176815032777.0,1650761469423.0,성공,확정,False,117879852000.0,1219841378000.0,CFS,False,0.2679339484219982,0.2678490478109289,True,사용가능,텔레비전 방송,1321883482916.0,3552396542302.0,2021.0,1037887243746.0,3789723949697.0,2019.0,0,0.0,0.5776757668926749,0.26793394842199825,1.6770197821425044,0.5964639956090136,0.028666337307152064,-0.17688084352702543,1.3783303610921611,29.966290862884858,0,0.7452384590736978,1.4027680926271144,0.531391475958733,0.22934592060993894,0.487942978142396,-0.017401249056556486,2023.0,186542009000.0,2856928686941.0,1.0,2024.0,57801336000.0,2663714667920.0,0.0,1.0
00265324,(주)씨제이이엔엠,2023,CFS,9949859715419.0,5772095217523.0,4177764497896.0,2856928686941.0,,115975579202.0,4368360656512.0,-14600377588.0,-396774722680.0,1296047106262.0,성공,확정,False,186542009000.0,899110917000.0,CFS,False,0.2871325595187742,0.2678490478109289,True,사용가능,텔레비전 방송,2768359639821.0,4792237788876.0,2022.0,1072075322205.0,3391184002869.0,2020.0,0,0.0,0.6540047655364996,0.2871325595187742,2.2043401610461704,0.3196674960543904,-0.003342301319886428,-0.17013524585866116,1.3816229278672685,29.928579568046793,1,0.12044410337097713,1.3767061160973033,0.607621682070395,0.25189863634144927,0.07389750657350819,-0.026959911897443012,2024.0,57801336000.0,2663714667920.0,0.0,2025.0,52696484000.0,2321385044592.0,0.0,0.0
00265324,(주)씨제이이엔엠,2024,CFS,9316636930911.0,5638566211854.0,3678070719057.0,2663714667920.0,,136995831794.0,5231360073502.0,104478244497.0,-580847429608.0,1402576859379.0,성공,확정,False,57801336000.0,1520744421000.0,CFS,False,0.2859094636480093,0.2678490478109289,True,사용가능,텔레비전 방송,2856928686941.0,4368360656512.0,2023.0,1321883482916.0,3552396542302.0,2021.0,0,0.0,0.5091820540918807,0.28590946364800934,1.8991577182439592,0.550930144640104,0.01997152614789517,-0.21289058527185267,1.533022783558561,29.862822835183216,0,-0.265186790923678,0.5424619528836543,0.4589942000836378,0.24907616770252639,0.12311870451710144,0.021023213839325743,2025.0,52696484000.0,2321385044592.0,0.0,,,,,0.0
00265324,(주)씨제이이엔엠,2025,CFS,8666766089199.0,5220924631396.0,3445841457803.0,2321385044592.0,,142889383631.0,5134511101925.0,132887741945.0,17013682266.0,1166374650640.0,성공,확정,False,52696484000.0,1171757818000.0,CFS,False,0.2678490478109289,0.2678490478109289,True,사용가능,텔레비전 방송,2663714667920.0,5231360073502.0,2024.0,2768359639821.0,4792237788876.0,2022.0,0,0.0,0.45211413482418616,0.2678490478109289,1.9902567698279756,0.4701040643415934,0.02588128437295199,-0.1326170519135617,1.5151377958998606,29.790516837046773,0,-0.11000272235334523,-0.23288072277818764,0.4143123989026177,0.23005221003922194,0.13601698387618633,0.007882259101973398,,,,,,,,,
00301112,(주)삼화네트웍스,2015,CFS,35922983576.0,3723185080.0,32199798496.0,4225276600.0,,,19754541648.0,-2553615680.0,-2133301766.0,-297240054.0,성공,확정,False,14507920.0,,,False,0.1176204251259043,0.0116963864724827,True,사용가능,영상·방송프로그램 제작/배급/상영,,,,,,,0,,0.21388887048299488,0.11762042512590436,,,-0.1292672705599593,-0.05111105841516642,0.11562758942303662,24.30464313862363,0,,,0.11791470906828383,0.05711855884123186,,-0.1850905954124855,2016.0,0.0,1118531960.0,0.0,2017.0,0.0,635708031.0,0.0,0.0
00301112,(주)삼화네트웍스,2016,CFS,44917657813.0,5653568354.0,39264089459.0,1118531960.0,,,45701998356.0,7017526329.0,7669221308.0,14257192617.0,성공,확정,False,0.0,,CFS,False,0.0249018318064722,0.0116963864724827,True,사용가능,영상·방송프로그램 제작/배급/상영,4225276600.0,19754541648.0,2015.0,,,,0,,0.024474465017636438,0.024901831806472246,0.07845387167360594,,0.15354966044014795,-0.14666773891966645,0.14398827101042339,24.52809682416161,0,-2.048769268071238,,-0.028562713802458246,0.0,,0.10071845580295016,2017.0,0.0,635708031.0,0.0,2018.0,0.0,4512199862.0,0.0,0.0
00301112,(주)삼화네트웍스,2017,CFS,44058837941.0,5422412339.0,38636425602.0,635708031.0,,,21001396882.0,-178462998.0,708953936.0,4255709036.0,성공,확정,False,0.0,,CFS,False,0.0144286154766788,0.0116963864724827,True,사용가능,영상·방송프로그램 제작/배급/상영,1118531960.0,45701998356.0,2016.0,,,,0,,0.0302697975078437,0.014428615476678897,0.1493777007832074,,-0.0084976727501854,-0.08050042320111858,0.14034456486366356,24.50879180350616,0,0.10881233799523449,,-0.01932939486403818,-0.00499912260592246,,0.055066548711857136,2018.0,0.0,4512199862.0,0.0,2019.0,0.0,9944210883.0,0.0,0.0
00301112,(주)삼화네트웍스,2018,CFS,54810390737.0,20296407504.0,34513983233.0,4512199862.0,,,12559042727.0,-3752501480.0,-3069686568.0,-5138514721.0,성공,확정,False,0.0,,CFS,False,0.0823238039599308,0.0116963864724827,True,사용가능,영상·방송프로그램 제작/배급/상영,635708031.0,21001396882.0,2017.0,4225276600.0,19754541648.0,2015.0,0,0.0,0.3592789641761046,0.08232380395993089,,,-0.2987888138904649,0.037745181619430204,0.5880633181913907,24.72714562491535,0,6.499902439900673,0.432151684170049,0.2049925788313323,0.0378011938595162,,-0.2330032317557872,2019.0,0.0,9944210883.0,0.0,2020.0,0.0,335543800.0,0.0,0.0
00301112,(주)삼화네트웍스,2019,CFS,43303787276.0,8391494313.0,34912292963.0,9944210883.0,,,54197930136.0,173531136.0,720921869.0,6551700516.0,성공,확정,False,0.0,,CFS,False,0.2296383644141749,0.0116963864724827,True,사용가능,영상·방송프로그램 제작/배급/상영,4512199862.0,12559042727.0,2018.0,1118531960.0,45701998356.0,2016.0,0,0.0,0.1834795324848529,0.22963836441417493,1.5178060808358231,,0.0032018037508914953,-0.1346482378050928,0.24035930043017495,24.491505934088362,0,-2.1116009060218714,7.704514350987489,0.07818442347100753,0.18810915870250133,,0.07411846738506911,2020.0,0.0,335543800.0,0.0,,,,,0.0
00301112,(주)삼화네트웍스,2020,CFS,37985059200.0,5768572653.0,32216486547.0,335543800.0,,,29296600231.0,-206716896.0,-959546106.0,1680388197.0,성공,확정,False,0.0,,CFS,False,0.0088335731750024,0.0116963864724827,True,사용가능,영상·방송프로그램 제작/배급/상영,9944210883.0,54197930136.0,2019.0,635708031.0,21001396882.0,2017.0,0,0.0,0.01145333579167137,0.008833573175002449,0.1996823118604659,,-0.007056002893511989,-0.06949928099625023,0.17905654127070444,24.36045874041032,0,-0.5068056956027764,-0.8671565086152213,-0.15535979403600678,-0.041187823892740484,,0.05793877082748401,,,,,,,,,
00303794,(주)쇼박스,2015,CFS,215777685987.0,99672724882.0,116104961105.0,115690002.0,,,142003138277.0,14059517633.0,11469705171.0,86949675617.0,성공,확정,False,0.0,75193958000.0,,False,0.0005361536873973,0.0205148998954749,True,사용가능,영상·방송프로그램 제작/배급/상영,,,,,,,0,,0.0008147003186248462,0.0005361536873973614,0.0013305397769348415,,0.09900849941481325,-0.3498043372777084,0.8584708520065785,26.09751448306642,0,,,-0.0951594610960862,-0.059965712597275136,,0.04318517456228706,2016.0,0.0,846511152.0,0.0,2017.0,0.0,2073984332.0,0.0,0.0
00303794,(주)쇼박스,2016,CFS,197190687332.0,70967595581.0,126223091751.0,846511152.0,,,125931981048.0,15295422410.0,13371305470.0,-5955781143.0,성공,확정,False,0.0,50270155000.0,CFS,False,0.0042928556284951,0.0205148998954749,True,사용가능,영상·방송프로그램 제작/배급/상영,115690002.0,142003138277.0,2015.0,,,,0,,0.006721971217758779,0.004292855628495133,,104.48990793873024,0.12145780827643794,0.09801216717937578,0.5622394016539985,26.007437053517076,0,6.430238690073981,,-0.04631520760233591,-0.020608976177977113,104.20625512859971,0.06862660363924017,2017.0,0.0,2073984332.0,0.0,2018.0,0.0,17112551056.0,0.0,0.0
00303794,(주)쇼박스,2017,CFS,203267261164.0,64344875794.0,138922385370.0,2073984332.0,,,102706677987.0,10397090276.0,15845912880.0,2544201294.0,성공,확정,False,0.0,57782787000.0,CFS,False,0.0102032384365462,0.0205148998954749,True,사용가능,영상·방송프로그램 제작/배급/상영,846511152.0,125931981048.0,2016.0,,,,0,,0.020193276354070304,0.010203238436546202,0.8151809123323243,39.570536791831586,0.10123090805561837,0.06543951795202238,0.4631714005099076,26.03778750754448,0,1.634465175598498,,-0.029405916017811576,-0.009224499646055154,39.50160206162879,0.1647951295176609,2018.0,0.0,17112551056.0,0.0,2019.0,0.0,3390114690.0,0.0,0.0
00303794,(주)쇼박스,2018,CFS,179732880599.0,39022361626.0,140710518973.0,17112551056.0,,,68510507817.0,5242482865.0,4352362751.0,-51873103959.0,성공,확정,False,0.0,39906015000.0,CFS,False,0.0952110209271036,0.0205148998954749,True,사용가능,영상·방송프로그램 제작/배급/상영,2073984332.0,102706677987.0,2017.0,115690002.0,142003138277.0,2015.0,0,0.0,0.24977994764992445,0.0952110209271036,,4.159793750460937,0.07652085836238898,0.3128279395657381,0.2773236991151155,25.91473758895075,0,7.584001091910672,147.43482780346343,0.09549356230515213,0.05068841082668891,4.071529829095126,0.1423064404970667,2019.0,0.0,3390114690.0,0.0,2020.0,0.0,2721531871.0,0.0,0.0
00303794,(주)쇼박스,2019,CFS,165251339625.0,24591014103.0,140660325522.0,3390114690.0,,,78650190860.0,1942203853.0,3259344790.0,-149056027.0,성공,확정,False,0.0,59874944000.0,CFS,False,0.0205148998954749,0.0205148998954749,True,사용가능,영상·방송프로그램 제작/배급/상영,17112551056.0,68510507817.0,2018.0,846511152.0,125931981048.0,2016.0,0,0.0,0.043103705826150106,0.020514899895474902,,5.840698447876847,0.024694203939786854,0.02062555634789154,0.1748255168025602,25.83073342230193,0,-0.9498949521011362,3.3802630526571553,-0.062191403187695275,-0.0210143058161987,5.6579036730222425,0.09561086757396448,2020.0,0.0,2721531871.0,0.0,2021.0,0.0,2317087392.0,0.0,0.0
00303794,(주)쇼박스,2020,CFS,150454358713.0,15921927137.0,134532431576.0,2721531871.0,,,46799889150.0,-1951898944.0,-2628585769.0,-34401559790.0,성공,확정,False,0.0,30399281000.0,CFS,False,0.0180887539203265,0.0205148998954749,True,사용가능,영상·방송프로그램 제작/배급/상영,3390114690.0,78650190860.0,2019.0,2073984332.0,102706677987.0,2017.0,0,0.0,0.058152528145464635,0.018088753920326578,,9.947983966869318,-0.04170734118074294,0.21118014986597167,0.1183501030233397,25.736925610775955,0,0.20774613273687378,0.8565584361676815,-0.10866060168221352,-0.031932643147416354,9.696910381188182,0.02328743254025306,2021.0,0.0,2317087392.0,0.0,2022.0,1264000.0,4823689789.0,0.0,0.0
00303794,(주)쇼박스,2021,CFS,160149635328.0,23002731439.0,137146903889.0,2317087392.0,,,50933935065.0,1924376679.0,2248106076.0,25526016812.0,성공,확정,False,0.0,19268441000.0,CFS,False,0.0144682651774661,0.0205148998954749,True,사용가능,영상·방송프로그램 제작/배급/상영,2721531871.0,46799889150.0,2020.0,17112551056.0,68510507817.0,2018.0,0,0.0,0.045492016060471645,0.014468265177466117,0.09077355895615948,7.648302042384344,0.037781818281744414,-0.14535100681512556,0.16772330097671972,25.799374435933736,0,-0.2369436519550061,-0.6080442482298445,-0.12104662579077366,-0.03742032500031504,7.443093316334965,0.12550269425566468,2022.0,1264000.0,4823689789.0,0.0,2023.0,5938622000.0,10603149876.0,1.0,1.0
00303794,(주)쇼박스,2022,CFS,163178730062.0,28013934454.0,135164795608.0,4823689789.0,,,56684307302.0,-3194257528.0,-2124882555.0,-21270501155.0,성공,확정,False,1264000.0,42243536000.0,CFS,False,0.029560775397426,0.0205148998954749,True,사용가능,영상·방송프로그램 제작/배급/상영,2317087392.0,50933935065.0,2021.0,3390114690.0,78650190860.0,2019.0,0,0.0,0.08509744616443086,0.029560775397426072,,11.831635389044356,-0.0563517079071247,0.11732913102538299,0.20725762450190793,25.818111940480208,0,0.9688915396941168,0.7021550300693513,-0.10125092417051408,-0.021387254881323526,11.66154827807456,0.015615544060900897,2023.0,5938622000.0,10603149876.0,1.0,2025.0,4222908000.0,3244469432.0,,1.0
00303794,(주)쇼박스,2023,CFS,132069649608.0,27148662661.0,104920986947.0,10603149876.0,,,40170208807.0,-28295165725.0,-30299585774.0,17252401061.0,성공,확정,False,5938622000.0,45820571000.0,CFS,False,0.0802845309840037,0.0205148998954749,True,사용가능,영상·방송프로그램 제작/배급/상영,4823689789.0,56684307302.0,2022.0,2721531871.0,46799889150.0,2020.0,0,0.0,0.2639555578847853,0.08028453098400379,0.6145898091813436,5.940370418700401,-0.7043818432945095,-0.36005234341228676,0.25875340530978735,25.606595268920692,1,1.4894754863831836,3.037682845398411,0.05941371523000258,-0.0055985938098401244,5.811065228077691,-0.6205731996419488,2025.0,4222908000.0,3244469432.0,,,,,,
00303794,(주)쇼박스,2025,CFS,132897072384.0,25446861840.0,107450210544.0,3244469432.0,,,62748042504.0,-11651067244.0,-15048131103.0,-19330361439.0,성공,확정,False,4222908000.0,20525318000.0,CFS,False,0.0244134003390628,0.0205148998954749,True,사용가능,영상·방송프로그램 제작/배급/상영,10603149876.0,40170208807.0,2023.0,2317087392.0,50933935065.0,2021.0,0,0.0,0.05170630512964886,0.024413400339062807,,,-0.18568017071221432,0.032222157036136144,0.23682468104219967,25.612840773709657,1,,,-0.17393929871979455,-0.07371909702823161,,-0.06828168644115176,,,,,,,,,
00303873,씨제이씨지브이(주),2015,CFS,1417577426757.0,972407246956.0,445170179801.0,114546732478.0,,13587028385.0,1193516367213.0,66899399021.0,52199238517.0,151672649998.0,성공,확정,False,0.0,31324703000.0,,False,0.0808045686365429,0.0808045686365429,True,사용가능,영상·방송프로그램 제작/배급/상영,,,,,,,0,,0.09597416141471105,0.08080456863654299,0.7552233872060021,,0.056052351571196216,-0.0701714132882081,2.1843494714553557,27.97997049310738,0,,,0.0,0.020302702351870497,,0.00022902671867001956,2016.0,0.0,892703484350.0,0.0,2017.0,6052000.0,727736094592.0,0.0,0.0
00303873,씨제이씨지브이(주),2016,CFS,2541773013510.0,1621292084258.0,920480929252.0,892703484350.0,,16812064453.0,1432245446647.0,70336754221.0,5621660284.0,187811328056.0,성공,확정,False,0.0,30729379000.0,CFS,False,0.3512129051670285,0.0808045686365429,True,사용가능,영상·방송프로그램 제작/배급/상영,114546732478.0,1193516367213.0,2015.0,,,,0,,0.6232894553373443,0.3512129051670285,4.753192970787263,0.061016376043624934,0.04910942770714608,-0.07167818164864753,1.7613532586443612,28.56388299025957,0,6.593334548526465,,0.5702522765172495,0.32631107336055626,-0.22263643408691436,-0.0037217769300516984,2017.0,6052000.0,727736094592.0,0.0,2018.0,0.0,460163901355.0,0.0,0.0
00303873,씨제이씨지브이(주),2017,CFS,2460100845901.0,1682438284658.0,777662561243.0,727736094592.0,,17886274593.0,1714387173382.0,86242893480.0,10036368802.0,194342876963.0,성공,확정,False,6052000.0,38430444000.0,CFS,False,0.2958155539861498,0.0808045686365429,True,사용가능,영상·방송프로그램 제작/배급/상영,892703484350.0,1432245446647.0,2016.0,,,,0,,0.4244875987705758,0.2958155539861498,3.744598752289492,0.04743212212218563,0.050305377232767796,-0.07491827356105747,2.163455422064841,28.531223459301277,0,-0.3817878600426412,,0.3748884063986939,0.27638781590354844,-0.02150260808061029,0.11386959869481034,2018.0,0.0,460163901355.0,0.0,2019.0,0.0,336280868943.0,0.0,0.0
00303873,씨제이씨지브이(주),2018,CFS,2234185992506.0,1683905312410.0,550280680096.0,460163901355.0,,18772487500.0,1769356467477.0,77706738825.0,-188541087052.0,108733820274.0,성공,확정,False,0.0,20802706000.0,CFS,False,0.2059649030557442,0.0808045686365429,True,사용가능,영상·방송프로그램 제작/배급/상영,727736094592.0,1714387173382.0,2017.0,114546732478.0,1193516367213.0,2015.0,0,0.0,0.26007416245024223,0.20596490305574422,4.23202183272349,0.03502433886855261,0.04391807996486164,-0.13305736779441457,3.06008437751482,28.434898068484237,0,-0.399741031199771,2.534785513859723,0.10578777710546991,0.16144229295532952,-0.053239582497258464,0.10970366209953938,2019.0,0.0,336280868943.0,0.0,2020.0,23023000.0,241051823494.0,0.0,0.0
00303873,씨제이씨지브이(주),2019,CFS,4524046865181.0,3922936967719.0,601109897462.0,336280868943.0,,21571387028.0,1942279329129.0,121975391246.0,-239075347803.0,283339456559.0,성공,확정,False,0.0,42240305000.0,CFS,False,0.0743318712127324,0.0808045686365429,True,사용가능,영상·방송프로그램 제작/배급/상영,460163901355.0,1769356467477.0,2018.0,892703484350.0,1432245446647.0,2016.0,0,0.0,0.17313723309499593,0.07433187121273244,1.1868480056641033,0.10607215107758257,0.06280012839383865,-0.1154751088859684,6.5261560062184705,29.140428033364177,0,-0.3669470819580365,-0.9794084727465944,0.06784212408115055,0.032802665501058835,-0.07672262377702209,0.13371679202801628,2020.0,23023000.0,241051823494.0,0.0,2021.0,9049000.0,178290445823.0,0.0,0.0
00303873,씨제이씨지브이(주),2020,CFS,4354856895866.0,4066971784892.0,287885110974.0,241051823494.0,,16205558012.0,583443792479.0,-388660290864.0,-751648434193.0,-268443869621.0,성공,확정,False,23023000.0,22801312000.0,CFS,False,0.0553524097939537,0.0808045686365429,True,사용가능,영상·방송프로그램 제작/배급/상영,336280868943.0,1942279329129.0,2019.0,727736094592.0,1714387173382.0,2017.0,0,0.0,0.4131534632835711,0.0553524097939537,,0.07898846643779188,-0.6661486434067925,-0.11095762182924973,14.127065380811944,29.102312865960858,0,0.41642565049239005,-0.00908685310808488,0.24634033345589296,0.005331012726210768,-0.17208511924334302,-0.6011538696857964,2021.0,9049000.0,178290445823.0,0.0,2022.0,2783000.0,167726522496.0,0.0,0.0
00303873,씨제이씨지브이(주),2021,CFS,3785492375609.0,3484207008067.0,301285367542.0,178290445823.0,,12767617752.0,736315366659.0,-241445734017.0,-338788006843.0,-171876627587.0,성공,확정,False,9049000.0,12904674000.0,CFS,False,0.0470983502626437,0.0808045686365429,True,사용가능,영상·방송프로그램 제작/배급/상영,241051823494.0,583443792479.0,2020.0,460163901355.0,1769356467477.0,2018.0,0,0.0,0.24213870020394304,0.04709835026264374,,0.061547213072597584,-0.32791076344440545,-0.044092382890917256,11.564474692191256,28.962197080383664,0,-0.5223806074390167,-0.028698810187403945,0.07560005835269773,-0.004790239915137419,-0.14366151297678226,-0.24018988747048517,2022.0,2783000.0,167726522496.0,0.0,2023.0,916000.0,203424638546.0,0.0,0.0
00303873,씨제이씨지브이(주),2022,CFS,3601468386488.0,3208379045793.0,393089340695.0,167726522496.0,,17027414291.0,1281306043785.0,-76765794985.0,-214507519598.0,107641702022.0,성공,확정,False,2783000.0,14411165000.0,CFS,False,0.0465717047872131,0.0808045686365429,True,사용가능,영상·방송프로그램 제작/배급/상영,178290445823.0,736315366659.0,2021.0,336280868943.0,1942279329129.0,2019.0,0,0.0,0.13090277948001633,0.04657170478721315,1.5581927760833785,0.08329744676980151,-0.05991214617097452,-0.0894494098097988,8.161958907663175,28.91236276336364,0,-0.7994105172133121,-0.1609228049247226,-0.05544559085492862,-0.004376325491536451,-0.08678966419999333,0.012055105797051081,2023.0,916000.0,203424638546.0,0.0,2024.0,98000.0,576099666331.0,0.0,0.0
00303873,씨제이씨지브이(주),2023,CFS,3194214710432.0,2932973509969.0,261241200463.0,203424638546.0,,18966978727.0,1545839243146.0,49065796701.0,-123353396404.0,180112447168.0,성공,확정,False,916000.0,12730008000.0,CFS,False,0.0636853364558226,0.0808045686365429,True,사용가능,영상·방송프로그램 제작/배급/상영,167726522496.0,1281306043785.0,2022.0,241051823494.0,583443792479.0,2020.0,0,0.0,0.13159495041153327,0.06368533645582264,1.1294313177381659,0.06859743056850874,0.03174055576512873,-0.09500483564267284,11.227071016251902,28.792362386515226,0,0.006379342831300511,-1.8056042560916694,-0.07294689224324946,-0.022197788338021274,-0.06070776005420124,0.11554919941768942,2024.0,98000.0,576099666331.0,0.0,2025.0,50815784000.0,534894515126.0,1.0,1.0
00303873,씨제이씨지브이(주),2024,CFS,3997014314732.0,3420269607130.0,576744707602.0,576099666331.0,,21298947687.0,1957884214182.0,75933768898.0,-175469437302.0,190770411042.0,성공,확정,False,98000.0,20345498000.0,CFS,False,0.1441325001533369,0.0808045686365429,True,사용가능,영상·방송프로그램 제작/배급/상영,203424638546.0,1545839243146.0,2023.0,178290445823.0,736315366659.0,2021.0,0,0.0,0.29424603465210186,0.14413250015333695,3.0198585995821223,0.05219977843592776,0.03878358502917139,-0.09162835544374487,5.930300810822975,29.01656877702035,0,1.5654543743096538,0.5722130935744802,0.005138555190314031,0.025023077632941815,-0.10688570232536626,0.19508072605240512,2025.0,50815784000.0,534894515126.0,1.0,,,,,1.0
00303873,씨제이씨지브이(주),2025,CFS,4122622000546.0,3472281571266.0,650340429280.0,534894515126.0,,21378065104.0,2275369359771.0,96217499551.0,-143369293871.0,214869995007.0,성공,확정,False,50815784000.0,24773102000.0,CFS,False,0.1297461943042943,0.0808045686365429,True,사용가능,영상·방송프로그램 제작/배급/상영,576099666331.0,1957884214182.0,2024.0,167726522496.0,1281306043785.0,2022.0,0,0.0,0.23508030150315173,0.12974619430429435,2.489386734097398,0.04459627676449504,0.042286540924803356,-0.08689598241860515,5.339175322546387,29.04751048476787,1,-0.2336816079288612,1.4132668945900546,0.00943469765370833,0.03161369693699993,-0.0880893286718287,0.15968502519586592,,,,,,,,,
00347877,(주)세영디앤씨,2015,OFS,20107489507.0,13818809726.0,6288679781.0,6125897092.0,,10784896.0,3181551826.0,-10239279647.0,-17710051338.0,-6498066160.0,성공,확정,False,921182000.0,3399273000.0,,False,0.304657480480962,0.0125836104699973,True,사용가능,창작·예술 서비스,,,,,,,0,,1.9254431255648514,0.304657480480962,,,-3.2183287298114878,-0.5576024383400415,2.197410300290817,23.72435819489728,1,,,1.8157032078080988,0.21980598109970767,,-3.2735594459592967,2016.0,361154000.0,8181036106.0,0.0,2018.0,3256878000.0,16882333566.0,,0.0
00347877,(주)세영디앤씨,2016,CFS,36908240894.0,20095422401.0,16812818493.0,8181036106.0,,0.0,3016993670.0,-8837871673.0,-7189282879.0,-4896861597.0,성공,확정,False,361154000.0,3327280000.0,OFS,True,0.2216587923953306,0.0125836104699973,True,사용가능,창작·예술 서비스,6125897092.0,3181551826.0,2015.0,,,,1,,2.7116517304459573,0.22165879239533068,,,-2.929363677783255,-0.06211136663445448,1.195244117419498,24.331700693519064,0,,,2.527284432207766,0.10929012541611977,,-2.860311724498511,2018.0,3256878000.0,16882333566.0,,2019.0,0.0,724159933.0,,
00347877,(주)세영디앤씨,2018,CFS,79158930152.0,43481706637.0,35677223515.0,16882333566.0,,101246191.0,19367172485.0,-8059101105.0,-15805015567.0,-8555384042.0,성공,확정,False,3256878000.0,647593000.0,CFS,False,0.2132713710706139,0.0125836104699973,True,사용가능,창작·예술 서비스,8181036106.0,3016993670.0,2016.0,,,,1,,0.8716984154024278,0.21327137107061392,,,-0.4161217189159556,-0.09158324286444179,1.2187525360183566,25.094723442581866,1,,,0.7552809286978346,0.14445473981407386,,-0.36718191142723094,2019.0,0.0,724159933.0,0.0,2020.0,0.0,384424744.0,0.0,0.0
00347877,(주)세영디앤씨,2019,CFS,37402436300.0,2614266994.0,34788169306.0,724159933.0,,9005518.0,2662330571.0,-9148935237.0,-25340928598.0,-4563088720.0,성공,확정,False,0.0,356186000.0,CFS,False,0.0193613038250131,0.0125836104699973,True,사용가능,창작·예술 서비스,16882333566.0,19367172485.0,2018.0,6125897092.0,3181551826.0,2015.0,1,0.0,0.27200226030834246,0.01936130382501313,,0.040460753871318034,-3.436438486135687,-0.5555210283988907,0.07514816232508996,24.3450016809565,0,-0.09457160651259588,,0.17027276298885816,-0.03301435678324251,-0.09599989285164609,-3.441867768948783,2020.0,0.0,384424744.0,0.0,2023.0,0.0,2027340.0,,0.0
00347877,(주)세영디앤씨,2020,CFS,30549637953.0,3810654067.0,26738983886.0,384424744.0,,7055602.0,888078398.0,-4706521234.0,-8775557188.0,-4827952001.0,성공,확정,False,0.0,339736000.0,CFS,False,0.0125836104699973,0.0125836104699973,True,사용가능,창작·예술 서비스,724159933.0,2662330571.0,2019.0,8181036106.0,3016993670.0,2016.0,1,1.0,0.43287253114786384,0.012583610469997376,,0.6129184482675292,-5.299668638038418,-0.12921937710271103,0.14251304698961215,24.14261867152816,0,0.19728433720591976,,0.3758566387160774,-0.015142987918387717,0.38193415379468176,-5.179611164363173,2023.0,0.0,2027340.0,,2024.0,0.0,1448100.0,,
00347877,(주)세영디앤씨,2023,CFS,3280355428.0,1508322763.0,1772032665.0,2027340.0,,0.0,327272727.0,-266849267.0,-295348650.0,168112104.0,성공,확정,False,0.0,579000.0,CFS,False,0.0006180244929239,0.0125836104699973,True,사용가능,창작·예술 서비스,384424744.0,888078398.0,2020.0,16882333566.0,19367172485.0,2018.0,1,1.0,0.006194650005162209,0.0006180244929239418,0.012059452899358157,,-0.8153727609572551,-0.1412837005539267,0.8511822568462641,21.91121761566683,0,,,-0.1480709781705507,-0.043376235813110495,,0.0,2024.0,0.0,1448100.0,0.0,2025.0,0.0,868860.0,0.0,0.0
00347877,(주)세영디앤씨,2024,CFS,3083150608.0,1511441307.0,1571709301.0,1448100.0,,,0.0,-226689948.0,-200323364.0,-214436905.0,성공,확정,False,0.0,579000.0,CFS,False,0.000469681888469,0.0125836104699973,True,사용가능,창작·예술 서비스,2027340.0,327272727.0,2023.0,724159933.0,2662330571.0,2019.0,1,1.0,,0.00046968188846906953,,0.33319522132449414,,0.004577635929746316,0.961654490457202,21.849217835776287,0,0.7142857142857143,,,-0.030921464089367023,0.09872050554004103,,2025.0,0.0,868860.0,0.0,,,,,0.0
00347877,(주)세영디앤씨,2025,CFS,2164144648.0,1526192347.0,637952301.0,868860.0,,,0.0,-217449304.0,-284704143.0,-306518279.0,성공,확정,False,0.0,579000.0,CFS,False,0.0004014796334445,0.0125836104699973,True,사용가능,창작·예술 서비스,1448100.0,0.0,2024.0,384424744.0,888078398.0,2020.0,1,1.0,,0.00040147963344453857,,0.49979283198674124,,0.01007979573831148,2.392329872637296,21.49529103858031,0,,,,-0.07033058885336642,0.31929193234981723,,,,,,,,,,
00349097,(주)케이티스카이라이프,2015,CFS,711294112570.0,217850325351.0,493443787219.0,64332334467.0,,2559795361.0,660956583374.0,99601795061.0,72986739961.0,157762636660.0,성공,확정,False,1033156000.0,21166168000.0,,False,0.0904440699425428,0.0904440699425428,True,사용가능,텔레비전 방송,,,,,,,0,,0.0973321638444106,0.09044406994254281,0.40777928050001444,,0.1506934003933518,-0.11918543286221425,0.4414896508856312,27.290351841651766,0,,,-0.015807426519257636,0.0,,0.06193220979787077,2016.0,0.0,64710043129.0,0.0,2017.0,557504000.0,69587103007.0,0.0,0.0
00349097,(주)케이티스카이라이프,2016,CFS,777948019150.0,231452006180.0,546496012970.0,64710043129.0,,1481228175.0,665053007449.0,80637464285.0,68863322695.0,155398874244.0,성공,확정,False,0.0,18588417000.0,CFS,False,0.0831804202030147,0.0904440699425428,True,사용가능,텔레비전 방송,64332334467.0,660956583374.0,2015.0,,,,0,,0.0973005796593775,0.08318042020301479,0.4164125605401448,0.28809786903021534,0.12124967992297025,-0.11123564739396123,0.4235200270211406,27.37992554546081,0,-0.0003265101044151123,,-0.004830600477566241,0.0,0.030161838982727507,0.08223902471127727,2017.0,557504000.0,69587103007.0,0.0,2018.0,2282562000.0,61172824468.0,0.0,0.0
00349097,(주)케이티스카이라이프,2017,CFS,792893053830.0,210550141663.0,582342912167.0,69587103007.0,,4086652370.0,685821509172.0,75372599401.0,57314012635.0,99269319775.0,성공,확정,False,557504000.0,19928300000.0,CFS,False,0.0877635422215715,0.0904440699425428,True,사용가능,텔레비전 방송,64710043129.0,665053007449.0,2016.0,,,,0,,0.10146532600153252,0.08776354222157154,0.7009930476477872,0.29677920303412875,0.1099011891475935,-0.05291420695053209,0.3615569748750028,27.398954186724794,0,0.04413955676093921,,-0.05374455373375964,-0.0052794598881769905,0.10931649768114554,0.044837069434999904,2018.0,2282562000.0,61172824468.0,0.0,2019.0,0.0,60980518794.0,0.0,0.0
00349097,(주)케이티스카이라이프,2018,CFS,816001169633.0,149840554044.0,666160615589.0,61172824468.0,,7498211300.0,690820835670.0,66734988575.0,52010216054.0,183474568331.0,성공,확정,False,2282562000.0,20603159000.0,CFS,False,0.0749665891968178,0.0904440699425428,True,사용가능,텔레비전 방송,69587103007.0,685821509172.0,2017.0,64332334467.0,660956583374.0,2015.0,0,0.0,0.0885509256660895,0.07496658919681787,0.3334130992892719,0.31512955685814553,0.09660245483226683,-0.1611080439212197,0.2249315713621336,27.427681625283267,0,-0.1282067573787376,-0.09429569666365589,-0.01647168253799254,0.0017197432855839273,0.07946315873200374,0.031113724307914647,2019.0,0.0,60980518794.0,0.0,2020.0,0.0,64290257363.0,0.0,0.0
00349097,(주)케이티스카이라이프,2019,CFS,848276023038.0,142838692816.0,705437330222.0,60980518794.0,,2619783396.0,694637002537.0,69357292753.0,56007736739.0,152548955427.0,성공,확정,False,0.0,22373900000.0,CFS,False,0.0718875898149348,0.0904440699425428,True,사용가능,텔레비전 방송,61172824468.0,690820835670.0,2018.0,64710043129.0,665053007449.0,2016.0,0,0.0,0.08778760499553413,0.07188758981493489,0.39974392891324195,0.3663248078607468,0.0998468156745014,-0.11380873214151341,0.20248246966324973,27.466471918640618,0,-0.008667750544140375,-0.10211806214576842,0.010118089800794247,0.023206057144102316,0.13718737321872643,0.05115568342020949,2020.0,0.0,64290257363.0,0.0,2021.0,0.0,453572403832.0,0.0,0.0
00349097,(주)케이티스카이라이프,2020,CFS,919475827664.0,175038681560.0,744437146104.0,64290257363.0,,2187264001.0,698715355151.0,73845539233.0,58190149540.0,160179034723.0,성공,확정,False,0.0,20069550000.0,CFS,False,0.0699205519370035,0.0904440699425428,True,사용가능,텔레비전 방송,60980518794.0,694637002537.0,2019.0,69587103007.0,685821509172.0,2017.0,0,0.0,0.09201208602193403,0.06992055193700351,0.40136499432761663,0.32041870603319533,0.1056875860657752,-0.11092068123434055,0.23512889231288653,27.547069592079712,0,0.048404143143827905,-0.0949187944928294,0.035815747011329974,0.03275161792859706,0.11546553931678186,0.02544260647193923,2021.0,0.0,453572403832.0,0.0,2022.0,25884000000.0,489822787164.0,1.0,1.0
00349097,(주)케이티스카이라이프,2021,CFS,1275644844175.0,469693812741.0,805951031434.0,453572403832.0,,2772781666.0,763222599361.0,73018655032.0,62308920273.0,102947299943.0,성공,확정,False,0.0,27162027000.0,CFS,False,0.3555632321199398,0.0904440699425428,True,사용가능,텔레비전 방송,64290257363.0,698715355151.0,2020.0,61172824468.0,690820835670.0,2018.0,0,0.0,0.5942858665502682,0.35556323211993984,4.405869839064595,0.1049005036869117,0.09567150539453902,-0.031857126891993305,0.5827820728826297,27.87447292682264,0,5.962749506526836,6.309800790238452,0.5362591501455412,0.31344519281126276,0.0,0.012100850530197674,2022.0,25884000000.0,489822787164.0,1.0,2023.0,113334250000.0,384813967527.0,1.0,1.0
00349097,(주)케이티스카이라이프,2022,CFS,1361298311421.0,503764190486.0,857534120935.0,489822787164.0,,5523928855.0,1034236194565.0,63195741120.0,23085655455.0,176406899582.0,성공,확정,False,25884000000.0,51189103000.0,CFS,False,0.3598203149555775,0.0904440699425428,True,사용가능,텔레비전 방송,453572403832.0,763222599361.0,2021.0,60980518794.0,694637002537.0,2019.0,0,0.0,0.47360824320214356,0.3598203149555775,2.776664565414651,0.10852101746661764,0.061103780212004806,-0.1126286889807089,0.5874567299278167,27.939460001047557,1,-0.27516922300886093,6.543559755393631,0.4273239522682018,0.3212322871435182,0.0,0.015036193848296256,2023.0,113334250000.0,384813967527.0,1.0,2024.0,140022455000.0,204572487047.0,1.0,1.0
00349097,(주)케이티스카이라이프,2023,CFS,1215697591061.0,478564857967.0,737132733094.0,384813967527.0,,1837922038.0,1025595274656.0,14067496354.0,-113745084092.0,207207643441.0,성공,확정,False,113334250000.0,107479733000.0,CFS,False,0.3165375750980584,0.0904440699425428,True,사용가능,텔레비전 방송,489822787164.0,1034236194565.0,2022.0,64290257363.0,698715355151.0,2020.0,0,0.0,0.37521035542609377,0.3165375750980584,1.8571417595247703,0.2457699894808822,0.0137164207964184,-0.2640070440979393,0.6492248091579089,27.82633917698197,1,-0.20602636582821893,4.51774217128612,0.3288272719599893,0.2813036519207335,0.0,-0.009901189781138183,2024.0,140022455000.0,204572487047.0,1.0,2025.0,972280000.0,174019148474.0,0.0,1.0
00349097,(주)케이티스카이라이프,2024,CFS,1040240740660.0,463595564711.0,576645175949.0,204572487047.0,,1022828040.0,1022927312705.0,-1075800064.0,-156078783566.0,162278450400.0,성공,확정,False,140022455000.0,115917151000.0,CFS,False,0.1966587916151074,0.0904440699425428,True,사용가능,텔레비전 방송,384813967527.0,1025595274656.0,2023.0,453572403832.0,763222599361.0,2021.0,0,0.0,0.19998731533136438,0.19665879161510746,1.260626328035235,0.39334854101383526,-0.0010516876914305718,-0.3060418819628352,0.8039529056114078,27.67047328369799,1,-0.4657846353134929,-0.8892488916746836,0.1497994613231215,0.1598254956696245,-0.03446289910916733,0.0,2025.0,972280000.0,174019148474.0,0.0,,,,,0.0
00349097,(주)케이티스카이라이프,2025,CFS,976329059340.0,413080111532.0,563248947808.0,174019148474.0,,955524631.0,984216356687.0,22980467279.0,1466653903.0,99935332947.0,성공,확정,False,972280000.0,85271960000.0,CFS,False,0.1782382146769627,0.0904440699425428,True,사용가능,텔레비전 방송,204572487047.0,1022927312705.0,2024.0,489822787164.0,1034236194565.0,2022.0,0,0.0,0.17680985211399153,0.17823821467696271,1.7413175434787398,0.4504693289520395,0.023348999559766753,-0.1008560362943258,0.7333881636878096,27.607065517500004,0,-0.11150882865205985,-0.5963663569811428,0.13900811619242304,0.14044137690525577,0.11638224848663242,0.0053499742887881604,,,,,,,,,
00353762,(주)키이스트,2019,CFS,108361217981.0,40347362673.0,68013855308.0,32714136875.0,,26365070.0,100245744378.0,-1524809510.0,-10713545959.0,23313284853.0,성공,확정,False,4440185000.0,25878088000.0,CFS,False,0.3018989402715654,0.0074350227016543,True,사용가능,영상·방송프로그램 제작/배급/상영,,,,,,,0,,0.3263394080016375,0.30189894027156544,1.40324013030666,,-0.01521071562150658,-0.31401299695585044,0.5932226969091431,25.40873609423487,1,,,0.22104429898779215,0.2603697345598918,,0.055705948012671036,2020.0,472820000.0,54176542.0,1.0,2021.0,0.0,120967406.0,0.0,1.0
00353762,(주)키이스트,2020,CFS,70068611656.0,28442806596.0,41625805060.0,54176542.0,,0.0,48110630557.0,1667575885.0,8738171503.0,6307235234.0,성공,확정,False,472820000.0,14815483000.0,CFS,False,0.0007731927423648,0.0074350227016543,True,사용가능,영상·방송프로그램 제작/배급/상영,32714136875.0,100245744378.0,2019.0,,,,0,,0.0011260825595668154,0.0007731927423648453,0.008589586401971194,0.9042566708553159,0.03466127684658606,0.034693655426407156,0.6832974534667174,24.972740765460518,1,-0.4782708531281362,,-0.16568704726811134,-0.04924820432537809,0.653183085174181,0.09965605056758206,2021.0,0.0,120967406.0,0.0,2022.0,0.0,349412096.0,0.0,0.0
00353762,(주)키이스트,2021,CFS,63568013149.0,17919908912.0,45648104237.0,120967406.0,,0.0,46525413577.0,1015064003.0,-236417931.0,7494469856.0,성공,확정,False,0.0,57076000.0,CFS,False,0.0019029603098724,0.0074350227016543,True,사용가능,영상·방송프로그램 제작/배급/상영,54176542.0,48110630557.0,2020.0,,,,0,,0.0026000286015684265,0.001902960309872497,0.01614088899205521,0.651761030304056,0.021817409560907167,-0.12161600471732875,0.3925663335099696,24.87537624286799,0,1.2657867531358347,,-0.16393861324967687,-0.04998562986790866,0.4465523042546761,0.10953828553482745,2022.0,0.0,349412096.0,0.0,2023.0,0.0,337472949.0,0.0,0.0
00353762,(주)키이스트,2022,OFS,85623370734.0,26550396417.0,59072974317.0,349412096.0,,,62044179229.0,-2403490312.0,-1666743650.0,9927967758.0,성공,확정,False,0.0,69146000.0,CFS,True,0.0040808028579661,0.0074350227016543,True,사용가능,영상·방송프로그램 제작/배급/상영,120967406.0,46525413577.0,2021.0,32714136875.0,100245744378.0,2019.0,1,0.0,0.005631666021567446,0.004080802857966122,0.0351947250955204,,-0.0387383690439181,-0.13541526464801837,0.4494508144202134,25.173224105423678,0,,,-0.1807167043133775,-0.046867227420783475,,0.0332288829241075,2023.0,0.0,337472949.0,0.0,2024.0,0.0,259525192.0,0.0,0.0
00353762,(주)키이스트,2023,OFS,83152932599.0,24552156363.0,58600776236.0,337472949.0,,,52023895531.0,-1475031245.0,-5389544597.0,-3235183093.0,성공,확정,False,0.0,81939000.0,OFS,False,0.0040584611805267,0.0074350227016543,True,사용가능,영상·방송프로그램 제작/배급/상영,349412096.0,62044179229.0,2022.0,54176542.0,48110630557.0,2020.0,1,0.0,0.006486883489893728,0.004058461180526764,,0.23858140629630392,-0.028352956462498243,-0.02590842483438652,0.41897322766036954,25.143947310742732,0,0.12733315399731554,,-0.198054959164889,-0.08182466361331715,0.10927621567359394,0.05545568719006244,2024.0,0.0,259525192.0,0.0,2025.0,0.0,433867190.0,0.0,0.0
00353762,(주)키이스트,2024,OFS,71448697174.0,29395792643.0,42052904531.0,259525192.0,,,75844854928.0,654372103.0,-10977869999.0,2434143989.0,성공,확정,False,0.0,77948000.0,OFS,False,0.0036323292413292,0.0074350227016543,True,사용가능,영상·방송프로그램 제작/배급/상영,337472949.0,52023895531.0,2023.0,120967406.0,46525413577.0,2021.0,1,0.0,0.0034217903409053774,0.0036323292413292674,0.10661866889255744,0.26113314145144045,0.008627771832660232,-0.18771530508579515,0.6990193179481907,24.99224550706227,0,-0.6888597913245726,,-0.28568568912088244,-0.11547709327906587,0.10204766069014642,0.16492491285589395,2025.0,0.0,433867190.0,0.0,,,,,0.0
00353762,(주)키이스트,2025,OFS,58354521218.0,19163918281.0,39190602937.0,433867190.0,,,15701782037.0,-3940417878.0,-2636286278.0,-6799466579.0,성공,확정,False,0.0,82925000.0,OFS,False,0.0074350227016543,0.0074350227016543,True,사용가능,영상·방송프로그램 제작/배급/상영,259525192.0,75844854928.0,2024.0,349412096.0,62044179229.0,2022.0,1,1.0,0.027631716513299348,0.007435022701654343,,0.23918636014088773,-0.2509535458277741,0.07134289193201071,0.48899268816574576,24.789802677133082,0,1.4647479150725062,0.9886320524638307,-0.19801388733614406,-0.09069747466564007,0.106500754704564,-0.13355506155671157,,,,,,,,,
00359474,(주)제이웨이,2015,CFS,8904595054.0,1800789753.0,7103805301.0,1728056880.0,,0.0,13815789138.0,537355445.0,156582565.0,2605384966.0,성공,확정,False,253003000.0,1687650000.0,,False,0.1940634997459818,0.1323667138819459,True,사용가능,영상·방송프로그램 제작/배급/상영,,,,,,,0,,0.12507840578190504,0.19406349974598183,0.663263549360636,,0.038894299821210836,-0.2750043529379792,0.25349649613095443,22.909833278650694,1,,,0.029104244367194,0.13356163346130934,,-0.01692902503131536,2016.0,400000000.0,1213441164.0,1.0,2019.0,0.0,3363352007.0,,1.0
00359474,(주)제이웨이,2016,CFS,10418151072.0,1253930643.0,9164220429.0,1213441164.0,,17600000.0,7477631226.0,-1047982517.0,-1623940743.0,1386423387.0,성공,확정,False,400000000.0,1559732000.0,CFS,False,0.1164737538948984,0.1323667138819459,True,사용가능,영상·방송프로그램 제작/배급/상영,1728056880.0,13815789138.0,2015.0,,,,0,,0.1622761443197172,0.1164737538948984,0.8752313148912569,1.0605018100770154,-0.1401489970989912,-0.2889537797249558,0.13682894826841577,23.066815417220138,1,0.16096169891521622,,0.10923896549962253,0.09157192208842616,0.776848999946476,-0.192980201736189,2019.0,0.0,3363352007.0,,2020.0,5345879000.0,2408864708.0,,
00359474,(주)제이웨이,2019,CFS,21075399394.0,8287974406.0,12787424988.0,3363352007.0,,604826277.0,11406518008.0,-1247158934.0,-3039307511.0,1018158431.0,성공,확정,False,0.0,1401415000.0,CFS,False,0.1595866319837108,0.1323667138819459,True,사용가능,영상·방송프로그램 제작/배급/상영,1213441164.0,7477631226.0,2016.0,,,,0,,0.29486228879322346,0.1595866319837108,3.3033680266209964,,-0.10933739228091349,-0.19252142586465662,0.6481347428256757,23.771372291734238,0,,,0.1895671797793781,0.11805742627203722,,-0.038420728646735874,2020.0,5345879000.0,2408864708.0,1.0,2021.0,566839000.0,225389000.0,1.0,1.0
00359474,(주)제이웨이,2020,CFS,17552968542.0,11783079073.0,5769889469.0,2408864708.0,,3584639750.0,11051473777.0,-7611689204.0,-16805565410.0,-4059977490.0,성공,확정,False,5345879000.0,975595000.0,CFS,False,0.1372340354986776,0.1323667138819459,True,사용가능,영상·방송프로그램 제작/배급/상영,3363352007.0,11406518008.0,2019.0,1728056880.0,13815789138.0,2015.0,0,0.0,0.2179677350375891,0.13723403549867766,,0.33803131385028046,-0.6887487911197168,-0.7261215041491641,2.0421672089746576,23.588488920246736,1,-0.2526640514153326,,0.05115460520991094,0.08721263843093473,0.08695772816914554,-0.6237540173987207,2021.0,566839000.0,225389000.0,1.0,2022.0,0.0,22000.0,0.0,1.0
00359474,(주)제이웨이,2021,CFS,3017670925.0,6366364818.0,-3348693893.0,225389000.0,,425644979.0,4975972330.0,-3811863516.0,-9429823840.0,-2187009625.0,성공,확정,False,566839000.0,49463000.0,CFS,False,0.0746897211795881,0.1323667138819459,True,사용가능,영상·방송프로그램 제작/배급/상영,2408864708.0,11051473777.0,2020.0,1213441164.0,7477631226.0,2016.0,0,0.0,0.04529546891592141,0.07468972117958819,,0.03755371006959972,-0.7660540017512517,-2.400133876426569,-1.9011486332949215,21.82775115390504,1,-0.35668770252074067,,-0.12124317293532391,0.022801131001807036,-0.1676550159797801,-0.6783331257773314,2022.0,0.0,22000.0,0.0,,,,,0.0
00359474,(주)제이웨이,2022,OFS,1104641719.0,5985718666.0,-4881076947.0,22000.0,,0.0,1390105992.0,-1468266254.0,-1256144325.0,-658471181.0,성공,확정,False,0.0,379000.0,CFS,True,1.9915959737530064e-05,0.1323667138819459,True,사용가능,영상·방송프로그램 제작/배급/상영,225389000.0,4975972330.0,2021.0,3363352007.0,11406518008.0,2019.0,1,0.0,1.5826131335746376e-05,1.9915959737530064e-05,,,-1.0562261168931066,-0.5410561032775913,-1.2263110643397936,20.82278688314111,0,,,-0.1863325442036092,-0.05092811431901207,,-0.9842588649250811,,,,,,,,,
00364467,(주)드림어스컴퍼니,2015,CFS,60433973516.0,12377051748.0,48056921768.0,5102906583.0,,16206224602.0,55637376029.0,302396995.0,635014720.0,-6893895398.0,성공,확정,False,0.0,1612000000.0,,False,0.0844377141881792,0.0844377141881792,True,사용가능,기타 방송·음원서비스,,,,,,,0,,0.09171724022966504,0.08443771418817922,,,0.005435141205120474,0.12458075615376685,0.2575498240971729,24.824817259187633,0,,,-0.01802267752708747,-0.00041378519307506967,,-0.049795574942688534,2016.0,410018000.0,4607322551.0,1.0,2017.0,1298853000.0,52843411928.0,0.0,1.0
00364467,(주)드림어스컴퍼니,2016,CFS,50075192360.0,11940563863.0,38134628497.0,4607322551.0,,16244466829.0,52327952517.0,-9442255959.0,-9986956689.0,4124497080.0,성공,확정,False,410018000.0,2315142000.0,CFS,False,0.092008084919117,0.0844377141881792,True,사용가능,기타 방송·음원서비스,5102906583.0,55637376029.0,2015.0,,,,0,,0.08804706336452205,0.09200808491911702,1.1170628713355764,0.47684600807072985,-0.1804438260016471,-0.28180528329377347,0.31311604003010934,24.636791559928756,1,-0.03763597032483521,,-0.005905849820879841,0.01932021650754623,0.19319319794019058,-0.22196024961610644,2017.0,1298853000.0,52843411928.0,0.0,2018.0,18961997000.0,49430124489.0,1.0,1.0
00364467,(주)드림어스컴퍼니,2017,CFS,130877587748.0,17203966057.0,113673621691.0,52843411928.0,,14931855752.0,69451992770.0,-7958490183.0,-14092021202.0,-7552531769.0,성공,확정,False,1298853000.0,2533595000.0,CFS,False,0.4037621172369715,0.0844377141881792,True,사용가능,기타 방송·음원서비스,4607322551.0,52327952517.0,2016.0,,,,0,,0.7608624291458181,0.4037621172369715,,0.08820061302875445,-0.114589803194786,-0.04996645755415012,0.15134527959147542,25.597528278610213,0,10.142195907175045,,0.6703862936366807,0.3657608075848861,-0.07523475669781302,-0.12323601985642033,2018.0,18961997000.0,49430124489.0,1.0,2019.0,21824682000.0,26598624855.0,1.0,1.0
00364467,(주)드림어스컴퍼니,2018,CFS,204478522045.0,44619710716.0,159858811329.0,49430124489.0,,16457154007.0,137849260234.0,-3118023689.0,-21314253571.0,13641616776.0,성공,확정,False,18961997000.0,6624198000.0,CFS,False,0.2417374890753651,0.0844377141881792,True,사용가능,기타 방송·음원서비스,52843411928.0,69451992770.0,2017.0,5102906583.0,55637376029.0,2015.0,0,0.0,0.3585809920567731,0.24173748907536516,3.623479921820082,0.12953884713619662,-0.02261908176878958,-0.1709513057772747,0.2791194951660793,26.043728780238762,1,-1.0494060940681218,7.20902297039691,0.2236986342520991,0.1684906431641312,0.0,-0.04364847658798384,2019.0,21824682000.0,26598624855.0,1.0,2020.0,5548640000.0,16860524553.0,1.0,1.0
00364467,(주)드림어스컴퍼니,2019,CFS,171585554854.0,53668515015.0,117917039839.0,26598624855.0,,7130214686.0,196961162684.0,-26743471135.0,-48005522146.0,-1387694872.0,성공,확정,False,21824682000.0,7923879000.0,CFS,False,0.1550166905228848,0.0844377141881792,True,사용가능,기타 방송·음원서비스,49430124489.0,137849260234.0,2018.0,4607322551.0,52327952517.0,2016.0,0,0.0,0.13504502355966605,0.15501669052288486,,0.20844428110076055,-0.13578042884478,-0.2716885306205789,0.4551379095699587,25.868347841284514,1,-0.890709961021482,2.0091436580238504,0.03331552624018175,0.10264102991462923,0.07198363437779642,-0.14120971165787602,2020.0,5548640000.0,16860524553.0,1.0,2021.0,585423000.0,15767310137.0,0.0,1.0
00364467,(주)드림어스컴퍼니,2020,CFS,172443439357.0,76642040389.0,95801398968.0,16860524553.0,,4636197058.0,226329072223.0,-11888921989.0,-23067872601.0,15223219402.0,성공,확정,False,5548640000.0,6564080000.0,CFS,False,0.097774230297591,0.0844377141881792,True,사용가능,기타 방송·음원서비스,26598624855.0,196961162684.0,2019.0,52843411928.0,69451992770.0,2017.0,0,0.0,0.07449561997226532,0.09777423029759108,1.1075531467926485,0.3020804635808946,-0.05252936298561747,-0.222050152477695,0.8000096158783684,25.873335131865364,1,-0.5152180013928918,-2.939718641494437,-0.015389835594061221,0.04368338122370518,0.0710961691080472,-0.034509744289053144,2021.0,585423000.0,15767310137.0,0.0,2022.0,1202041000.0,13278535066.0,1.0,1.0
00364467,(주)드림어스컴퍼니,2021,CFS,254904569179.0,175265354702.0,79639214477.0,15767310137.0,,7658442824.0,244189264502.0,4848508839.0,-16103093025.0,2393118644.0,성공,확정,False,585423000.0,3872968000.0,CFS,False,0.0618557375718433,0.0844377141881792,True,사용가능,기타 방송·음원서비스,16860524553.0,226329072223.0,2020.0,49430124489.0,137849260234.0,2018.0,0,0.0,0.06457003820031106,0.0618557375718433,6.58860360999302,0.23740269845041317,0.01985553643764011,-0.07256131864788788,2.200741881408399,26.2641550735464,0,-0.14375119261735647,-1.4524405778852079,-0.10196860365093426,0.0,0.03774235824683009,0.0,2022.0,1202041000.0,13278535066.0,1.0,2023.0,849711000.0,11711248311.0,1.0,1.0
00364467,(주)드림어스컴퍼니,2022,CFS,271847458583.0,104063881260.0,167783577323.0,13278535066.0,,13483141248.0,274372337086.0,-8667349352.0,27270183922.0,21438232056.0,성공,확정,False,1202041000.0,3868771000.0,CFS,False,0.0488455368875402,0.0844377141881792,True,사용가능,기타 방송·음원서비스,15767310137.0,244189264502.0,2021.0,26598624855.0,196961162684.0,2019.0,0,0.0,0.048396041696572134,0.04884553688754026,0.6193857325228311,0.26639066434192893,-0.0315897347526084,0.02145303066800383,0.6202268596268318,26.32850693189431,1,-0.28144922514957194,-0.8938087509975339,-0.10958441809545616,-0.003133698956092959,0.09825318036357725,-0.0364678367344331,2023.0,849711000.0,11711248311.0,1.0,2024.0,1097593000.0,8635686846.0,1.0,1.0
00364467,(주)드림어스컴퍼니,2023,CFS,236448698787.0,71571467930.0,164877230857.0,11711248311.0,,20287888173.0,270330896112.0,-3493557752.0,-2901527269.0,-26350233867.0,성공,확정,False,849711000.0,2364748000.0,CFS,False,0.0495297642620983,0.0844377141881792,True,사용가능,기타 방송·음원서비스,13278535066.0,274372337086.0,2022.0,16860524553.0,226329072223.0,2020.0,0,0.0,0.04332190097186652,0.049529764262098305,,0.18925718277145673,-0.012923264792318057,0.09917037699210723,0.43408945891428025,26.188997102899986,1,-0.10330183279180571,-0.49981952613817293,-0.11073766591559778,-0.019790990077922302,-0.022011513258405363,-0.004790481736215815,2024.0,1097593000.0,8635686846.0,1.0,2025.0,5241444000.0,3188293813.0,1.0,1.0
00364467,(주)드림어스컴퍼니,2024,CFS,247300675294.0,100603886390.0,146696788904.0,8635686846.0,,7982555162.0,225062659788.0,-3154088947.0,-17773265429.0,31955177639.0,성공,확정,False,1097593000.0,2493312000.0,CFS,False,0.03491978675648,0.0844377141881792,True,사용가능,기타 방송·음원서비스,11711248311.0,270330896112.0,2023.0,15767310137.0,244189264502.0,2021.0,0,0.0,0.038370144803826944,0.034919786756480074,0.2702437440203898,0.24507985903146898,-0.01401427029242001,-0.2010849465286782,0.6857947412593761,26.23387074213726,1,-0.09516111213813552,-0.3739774027871505,-0.1486195074272716,-0.046181387697637126,0.010605143247015864,0.009171570594111368,2025.0,5241444000.0,3188293813.0,1.0,,,,,1.0
00364467,(주)드림어스컴퍼니,2025,CFS,222693228320.0,78810681898.0,143882546422.0,3188293813.0,,8155286654.0,224997032269.0,593044495.0,2601411618.0,-16533903119.0,성공,확정,False,5241444000.0,993883000.0,CFS,False,0.0143169769330325,0.0844377141881792,True,사용가능,기타 방송·음원서비스,8635686846.0,225062659788.0,2024.0,13278535066.0,274372337086.0,2022.0,0,0.0,0.014170381630581541,0.01431697693303259,,0.16811309636970542,0.0026357880769332684,0.08592679212276462,0.5477431687013127,26.12906100356287,1,-0.6305086083702639,-0.5799338484267937,-0.16263947048341,-0.05641509155377837,-0.012387803267218556,-0.005529161598895179,,,,,,,,,
00364795,(주)레드로버,2015,CFS,118158442676.0,17550264329.0,100608178347.0,2430261727.0,,10289038008.0,38580775834.0,-2565162134.0,-8949073520.0,-2427524659.0,성공,확정,False,1153788237.0,534535172.0,,False,0.0205678212403659,0.0134655516094884,True,사용가능,영상·방송프로그램 제작/배급/상영,,,,,,,0,,0.06299152037420379,0.02056782124036599,,,-0.06648809098699889,-0.0551932533410466,0.17444172648140713,25.495292295292565,1,,,-0.03298264104050726,-0.039934045044306504,,-0.12231141583952508,2016.0,0.0,2222152538.0,0.0,2017.0,0.0,1540799327.0,0.0,0.0
00364795,(주)레드로버,2016,CFS,165024991359.0,20259024809.0,144765966550.0,2222152538.0,,8676905620.0,41898015457.0,1859711735.0,709285989.0,-13391220709.0,성공,확정,False,0.0,730693992.0,CFS,False,0.0134655516094884,0.0134655516094884,True,사용가능,영상·방송프로그램 제작/배급/상영,2430261727.0,38580775834.0,2015.0,,,,0,,0.053037178820094684,0.01346555160948845,,0.314113898883422,0.04438663060088431,0.08544467466339908,0.139943284266353,25.82936276215948,0,-0.17161409064083105,,0.0,-0.011436280196983796,0.030461088752882726,-0.00844457403631347,2017.0,0.0,1540799327.0,0.0,2018.0,561012451.0,530560026.0,1.0,1.0
00364795,(주)레드로버,2017,CFS,163349499556.0,19621520704.0,143727978852.0,1540799327.0,,8552358481.0,35653275963.0,-3997337158.0,-10607048529.0,-22177913427.0,성공,확정,False,0.0,743532065.0,CFS,False,0.0094325316648538,0.0134655516094884,True,사용가능,영상·방송프로그램 제작/배급/상영,2222152538.0,41898015457.0,2016.0,,,,0,,0.04321620623583088,0.00943253166485385,,0.39518553076149965,-0.11211696681528867,0.0708350189590464,0.13651844867452517,25.819157911358555,0,-0.15757237173599217,,-0.006382986136050997,-0.009995206417747506,0.3262508005587037,-0.048552745353246135,2018.0,561012451.0,530560026.0,1.0,2019.0,0.0,330565461.0,0.0,1.0
00364795,(주)레드로버,2018,CFS,113883154084.0,12524474527.0,101358679557.0,530560026.0,,162697832.0,12275976021.0,-24026184151.0,-49940729047.0,,성공,확정,False,561012451.0,557911850.0,CFS,False,0.0046588104295799,0.0134655516094884,True,사용가능,영상·방송프로그램 제작/배급/상영,1540799327.0,35653275963.0,2017.0,2430261727.0,38580775834.0,2015.0,0,0.0,0.043219376210282025,0.0046588104295799525,,0.5386915111489107,-1.957170990713847,,0.12356588090669378,25.458438795530487,1,2.5256066554235623e-05,-0.09987499080590112,-0.1110670091344903,-0.03986379967083473,0.4504275897830996,-1.8913854085791693,2019.0,0.0,330565461.0,0.0,2020.0,128999994.0,6885266232.0,0.0,0.0
00364795,(주)레드로버,2019,CFS,28775239849.0,22251847696.0,6523392153.0,330565461.0,,100039430.0,12084598483.0,-41340698023.0,-93252770775.0,-4707406530.0,성공,확정,False,0.0,199994565.0,CFS,False,0.0114878438106741,0.0134655516094884,True,사용가능,영상·방송프로그램 제작/배급/상영,530560026.0,12275976021.0,2018.0,2222152538.0,41898015457.0,2016.0,0,0.0,0.027354277551299922,0.011487843810674192,,0.4644957512446731,-3.4209409672283275,-3.077137313525369,3.411085394546876,24.082781126845422,0,-0.36136033208612,-0.13966977712126616,-0.07794083146254546,-0.03004136190099941,0.28170097639006847,-3.3500243035941497,2020.0,128999994.0,6885266232.0,0.0,2021.0,0.0,632661628.0,0.0,0.0
00364795,(주)레드로버,2020,CFS,45037535983.0,21346667948.0,23690868035.0,6885266232.0,,75665321.0,14896326058.0,97696268.0,1123099043.0,-4937785481.0,성공,확정,False,128999994.0,327250146.0,CFS,False,0.1528783953589053,0.0134655516094884,True,사용가능,영상·방송프로그램 제작/배급/상영,330565461.0,12084598483.0,2019.0,1540799327.0,35653275963.0,2017.0,0,0.0,0.46221237405731336,0.15287839535890535,,0.0907033755561294,0.006558413639686189,0.1345740700887313,0.9010504771907569,24.530762111976728,0,19.59608234604645,4.050821819265559,0.2953992442296352,0.10285699829116242,-0.16037021012500552,0.0715531873606822,2021.0,0.0,632661628.0,0.0,,,,,0.0
00364795,(주)레드로버,2021,CFS,18766709540.0,10535322683.0,8231386857.0,632661628.0,,0.0,7188188777.0,-2412831603.0,-13115331762.0,-106777537.0,성공,확정,False,0.0,241322869.0,CFS,False,0.0337119102659698,0.0134655516094884,True,사용가능,영상·방송프로그램 제작/배급/상영,6885266232.0,14896326058.0,2020.0,530560026.0,12275976021.0,2018.0,0,0.0,0.08801405300099008,0.033711910265969834,,0.06419930424817884,-0.3356661431486498,-0.6931718209456552,1.2798964337389542,23.655350367968406,0,-0.39066146190370077,0.606891920229795,-0.07852458885025523,-0.018176679911811322,-0.14100942180120102,-0.2479452671747295,,,,,,,,,
00370006,(주)아이엠비씨,2015,CFS,68370450979.0,16007385748.0,52363065231.0,4124502567.0,,,64470533013.0,536470899.0,926938680.0,-5848491719.0,성공,확정,False,0.0,743379000.0,,False,0.0603258060747155,0.0524067550737611,True,사용가능,기타 방송·음원서비스,,,,,,,0,,0.06397500337353074,0.06032580607471555,,,0.008321179830975255,0.09909881099191631,0.30569993710993265,24.94820656500364,0,,,-0.04576491438322178,-0.02452569330653874,,-0.046909536316833755,2016.0,0.0,5299408701.0,0.0,2017.0,138611000.0,7797409867.0,0.0,0.0
00370006,(주)아이엠비씨,2016,CFS,70835539837.0,17373686894.0,53461852943.0,5299408701.0,,,67239151156.0,1909834242.0,1774105933.0,14305335469.0,성공,확정,False,0.0,1016543000.0,CFS,False,0.0748128511929815,0.0524067550737611,True,사용가능,기타 방송·음원서비스,4124502567.0,64470533013.0,2015.0,,,,0,,0.07881433078631472,0.07481285119298159,0.37044980262671534,0.2157369633671725,0.02840360428657164,-0.17690596506832124,0.32497352668497087,24.983626686797603,0,0.24191614934241756,,-0.015138582399087164,0.0021249827814107947,-0.06791584676336679,-0.013112819327887715,2017.0,138611000.0,7797409867.0,0.0,2018.0,843124000.0,4926914356.0,1.0,1.0
00370006,(주)아이엠비씨,2017,CFS,65406292579.0,13020561382.0,52385731197.0,7797409867.0,,,57402131582.0,143550023.0,-175504055.0,3222768279.0,성공,확정,False,138611000.0,2905710000.0,CFS,False,0.1192149800813433,0.0524067550737611,True,사용가능,기타 방송·음원서비스,5299408701.0,67239151156.0,2016.0,,,,0,,0.13583833303927498,0.11921498008134335,2.419475802157106,0.4437276098639164,0.0025007786129847137,-0.05195635159866993,0.24855167780392945,24.903884307585304,0,0.6176725490221232,,0.045362197530137566,0.08121367042925795,0.28029224013734894,-0.00614543804864961,2018.0,843124000.0,4926914356.0,1.0,2019.0,147527000.0,3246528179.0,0.0,1.0
00370006,(주)아이엠비씨,2018,CFS,62433021885.0,11176044540.0,51256977345.0,4926914356.0,,,58074993049.0,937817261.0,-1603631587.0,1241245012.0,성공,확정,False,843124000.0,3168320000.0,CFS,False,0.0789151991565496,0.0524067550737611,True,사용가능,기타 방송·음원서비스,7797409867.0,57402131582.0,2017.0,4124502567.0,64470533013.0,2015.0,0,0.0,0.08483710625402885,0.07891519915654968,3.969332652593169,0.49799422656537884,0.0161483835255689,-0.045566857299334136,0.21803947713842703,24.857360169221508,1,-0.3798563807167431,0.29374850908474426,-0.050045251550645126,0.005668353245315741,0.3684553794291822,-0.004881011293625361,2019.0,147527000.0,3246528179.0,0.0,2020.0,74530000.0,3369105769.0,0.0,0.0
00370006,(주)아이엠비씨,2019,CFS,66610004189.0,13173172141.0,53436832048.0,3246528179.0,,,51552466253.0,1726915616.0,2274106063.0,12774122869.0,성공,확정,False,147527000.0,1817018000.0,CFS,False,0.0487393480683211,0.0524067550737611,True,사용가능,기타 방송·음원서비스,4926914356.0,58074993049.0,2018.0,5299408701.0,67239151156.0,2016.0,0,0.0,0.0629752253377611,0.048739348068321135,0.2541488141529164,0.444615103665129,0.033498215342888764,-0.15763423128164247,0.24651858345882308,24.922120616259953,0,-0.22875045042958683,-0.1540822750583827,-0.038754271981723196,-0.0036363125399345025,0.3081544569421649,0.02806893252979275,2020.0,74530000.0,3369105769.0,0.0,2021.0,21407000.0,3112612943.0,0.0,0.0
00370006,(주)아이엠비씨,2020,CFS,69532673238.0,14237652985.0,55295020253.0,3369105769.0,,,43731791255.0,1118515098.0,1299529747.0,3394937698.0,성공,확정,False,74530000.0,669136000.0,CFS,False,0.0484535630820355,0.0524067550737611,True,사용가능,기타 방송·음원서비스,3246528179.0,51552466253.0,2019.0,7797409867.0,57402131582.0,2017.0,0,0.0,0.07704019598362093,0.04845356308203558,0.9923910447560738,0.20228930598625075,0.025576704404307163,-0.030135587392530274,0.2574852657591267,24.965062597578434,0,0.18945973248317965,-0.3297694875298445,-0.012845259582705618,-0.005637285991850323,-0.02869498848659663,0.04359632310087149,2021.0,21407000.0,3112612943.0,0.0,2022.0,92986000.0,3673403883.0,0.0,0.0
00370006,(주)아이엠비씨,2021,CFS,71723971098.0,14755604228.0,56968366870.0,3112612943.0,,,46832866825.0,2341141221.0,1343660665.0,3930934649.0,성공,확정,False,21407000.0,513157000.0,CFS,False,0.0433971083216667,0.0524067550737611,True,사용가능,기타 방송·음원서비스,3369105769.0,43731791255.0,2020.0,4926914356.0,58074993049.0,2018.0,0,0.0,0.06646214835899061,0.04339710832166673,0.7918251563382833,0.158339793132325,0.04998927846437682,-0.036072653875576406,0.2590139938831636,24.996090853615094,0,-0.1470420727752519,-0.1746634696349708,-0.1000764934922547,-0.01845862925017657,-0.041320547071258096,0.030133742026736708,2022.0,92986000.0,3673403883.0,0.0,2023.0,517876000.0,3141160394.0,1.0,1.0
00370006,(주)아이엠비씨,2022,CFS,70094091455.0,12321239163.0,57772852292.0,3673403883.0,,,47460159206.0,2558248419.0,1785803939.0,4035394195.0,성공,확정,False,92986000.0,534088000.0,CFS,False,0.0524067550737611,0.0524067550737611,True,사용가능,기타 방송·음원서비스,3112612943.0,46832866825.0,2021.0,3246528179.0,51552466253.0,2019.0,0,0.0,0.07739973789501324,0.05240675507376116,0.9102961707065647,0.1574083924913628,0.05390307284676326,-0.03209386425165699,0.21327039732649938,24.973104340059397,0,0.16677298148390868,0.2108682335993156,-0.08058072189701505,0.0004275192301279457,-0.01072909148698889,0.04902497086493856,2023.0,517876000.0,3141160394.0,1.0,2024.0,49482000.0,4106466250.0,0.0,1.0
00370006,(주)아이엠비씨,2023,CFS,74008499100.0,13611010517.0,60397488583.0,3141160394.0,,,46303655129.0,1156866116.0,2136461793.0,-5025397711.0,성공,확정,False,517876000.0,803818000.0,CFS,False,0.0424432387117549,0.0524067550737611,True,사용가능,기타 방송·음원서비스,3673403883.0,47460159206.0,2022.0,3369105769.0,43731791255.0,2020.0,0,0.0,0.06783828156219766,0.042443238711754934,,0.23591178168587695,0.024984336825613886,0.09677077080461965,0.22535722653923515,25.027445776258215,1,-0.12052319610554671,-0.12646746677312598,-0.08622128532526664,-0.026877515628265673,0.024643085656014863,0.03311711988171613,2024.0,49482000.0,4106466250.0,0.0,2025.0,156910000.0,3070600998.0,1.0,1.0
00370006,(주)아이엠비씨,2024,CFS,73752314930.0,10686520563.0,63065794367.0,4106466250.0,,,45442807948.0,634528436.0,2012796967.0,6690415539.0,성공,확정,False,49482000.0,1298672000.0,CFS,False,0.0556791505988326,0.0524067550737611,True,사용가능,기타 방송·음원서비스,3141160394.0,46303655129.0,2023.0,3112612943.0,46832866825.0,2021.0,0,0.0,0.09036559216805023,0.0556791505988326,0.6137834378242197,0.35837166117686675,0.013963231249400082,-0.06342334578161558,0.16945034420420876,25.023978220555076,0,0.32590002452663747,0.3489799811935389,-0.0966240600630483,-0.025422023855284602,0.12389694539241364,0.03714907213593146,2025.0,156910000.0,3070600998.0,1.0,,,,,1.0
00370006,(주)아이엠비씨,2025,CFS,67045841217.0,9670195937.0,57375645280.0,3070600998.0,,,40045648499.0,-7632134757.0,-5433678446.0,8588920328.0,성공,확정,False,156910000.0,1655775000.0,CFS,False,0.0457985304123744,0.0524067550737611,True,사용가능,기타 방송·음원서비스,4106466250.0,45442807948.0,2024.0,3673403883.0,47460159206.0,2022.0,0,0.0,0.07667751960807122,0.04579853041237441,0.35750721635987215,0.4614071299001433,-0.1905858699526513,-0.20914941955332586,0.16854182449379504,24.92864241964979,1,-0.13348404905695432,-0.007873269746426798,-0.10013233250592031,-0.024933538074436552,0.28090623026321937,-0.19875081962847976,,,,,,,,,
00543204,(주)아이오케이이엔엠,2021,CFS,166507012744.0,15100544612.0,151406468132.0,8639814146.0,,0.0,24307746912.0,-8353332102.0,-36108285938.0,-3870604881.0,성공,확정,False,5435595000.0,1670503000.0,CFS,False,0.0518885901777811,0.0647427696869642,True,사용가능,영상·방송프로그램 제작/배급/상영,,,,,,,0,,0.355434593641206,0.051888590177781156,,,-0.34364896640733955,-0.1936115514039313,0.09973513548202552,25.838303264062528,1,,,0.1888959517899607,0.0,,-0.25592809043341924,2022.0,1419942000.0,6430482314.0,1.0,2023.0,0.0,5717642251.0,0.0,1.0
00543204,(주)아이오케이이엔엠,2022,CFS,135690961803.0,37410200900.0,98280760903.0,6430482314.0,,,18966224254.0,-10813506356.0,-58390933815.0,-3732158676.0,성공,확정,False,1419942000.0,889768000.0,CFS,False,0.0473906458363524,0.0647427696869642,True,사용가능,영상·방송프로그램 제작/배급/상영,8639814146.0,24307746912.0,2021.0,,,,0,,0.3390491553765006,0.04739064583635244,,0.11808234859369184,-0.5701454444059638,-0.40281809792427564,0.3806462277690614,25.633645797317048,1,-0.03596951177154123,,0.15270078504155565,-0.0035573844423971573,-0.052004762376103006,-0.4981781924379382,2023.0,0.0,5717642251.0,0.0,2024.0,405500000.0,6362009939.0,1.0,1.0
00543204,(주)아이오케이이엔엠,2023,CFS,111974414415.0,35323314009.0,76651100406.0,5717642251.0,,20047768.0,22401905047.0,-7673728875.0,-21648765344.0,-263019423.0,성공,확정,False,0.0,717790000.0,CFS,False,0.0510620419929971,0.0647427696869642,True,사용가능,영상·방송프로그램 제작/배급/상영,6430482314.0,18966224254.0,2022.0,,,,0,,0.2552301797103497,0.051062041992997194,,0.11817297331112772,-0.3425480493243874,-0.19098778977972652,0.46083244496037273,25.44153623942128,0,-0.29200060622543156,,0.050688337055566995,-0.03482108280084672,-0.01113221731158226,-0.25873940567182674,2024.0,405500000.0,6362009939.0,1.0,2025.0,3554072000.0,3784059213.0,1.0,1.0
00543204,(주)아이오케이이엔엠,2024,CFS,98265952627.0,18795747437.0,79470205190.0,6362009939.0,,30195874.0,25103872700.0,-7275827823.0,-21384231151.0,-7415064215.0,성공,확정,False,405500000.0,443465000.0,CFS,False,0.0647427696869642,0.0647427696869642,True,사용가능,영상·방송프로그램 제작/배급/상영,5717642251.0,22401905047.0,2023.0,8639814146.0,24307746912.0,2021.0,0,0.0,0.25342742990407213,0.06474276968696424,,0.0734234716405357,-0.28982890050267024,-0.14215673447978938,0.23651313586094944,25.310943442220406,1,-0.007915150976580715,-0.2963923540103735,-0.0356800495577157,-0.054366652833430895,-0.08566200912075833,-0.13353175947943652,2025.0,3554072000.0,3784059213.0,1.0,,,,,1.0
00543204,(주)아이오케이이엔엠,2025,CFS,84822678465.0,16195930550.0,68626747915.0,3784059213.0,,0.0,12227719936.0,-8022887227.0,-17409328374.0,-10229956240.0,성공,확정,False,3554072000.0,438278000.0,CFS,False,0.0446114091358409,0.0647427696869642,True,사용가능,영상·방송프로그램 제작/배급/상영,6362009939.0,25103872700.0,2024.0,6430482314.0,18966224254.0,2022.0,0,0.0,0.3094656430475838,0.04461140913584095,,0.08639365520460825,-0.6561229132652585,-0.08463977162619772,0.2360002629012819,25.16382877871875,1,0.10770488927284505,-0.05625377472754184,0.08382003919814038,-0.05352108823145347,-0.04629195023171549,-0.5387244289941959,,,,,,,,,
00608699,주식회사 탑코미디어,2019,OFS,29557321884.0,5024013274.0,24533308610.0,77583888.0,,8885797476.0,32429047462.0,-4476577776.0,-4326467371.0,-30245807.0,성공,확정,False,0.0,40483000.0,CFS,True,0.0026248618973154,0.0376671508788011,True,사용가능,포털·콘텐츠 플랫폼,,,,,,,1,,0.002392419576643808,0.00262486189731546,,,-0.13804222221591936,-0.14535219330292692,0.20478335612474896,24.109597329598635,0,,,-0.0993370777428405,-0.04975079871094018,,-0.14347150502901537,2020.0,21773000.0,42000000.0,1.0,2021.0,27000000.0,15000000.0,1.0,1.0
00608699,주식회사 탑코미디어,2020,OFS,24449013092.0,4250053215.0,20198959877.0,42000000.0,,6946314850.0,19966274150.0,-3473429423.0,-4260168043.0,692706277.0,성공,확정,False,21773000.0,13811000.0,OFS,False,0.0017178607513504,0.0376671508788011,True,사용가능,포털·콘텐츠 플랫폼,77583888.0,32429047462.0,2019.0,,,,1,,0.0021035471958597745,0.0017178607513504455,0.06063175893525215,0.23098429447284738,-0.17396482673258296,-0.20257972382617923,0.2104095082558889,23.919855687717252,1,-0.07434153273031646,,-0.08778190837046677,-0.05237298832253545,0.0,-0.15594520803601863,2021.0,27000000.0,15000000.0,1.0,2022.0,11000000.0,18526000000.0,0.0,1.0
00608699,주식회사 탑코미디어,2021,OFS,55294572757.0,32369363431.0,22925209326.0,15000000.0,,2924539922.0,22256958341.0,-4826955807.0,-3893845588.0,-3728130470.0,성공,확정,False,27000000.0,0.0,OFS,False,0.0002712743629636,0.0376671508788011,True,사용가능,포털·콘텐츠 플랫폼,42000000.0,19966274150.0,2020.0,,,,1,,0.0006739465370867048,0.00027127436296360715,,0.0,-0.21687401005321402,-0.0029969508712592656,1.4119549780637846,24.735940598832073,1,-0.7575848168232945,,-0.1658646953141586,-0.0615844632088797,-0.1996603402035831,-0.23672954649085415,2022.0,11000000.0,18526000000.0,0.0,2023.0,0.0,16539000000.0,0.0,0.0
00608699,주식회사 탑코미디어,2022,CFS,58867894045.0,23721177629.0,35146716416.0,18526000000.0,,1953091056.0,22615183360.0,341102831.0,-3028958668.0,5763883260.0,성공,확정,False,11000000.0,1500000000.0,OFS,True,0.3147046501415235,0.0376671508788011,True,사용가능,포털·콘텐츠 플랫폼,15000000.0,22256958341.0,2021.0,77583888.0,32429047462.0,2019.0,2,1.0,0.8191841607071543,0.3147046501415235,3.214152536462024,,0.01508291246505286,-0.1493656613786548,0.6749187420023482,24.798561686372363,0,,,0.6612037009151259,0.26272541429789026,,0.010204810483228159,2023.0,0.0,16539000000.0,0.0,2024.0,0.0,14536000000.0,0.0,0.0
00608699,주식회사 탑코미디어,2023,CFS,41870851622.0,4639034747.0,37231816875.0,16539000000.0,,0.0,19178342271.0,-2653050366.0,-11865220642.0,-5329975149.0,성공,확정,False,0.0,2002000000.0,CFS,False,0.3950003250306471,0.0376671508788011,True,사용가능,포털·콘텐츠 플랫폼,18526000000.0,22615183360.0,2022.0,42000000.0,19966274150.0,2020.0,2,1.0,0.862379019327911,0.39500032503064714,,0.11418793668900613,-0.13833575021818945,-0.15608102629482265,0.12459866684923901,24.457855756441024,0,0.044715847078501944,,0.7083194524404466,0.32567957069062653,-0.09708075934085596,-0.1302029671620872,2024.0,0.0,14536000000.0,0.0,2025.0,3501412000.0,27955814282.0,1.0,1.0
00608699,주식회사 탑코미디어,2024,CFS,38557960524.0,6086477043.0,32471483481.0,14536000000.0,,0.0,23340259807.0,-3726430593.0,-4723548955.0,-2054037179.0,성공,확정,False,0.0,2003000000.0,CFS,False,0.3769908937728233,0.0376671508788011,True,사용가능,포털·콘텐츠 플랫폼,16539000000.0,19178342271.0,2023.0,15000000.0,22256958341.0,2021.0,2,1.0,0.6227865550854106,0.37699089377282335,,0.1289139179404666,-0.15965677433815037,-0.06923373901839,0.18744068303997793,24.375428414314875,0,-0.3381190134360793,,0.43579690285431205,0.29588971931870617,-0.1055607978439865,-0.13647093345161898,2025.0,3501412000.0,27955814282.0,1.0,,,,,1.0
00608699,주식회사 탑코미디어,2025,CFS,60367477963.0,27925493596.0,32441984367.0,27955814282.0,,,48604543452.0,3670011557.0,-2324402052.0,8251655493.0,성공,확정,False,3501412000.0,6255543000.0,CFS,False,0.4630939576295447,0.0376671508788011,True,사용가능,포털·콘텐츠 플랫폼,14536000000.0,23340259807.0,2024.0,18526000000.0,22615183360.0,2022.0,2,2.0,0.575168745481749,0.46309395762954475,3.3879037128628706,0.2944352038481876,0.0755075821383728,-0.17519462303000635,0.8607825366072805,24.82371635255279,1,-0.15922137424121008,-0.640195285127984,0.3983588933677575,0.3923618891427338,0.11393430421126363,0.06734263246254435,,,,,,,,,
00613318,(주)와이지엔터테인먼트,2015,CFS,375356133225.0,106079889288.0,269276243937.0,35867046101.0,,15047684632.0,193112056418.0,21811698913.0,23977549879.0,5737846973.0,성공,확정,False,0.0,2478946676.0,,False,0.0955547090514708,0.0715532835780323,True,사용가능,오디오물·음반,,,,,,,0,,0.18573178063706244,0.09555470905147083,6.250958986842258,,0.1129484057991054,0.04859305947471108,0.3939444777490973,26.651141100847912,0,,,0.07599186288030993,0.01070320967021654,,0.05771768965129639,2016.0,0.0,33201521932.0,0.0,2017.0,837196954.0,63102810862.0,0.0,0.0
00613318,(주)와이지엔터테인먼트,2016,CFS,486835565057.0,136465097184.0,350370467873.0,33201521932.0,,16384020934.0,321839059110.0,31919018629.0,14099412923.0,32448157701.0,성공,확정,False,0.0,4422753849.0,CFS,False,0.0681986369013789,0.0715532835780323,True,사용가능,오디오물·음반,35867046101.0,193112056418.0,2015.0,,,,0,,0.10316187856071314,0.06819863690137896,1.023217473174965,0.1280684970010344,0.09917695731918771,-0.03768981992071939,0.38948801253838833,26.911192254259234,0,-0.7409090651130086,,0.009208965375311254,-0.0044892315101918295,-0.15558431312950488,0.05766053370472836,2017.0,837196954.0,63102810862.0,0.0,2018.0,520547586.0,60675845141.0,0.0,0.0
00613318,(주)와이지엔터테인먼트,2017,CFS,583599527930.0,151494662748.0,432104865182.0,63102810862.0,,18492054765.0,349860731337.0,25197829293.0,11910569345.0,21905965798.0,성공,확정,False,837196954.0,5890333261.0,CFS,False,0.108126905252687,0.0715532835780323,True,사용가능,오디오물·음반,33201521932.0,321839059110.0,2016.0,,,,0,,0.18036551464593156,0.10812690525268705,2.880622175889695,0.12232748185068122,0.07202245646919554,-0.01712714965423841,0.35059698456343774,27.092480844701637,0,0.8135326036550473,,0.08988937913679415,0.07012559560060166,-0.04110788787588625,0.06337623980756121,2018.0,520547586.0,60675845141.0,0.0,2019.0,3651625964.0,52321628699.0,1.0,1.0
00613318,(주)와이지엔터테인먼트,2018,CFS,594324154591.0,144879538715.0,449444615876.0,60675845141.0,,23160720517.0,285846340838.0,9484079518.0,15944943943.0,22450910984.0,성공,확정,False,520547586.0,4393889918.0,CFS,False,0.1020921742323525,0.0715532835780323,True,사용가능,오디오물·음반,63102810862.0,349860731337.0,2017.0,35867046101.0,193112056418.0,2015.0,0,0.0,0.21226734952464307,0.10209217423235255,2.702600584191956,0.07099592223547016,0.03317894323991011,-0.010946832617761018,0.32235237356802976,27.110690722260546,0,0.14451056365841175,0.21147811412209178,0.0773849917199691,0.028845328321118607,-0.05854292490072646,0.012149548420715847,2019.0,3651625964.0,52321628699.0,1.0,2020.0,2110112359.0,46979110341.0,0.0,1.0
00613318,(주)와이지엔터테인먼트,2019,CFS,516346905463.0,94683750039.0,421663155424.0,52321628699.0,,16051927937.0,264459739114.0,2024905248.0,-24642188675.0,59559817666.0,성공,확정,False,3651625964.0,3465920831.0,CFS,False,0.1013303810779771,0.0715532835780323,True,사용가능,오디오물·음반,60675845141.0,285846340838.0,2018.0,33201521932.0,321839059110.0,2016.0,0,0.0,0.19784345577247145,0.1013303810779771,0.8784719421474664,0.06134510291632905,0.0076567618753005315,-0.16307254957884837,0.22454831260699434,26.970044673946223,1,-0.06286750798185077,0.7541661873093334,0.09611395845298715,0.048954720469721456,-0.07511554380663507,0.0022274790622045185,2020.0,2110112359.0,46979110341.0,0.0,2021.0,0.0,44469186264.0,0.0,0.0
00613318,(주)와이지엔터테인먼트,2020,CFS,542817503814.0,120265898833.0,422551604981.0,46979110341.0,,33311587294.0,255262402297.0,10748005141.0,3150284532.0,25765086273.0,성공,확정,False,2110112359.0,2013949219.0,CFS,False,0.0865467860024972,0.0715532835780323,True,사용가능,오디오물·음반,52321628699.0,264459739114.0,2019.0,63102810862.0,349860731337.0,2017.0,0,0.0,0.18404242034179166,0.08654678600249727,1.8233632072185533,0.040562622966758534,0.042105711786315496,-0.0416618874338089,0.28461825115634753,27.020039011649537,0,-0.06733134166155398,0.01487375551300485,-0.029449901482392377,-0.05110949175544732,-0.19042167150608885,0.0,2021.0,0.0,44469186264.0,0.0,2022.0,0.0,10853636441.0,0.0,0.0
00613318,(주)와이지엔터테인먼트,2021,CFS,621483516064.0,138720463804.0,482763052260.0,44469186264.0,,11297507936.0,355630812379.0,50561443511.0,22861681902.0,36865797260.0,성공,확정,False,0.0,1355411584.0,CFS,False,0.0715532835780323,0.0715532835780323,True,사용가능,오디오물·음반,46979110341.0,255262402297.0,2020.0,60675845141.0,285846340838.0,2018.0,0,0.0,0.12504311976378654,0.07155328357803233,1.2062450718311144,0.029643233046855722,0.1421739673589252,-0.02253336572253972,0.28734689441247835,27.155375224720018,0,-0.44662338307494953,-0.5112351318206083,-0.08137252686660768,-0.038575990333227755,-0.17001710715672735,0.0,2022.0,0.0,10853636441.0,0.0,2023.0,0.0,47082657725.0,0.0,0.0
00613318,(주)와이지엔터테인먼트,2022,CFS,712872500384.0,186584445794.0,526288054590.0,10853636441.0,,16204397611.0,391174512956.0,46639449138.0,46774637912.0,55087918734.0,성공,확정,False,0.0,1216707246.0,CFS,False,0.0152252140953024,0.0715532835780323,True,사용가능,오디오물·음반,44469186264.0,355630812379.0,2021.0,52321628699.0,264459739114.0,2019.0,0,0.0,0.02774627712573093,0.01522521409530248,0.1970238972615458,0.0439857254749236,0.11922926364899977,-0.011661665750217494,0.35452912937451514,27.29256842002945,0,-0.8558745555888316,-1.2717050800370087,-0.14281348091240906,-0.08395775067488132,-0.06747641457628284,0.012258301854734033,2023.0,0.0,47082657725.0,0.0,2024.0,0.0,47382577696.0,0.0,0.0
00613318,(주)와이지엔터테인먼트,2023,CFS,742203534745.0,157044777911.0,585158756834.0,47082657725.0,,17233524788.0,569195078742.0,86932081062.0,76984258248.0,93596369913.0,성공,확정,False,0.0,6327758964.0,CFS,False,0.0634363156747512,0.0715532835780323,True,사용가능,오디오물·음반,10853636441.0,391174512956.0,2022.0,46979110341.0,255262402297.0,2020.0,0,0.0,0.08271796346001303,0.0634363156747512,0.5030393568550193,0.21843851268324493,0.15272809676101196,-0.022382151104558465,0.2683797791230031,27.332889348085146,0,2.882869119645891,-1.2276388759746515,-0.12940199632279487,-0.06885798514011511,0.0,0.03466900860048376,2024.0,0.0,47382577696.0,0.0,2025.0,0.0,34692548888.0,0.0,0.0
00613318,(주)와이지엔터테인먼트,2024,CFS,734324597111.0,131074491602.0,603250105509.0,47382577696.0,,9598965816.0,364948984163.0,-20558087283.0,20029618338.0,48805135.0,성공,확정,False,0.0,15423744925.0,CFS,False,0.0645253854799551,0.0715532835780323,True,사용가능,오디오물·음반,47082657725.0,569195078742.0,2023.0,44469186264.0,355630812379.0,2021.0,0,0.0,0.12983342810138404,0.06452538547995511,970.8523026521697,0.3265485944381871,-0.056331400209674184,0.0272097833595784,0.21728051168993037,27.322216998202343,0,0.3652032784484468,0.039313023432790375,-0.005917600704169107,-0.02923814227951764,0.12397546869019474,-0.1350794279785547,2025.0,0.0,34692548888.0,0.0,,,,,0.0
00613318,(주)와이지엔터테인먼트,2025,CFS,838779404539.0,187934244359.0,650845160180.0,34692548888.0,,21005093420.0,545404261988.0,71341515441.0,53744637813.0,90908918011.0,성공,확정,False,0.0,16351062730.0,CFS,False,0.04136075432976,0.0715532835780323,True,사용가능,오디오물·음반,47382577696.0,364948984163.0,2024.0,10853636441.0,391174512956.0,2022.0,0,0.0,0.063608870164574,0.04136075432976005,0.38161876356071245,0.3984413648942829,0.1308048367296581,-0.044307573596690526,0.2887541551465548,27.455213582190378,0,-0.7622876994734833,1.8021251398691658,-0.24516097265367803,-0.10542754298770945,0.11968189511783123,0.05609662762385856,,,,,,,,,
00814786,(주)티엔엔터테인먼트,2015,CFS,102386013943.0,67736035659.0,34649978284.0,6194544925.0,0.0,5581178755.0,56447508360.0,-9486605346.0,-10839876717.0,-240286837.0,성공,확정,False,0.0,0.0,,False,0.0605018662846724,0.0302905398702348,True,사용가능,영상·방송프로그램 제작/배급/상영,,,,,,,0,,0.10973991775675251,0.060501866284672495,,,-0.16806065708867365,-0.10352575973805336,1.9548651691443582,25.352015957635675,0,,,0.013765756342041469,0.0,,-0.22388398194119985,2017.0,9677000.0,111511621.0,,2018.0,31368000.0,1178308398.0,,
00814786,(주)티엔엔터테인먼트,2017,CFS,30346571346.0,24946943613.0,5399627733.0,111511621.0,,2713570999.0,24000916428.0,-4434273391.0,-9567127060.0,-3198655724.0,성공,확정,False,9677000.0,888000.0,CFS,False,0.0036746036225505,0.0302905398702348,True,사용가능,영상·방송프로그램 제작/배급/상영,6194544925.0,56447508360.0,2015.0,,,,0,,0.00464614013112883,0.0036746036225505396,,,-0.18475433653970308,-0.209858018666726,4.620122876348669,24.135949377592514,1,,,-0.04495305224075305,-0.015753134460050815,,-0.12119011507766055,2018.0,31368000.0,1178308398.0,0.0,2022.0,0.0,64246045938.0,,0.0
00814786,(주)티엔엔터테인먼트,2018,CFS,52599825336.0,21342420034.0,31257405302.0,1178308398.0,,6283483904.0,41740437112.0,475005532.0,-13055479239.0,-10281982376.0,성공,확정,False,31368000.0,23706000.0,CFS,False,0.0224013747283976,0.0302905398702348,True,사용가능,영상·방송프로그램 제작/배급/상영,111511621.0,24000916428.0,2017.0,,,,0,,0.028229421623887283,0.022401374728397636,,0.03675861694002751,0.01137998461121626,-0.05272825233322178,0.6827956392347899,24.685978636076197,0,8.827568545910363,,-0.12605696372088504,-0.022121235372017052,-0.05150530442578356,0.07716556674589399,2022.0,0.0,64246045938.0,,2023.0,12538000000.0,49792642096.0,,
00814786,(주)티엔엔터테인먼트,2022,CFS,142789279467.0,65809762178.0,76979517289.0,64246045938.0,,1390453865.0,71907402901.0,3250496402.0,-2378767829.0,8027845291.0,성공,확정,False,0.0,2252027000.0,CFS,False,0.4499360608710676,0.0302905398702348,True,사용가능,영상·방송프로그램 제작/배급/상영,1178308398.0,41740437112.0,2018.0,6194544925.0,56447508360.0,2015.0,0,0.0,0.8934552402963583,0.44993606087106763,8.002900356092574,,0.04520391880200691,-0.07288091346104922,0.8548996472780416,25.684635810273214,0,,,0.7071068699614134,0.398988030592318,,0.1171711707700325,2023.0,12538000000.0,49792642096.0,1.0,2024.0,84424000.0,46604496889.0,0.0,1.0
00814786,(주)티엔엔터테인먼트,2023,OFS,122810204134.0,59800202304.0,63010001830.0,49792642096.0,,3406824007.0,150268840513.0,13524360041.0,-17847696964.0,22476591229.0,성공,확정,False,12538000000.0,4138392000.0,CFS,True,0.4054438509170665,0.0302905398702348,True,사용가능,영상·방송프로그램 제작/배급/상영,64246045938.0,71907402901.0,2022.0,111511621.0,24000916428.0,2017.0,1,0.0,0.33135706594936,0.4054438509170665,2.2153111025018766,,0.09000109400478129,-0.328346398227639,0.9490588885450283,25.533905944760956,1,,,0.12681522329457726,0.31956072612322256,,0.17380973765734198,2024.0,84424000.0,46604496889.0,0.0,2025.0,0.0,45948867467.0,0.0,0.0
00814786,(주)티엔엔터테인먼트,2024,OFS,124449358983.0,57808719789.0,66640639194.0,46604496889.0,,1893054025.0,142931436282.0,9698217890.0,2190776813.0,18694983291.0,성공,확정,False,84424000.0,4034965000.0,OFS,False,0.3744856323074051,0.0302905398702348,True,사용가능,영상·방송프로그램 제작/배급/상영,49792642096.0,150268840513.0,2023.0,1178308398.0,41740437112.0,2018.0,1,0.0,0.32606190843175004,0.3744856323074051,2.492887859998034,0.08371545136060243,0.06785223840377332,-0.13261785044834584,0.8674694674027799,25.54716471494723,0,-0.015199925882065618,,0.036954428969962205,0.25537620978701,-0.0753700294006916,0.22414937942700702,2025.0,0.0,45948867467.0,0.0,,,,,0.0
00814786,(주)티엔엔터테인먼트,2025,OFS,89123037948.0,22152081497.0,66970956451.0,45948867467.0,,3200878797.0,118299495759.0,3350618177.0,316647665.0,3502841562.0,성공,확정,False,0.0,5534250000.0,OFS,False,0.5155666651961468,0.0302905398702348,True,사용가능,영상·방송프로그램 제작/배급/상영,46604496889.0,142931436282.0,2024.0,64246045938.0,71907402901.0,2022.0,1,0.0,0.38841135519805714,0.5155666651961468,13.117597999712212,0.11959046628954291,0.028323182237613986,-0.03575050817790824,0.33077146678064545,25.21328370082985,0,0.15826601735180762,,0.16276575134861374,0.4174341678288524,-0.01309513914678083,0.14572166650867655,,,,,,,,,
00838421,씨제이이앤엠(주),2015,CFS,2364855621498.0,804773286173.0,1560082335325.0,653159648557.0,,3915888761.0,1347313885448.0,52675809987.0,52920339642.0,295450649275.0,성공,확정,False,97352651000.0,306069098000.0,,False,0.2761943023579853,0.2590537062774709,True,사용가능,텔레비전 방송,,,,,,,0,,0.48478654871119037,0.27619430235798537,2.210723348077841,,0.03909691019734765,-0.10255607464077278,0.5158530854112566,28.49173808801655,1,,,0.37164695834752215,0.18575023241544256,,-0.04966428039813338,2016.0,1674441000.0,723525340026.0,0.0,2017.0,3208587000.0,783393360340.0,0.0,0.0
00838421,씨제이이앤엠(주),2016,CFS,2792954983825.0,1177425367390.0,1615529616435.0,723525340026.0,,4700810471.0,1538423390983.0,27971484085.0,60857852801.0,258777878860.0,성공,확정,False,1674441000.0,383812795000.0,CFS,False,0.2590537062774709,0.2590537062774709,True,사용가능,텔레비전 방송,653159648557.0,1347313885448.0,2015.0,,,,0,,0.47030313258802703,0.2590537062774709,2.795931952195305,0.5575898599650635,0.01818191549150015,-0.0708640229453126,0.7288169498175047,28.658121285262595,0,-0.03411359871118906,,0.3681719524510833,0.17587328607445607,0.29965382991757566,-0.02082873972019284,2017.0,3208587000.0,783393360340.0,0.0,,,,,0.0
00838421,씨제이이앤엠(주),2017,CFS,3758919984666.0,1510219216175.0,2248700768491.0,783393360340.0,,6206059275.0,1750120615318.0,63164415059.0,421948665596.0,239177535259.0,성공,확정,False,3208587000.0,339565893000.0,CFS,False,0.2084091610185229,0.2590537062774709,True,사용가능,텔레비전 방송,723525340026.0,1538423390983.0,2016.0,,,,0,,0.4476224972629421,0.2084091610185229,3.2753634637621,0.4506757967998225,0.03609146392891493,0.04862330964282023,0.6715963445809817,28.955152793948837,0,-0.054861723916282454,,0.29241261752764997,0.11536615890877436,0.2632130914468393,-0.02897265578367867,,,,,,,,,
00925295,(주)에프엔씨엔터테인먼트,2016,CFS,134050053997.0,27906458817.0,106143595180.0,20231811325.0,,1009971326.0,91417168969.0,-2517635073.0,-6340255562.0,-248546952.0,성공,확정,False,624663333.0,3398553156.0,CFS,False,0.1509272896335631,0.0729128118731339,True,사용가능,창작·예술 서비스,,,,,,,0,,0.22131303729019114,0.15092728963356317,,,-0.027540068254068798,-0.04544353715915945,0.2629123195768504,25.62147910444068,0,,,0.036945739051999604,0.038558622654352254,,0.04151188503067536,2017.0,5863790481.0,10557424021.0,1.0,2018.0,3333085605.0,8616563645.0,1.0,1.0
00925295,(주)에프엔씨엔터테인먼트,2017,CFS,123872016547.0,26742962182.0,97129054365.0,10557424021.0,,992689900.0,116687389018.0,3070237258.0,-6498024201.0,6993938826.0,성공,확정,False,5863790481.0,4843586553.0,CFS,False,0.0852284827138037,0.0729128118731339,True,사용가능,창작·예술 서비스,20231811325.0,91417168969.0,2016.0,,,,0,,0.09047613550913741,0.08522848271380373,1.5095104895331264,0.31462857057469973,0.026311645875685765,-0.10891857098233988,0.2753343204753438,25.54251474492308,1,-0.7546045290156773,,0.0,0.04722717306171834,0.15119320084813226,0.01766542921405144,2018.0,3333085605.0,8616563645.0,1.0,2019.0,1653400539.0,6282558311.0,1.0,1.0
00925295,(주)에프엔씨엔터테인먼트,2018,CFS,84364232208.0,18815211104.0,65549021104.0,8616563645.0,,716434749.0,74014341736.0,-6003543206.0,-1436902847.0,-10442273666.0,성공,확정,False,3333085605.0,3609250116.0,CFS,False,0.1021352701196386,0.0729128118731339,True,사용가능,창작·예술 서비스,10557424021.0,116687389018.0,2017.0,,,,0,,0.11641748670459323,0.10213527011963866,,0.37647360359994925,-0.08111324190943825,0.10674394329574718,0.2870403064318506,25.158409359719645,1,0.18186557901386577,,0.0,0.033318638863098604,0.24693475646375262,-0.03217343442071356,2019.0,1653400539.0,6282558311.0,1.0,2020.0,522366601.0,5657176133.0,1.0,1.0
00925295,(주)에프엔씨엔터테인먼트,2019,CFS,115339954397.0,48438312777.0,66901641620.0,6282558311.0,,691107246.0,84190079127.0,-4937578584.0,-7567799456.0,865602742.0,성공,확정,False,1653400539.0,2091048321.0,CFS,False,0.0544699219264075,0.0729128118731339,True,사용가능,창작·예술 서비스,8616563645.0,74014341736.0,2018.0,20231811325.0,91417168969.0,2016.0,0,0.0,0.0746234993023681,0.05446992192640757,7.25801572264428,0.28069416804228753,-0.058647986024002965,-0.07311778682495607,0.7240227833590192,25.47114972975472,1,-0.4083575833003871,-0.6104151334704033,-0.027105998017116203,0.0020942613181519354,0.1442335213193234,-0.06407726883709898,2020.0,522366601.0,5657176133.0,1.0,2021.0,1348839917.0,28588014961.0,0.0,1.0
00925295,(주)에프엔씨엔터테인먼트,2020,CFS,131962461511.0,72942234450.0,59020227061.0,5657176133.0,,1279206675.0,72424739151.0,-7322138804.0,-7853151729.0,22383428984.0,성공,확정,False,522366601.0,2023226555.0,CFS,False,0.0428695863067728,0.0729128118731339,True,사용가능,창작·예술 서비스,6282558311.0,84190079127.0,2019.0,10557424021.0,116687389018.0,2017.0,0,0.0,0.07811110125236659,0.04286958630677281,0.25273947691588416,0.3389064580103319,-0.10109996790922374,-0.22913016600921443,1.2358853579911002,25.605783336595987,1,0.04020474605845001,-0.08482508411696627,0.021095208820580115,0.015142987918387717,0.10792216353748454,0.018957505766021412,2021.0,1348839917.0,28588014961.0,0.0,2022.0,0.0,5795171578.0,0.0,0.0
00925295,(주)에프엔씨엔터테인먼트,2021,CFS,130680727152.0,72668377340.0,58012349812.0,28588014961.0,,1116593643.0,74189472530.0,-4192207812.0,-9416052486.0,-2765676370.0,성공,확정,False,1348839917.0,3756427649.0,CFS,False,0.2187622887018996,0.0729128118731339,True,사용가능,창작·예술 서비스,5657176133.0,72424739151.0,2020.0,8616563645.0,74014341736.0,2018.0,0,0.0,0.3853378921037599,0.21876228870189965,,0.21938424222478073,-0.05650677473552325,-0.05089025949683216,1.2526363364955158,25.596022988034782,0,4.029040819038875,2.315431516680678,0.14994109046142223,0.14936938612218226,0.007321738905390007,-0.013200739124559421,2022.0,0.0,5795171578.0,0.0,2023.0,0.0,4918311359.0,0.0,0.0
00925295,(주)에프엔씨엔터테인먼트,2022,CFS,95634405836.0,51225237898.0,44409167938.0,5795171578.0,,1614221283.0,65786471717.0,-13183189634.0,-17600437229.0,-16101029022.0,성공,확정,False,0.0,1688953339.0,CFS,False,0.0605971410324641,0.0729128118731339,True,사용가능,창작·예술 서비스,28588014961.0,74189472530.0,2021.0,6282558311.0,84190079127.0,2019.0,0,0.0,0.0880906275522671,0.0605971410324641,,0.09824297914239344,-0.20039362637825292,-0.01567854365688517,1.1534833971561,25.283798485939577,0,-0.6840226153879267,0.14101816614578677,-0.010723999153520292,0.0,-0.06989450483595824,-0.010134123884101981,2023.0,0.0,4918311359.0,0.0,2024.0,0.0,3716097369.0,0.0,0.0
00925295,(주)에프엔씨엔터테인먼트,2023,CFS,111794386922.0,75774662897.0,36019724025.0,4918311359.0,,1181820302.0,92154263323.0,-7568800920.0,-8280174528.0,14834348550.0,성공,확정,False,0.0,828098681.0,CFS,False,0.0439942603060344,0.0729128118731339,True,사용가능,창작·예술 서비스,5795171578.0,65786471717.0,2022.0,5657176133.0,72424739151.0,2020.0,0,0.0,0.053370415883651046,0.043994260306034434,0.3315488605665801,0.1545900032453657,-0.0821318585497386,-0.20675924538257204,2.1036991522868838,25.439927189984843,0,-0.5521174801599533,-0.40302079706523897,-0.10089521229206186,0.0,-0.05667869278449639,0.7332409024075165,2024.0,0.0,3716097369.0,0.0,,,,,0.0
00925295,(주)에프엔씨엔터테인먼트,2024,CFS,118380430317.0,87565409135.0,30815021182.0,3716097369.0,,1365480352.0,86224155388.0,-4181824362.0,-6652959786.0,-12167129680.0,성공,확정,False,0.0,1001192340.0,CFS,False,0.031391145977836,0.0729128118731339,True,사용가능,창작·예술 서비스,4918311359.0,92154263323.0,2023.0,28588014961.0,74189472530.0,2021.0,0,0.0,0.043098101132773486,0.03139114597783609,,0.2319075622985727,-0.048499452887444505,0.04658007982598234,2.8416468909049346,25.497169261250534,0,-0.18008653755792262,-1.0322275595873251,-0.14389155109832505,0.0,-0.002567153485880408,-0.025313612000913126,,,,,,,,,
00974927,(주)넥스트엔터테인먼트월드,2015,CFS,200430115717.0,67475675018.0,132954440699.0,1406358874.0,,,82586149640.0,-2526524145.0,917303560.0,,성공,확정,False,0.0,248885000.0,,False,0.0070167043957891,0.0211065696821193,True,사용가능,영상·방송프로그램 제작/배급/상영,,,,,,,0,,0.01702899190881809,0.0070167043957891405,,,-0.03059258914495145,,0.5075097504321833,26.023731472895452,0,,,-0.07894516950589295,-0.05348516188888335,,-0.08641591399747764,2016.0,24424000.0,1558479997.0,0.0,2017.0,0.0,5902438607.0,0.0,0.0
00974927,(주)넥스트엔터테인먼트월드,2016,CFS,230523944772.0,93866679519.0,136657265253.0,1558479997.0,,,125723993057.0,6642150005.0,3565696914.0,3908954037.0,성공,확정,False,24424000.0,93586000.0,CFS,False,0.0067605992017072,0.0211065696821193,True,사용가능,영상·방송프로그램 제작/배급/상영,1406358874.0,82586149640.0,2015.0,,,,0,,0.012396042784716722,0.006760599201707296,0.3986948892845219,0.06313058083216153,0.05283120463719778,-0.0014890302321500654,0.686876613147645,26.163620575861952,0,-0.4141708594302614,,-0.04064113603537796,-0.01814123260476495,-0.22052222929837775,0.0,2017.0,0.0,5902438607.0,0.0,2018.0,0.0,11421058923.0,0.0,0.0
00974927,(주)넥스트엔터테인먼트월드,2017,CFS,256463072069.0,125719614945.0,130743457124.0,5902438607.0,,66102543.0,94538543693.0,-5157020946.0,-7461325176.0,-21472814181.0,성공,확정,False,0.0,83922000.0,CFS,False,0.0230147699603784,0.0211065696821193,True,사용가능,영상·방송프로그램 제작/배급/상영,1558479997.0,125723993057.0,2016.0,,,,0,,0.06243420277519083,0.023014769960378472,,0.02249642556213042,-0.054549401170666076,0.05463355364171215,0.9615748100171829,26.27025052265086,0,3.03535161418999,,0.01283501040330895,0.003587031877777116,-0.0464383046406655,0.009014820291376457,2018.0,0.0,11421058923.0,0.0,2019.0,0.0,15707934592.0,0.0,0.0
00974927,(주)넥스트엔터테인먼트월드,2018,CFS,256522672351.0,127429814574.0,129092857777.0,11421058923.0,,200059193.0,161222834105.0,-10606137995.0,-14763932813.0,17697350733.0,성공,확정,False,0.0,982504000.0,CFS,False,0.0445226101004146,0.0211065696821193,True,사용가능,영상·방송프로그램 제작/배급/상영,5902438607.0,94538543693.0,2017.0,1406358874.0,82586149640.0,2015.0,0,0.0,0.07084020688757883,0.04452261010041469,0.6453541603661226,0.11343021214954392,-0.06578558213467774,-0.12654352634212082,0.9871174654304051,26.27048288888293,0,0.22960676031263272,6.168835526904944,-0.08344617845719349,0.0,0.02516629078373285,0.0,2019.0,0.0,15707934592.0,0.0,2020.0,2886055000.0,12324167736.0,1.0,1.0
00974927,(주)넥스트엔터테인먼트월드,2019,CFS,313341345715.0,191470118582.0,121871227133.0,15707934592.0,,512829487.0,149180097149.0,-8149288316.0,-11086370881.0,-24223313739.0,성공,확정,False,0.0,1851020000.0,CFS,False,0.0501304242380039,0.0211065696821193,True,사용가능,영상·방송프로그램 제작/배급/상영,11421058923.0,161222834105.0,2018.0,1558479997.0,125723993057.0,2016.0,0,0.0,0.10529510901384538,0.050130424238003915,,0.13646064672296412,-0.05462718198836236,0.04192534128563015,1.571085506286448,26.470558994646257,0,0.4500445782750237,8.892441193849214,0.0,0.008601218526330313,-0.046334128131640534,0.016289481645815257,2020.0,2886055000.0,12324167736.0,1.0,2021.0,3929057000.0,7335380054.0,1.0,1.0
00974927,(주)넥스트엔터테인먼트월드,2020,CFS,275767772365.0,162408293719.0,113359478646.0,12324167736.0,,903384014.0,140432232547.0,-3843251961.0,-9780602158.0,1315089786.0,성공,확정,False,2886055000.0,2023686000.0,CFS,False,0.0446903843415321,0.0211065696821193,True,사용가능,영상·방송프로그램 제작/배급/상영,15707934592.0,149180097149.0,2019.0,5902438607.0,94538543693.0,2017.0,0,0.0,0.08775882511071904,0.044690384341532156,9.371350813609011,0.1443834626687012,-0.027367306574106742,-0.04023563685068316,1.4326838448699124,26.342824944009493,1,-0.15677805918215854,0.6025294780313586,-0.07905430471695911,-0.005331012726210775,-0.10669012301243372,0.03762746714688926,2021.0,3929057000.0,7335380054.0,1.0,2022.0,1831597000.0,7249077510.0,1.0,1.0
00974927,(주)넥스트엔터테인먼트월드,2021,CFS,347540133924.0,172721497084.0,174818636840.0,7335380054.0,,87799171.0,146057166294.0,-499604543.0,-38177741361.0,-41946024527.0,성공,확정,False,3929057000.0,1962616000.0,CFS,False,0.0211065696821193,0.0211065696821193,True,사용가능,영상·방송프로그램 제작/배급/상영,12324167736.0,140432232547.0,2020.0,11421058923.0,161222834105.0,2018.0,0,0.0,0.050222664454782975,0.02110656968211936,,0.1996603402035831,-0.0034206095851150556,0.010842728071296789,0.9880039119746747,26.574145988588896,1,-0.4448515612902361,-0.2636655536043298,-0.11631597739646234,-0.030782020495661797,-0.005548385845796755,0.08430026638880522,2022.0,1831597000.0,7249077510.0,1.0,2023.0,1780777000.0,5095401756.0,1.0,1.0
00974927,(주)넥스트엔터테인먼트월드,2022,CFS,332918824057.0,170168619803.0,162750204254.0,7249077510.0,,133503938.0,155617110146.0,7215470726.0,-21117979053.0,-9078074719.0,성공,확정,False,1831597000.0,1226097000.0,CFS,False,0.0217743094898078,0.0211065696821193,True,사용가능,영상·방송프로그램 제작/배급/상영,7335380054.0,146057166294.0,2021.0,15707934592.0,149180097149.0,2019.0,0,0.0,0.046582779382028844,0.021774309489807835,,0.16813748397835168,0.04636682122698747,-0.03616468479396831,1.0455816051537623,26.531164525609128,1,-0.07721868425572397,-0.5816578248228712,-0.1397655909529161,-0.029173720788941763,-0.0019496269914431597,0.11833407319501307,2023.0,1780777000.0,5095401756.0,1.0,2024.0,359327000.0,4612135480.0,1.0,1.0
00974927,(주)넥스트엔터테인먼트월드,2023,CFS,313440238508.0,168296307049.0,145143931459.0,5095401756.0,,154106617.0,129147737184.0,-5582630804.0,-17506374625.0,-4118295612.0,성공,확정,False,1780777000.0,659710000.0,CFS,False,0.0162563740388104,0.0211065696821193,True,사용가능,영상·방송프로그램 제작/배급/상영,7249077510.0,155617110146.0,2022.0,12324167736.0,140432232547.0,2020.0,0,0.0,0.03945405368380906,0.016256374038810428,,0.1068834068711214,-0.04322670242411051,-0.04271333851942016,1.1595132180675431,26.470874552079053,1,-0.12700357965002845,-0.5061966096706624,-0.16508778897097368,-0.06962675075503348,-0.022421783751588584,0.04058194122845018,2024.0,359327000.0,4612135480.0,1.0,2025.0,240032000.0,3876249393.0,1.0,1.0
00974927,(주)넥스트엔터테인먼트월드,2024,CFS,259877391121.0,138755971710.0,121121419411.0,4612135480.0,,122828435.0,113244615452.0,-18957171701.0,-24072120042.0,-19000474473.0,성공,확정,False,359327000.0,431045000.0,CFS,False,0.0177473517804115,0.0211065696821193,True,사용가능,영상·방송프로그램 제작/배급/상영,5095401756.0,129147737184.0,2023.0,7335380054.0,146057166294.0,2021.0,0,0.0,0.04072719450360892,0.017747351780411594,,0.08880625219782572,-0.16740020375657694,-0.019515532101977352,1.1455940029827496,26.283475784125066,1,0.028295382672172284,-0.14659238311317735,-0.2483802849581789,-0.10136207073998355,-0.07027922856346831,-0.011103062733343216,2025.0,240032000.0,3876249393.0,1.0,,,,,1.0
00974927,(주)넥스트엔터테인먼트월드,2025,CFS,239554621692.0,116800700894.0,122753920798.0,3876249393.0,,119522671.0,142653217026.0,2654398845.0,523557121.0,35425396683.0,성공,확정,False,240032000.0,364137000.0,CFS,False,0.0161810670385803,0.0211065696821193,True,사용가능,영상·방송프로그램 제작/배급/상영,4612135480.0,113244615452.0,2024.0,7249077510.0,155617110146.0,2022.0,0,0.0,0.02717253402209299,0.016181067038580323,0.10942007023057955,0.08579653383961258,0.018607353555273896,-0.14569470342707047,0.9515028125757675,26.202047293314227,1,-0.4192452567294136,-0.38197052522050334,-0.1984730698273504,-0.08195143032871409,-0.04688907159671116,0.13600583782633646,,,,,,,,,
00985686,(주)큐브엔터테인먼트,2015,CFS,27649411862.0,6792290724.0,20857121138.0,34042272.0,,,22398853346.0,710694719.0,-5715585199.0,654399713.0,성공,확정,False,0.0,21376000.0,,False,0.001231211432992,0.0429437716049915,True,사용가능,오디오물·음반,,,,,,,0,,0.0015198220852711323,0.0012312114329920353,0.05202060961172824,,0.031729067020607835,-0.23038410161463854,0.32565811355551805,24.042870293874785,0,,,-0.10822009567148139,-0.08362028794826225,,-0.023501649127201173,2016.0,0.0,922029948.0,0.0,2017.0,66852000.0,760435791.0,1.0,1.0
00985686,(주)큐브엔터테인먼트,2016,CFS,21470632726.0,4247532952.0,17223099774.0,922029948.0,,,19465306410.0,-5701794035.0,-5182169110.0,-6632646405.0,성공,확정,False,0.0,221042000.0,CFS,False,0.0429437716049915,0.0429437716049915,True,사용가능,오디오물·음반,34042272.0,22398853346.0,2015.0,,,,0,,0.047367862009422126,0.0429437716049915,,0.46239603112827604,-0.2929208467055413,0.06755633676521956,0.2466183792543592,23.7899519186404,0,26.215822064447174,,-0.04658505117597976,-0.029744096806579294,0.17874322099773676,-0.33443727032000065,2017.0,66852000.0,760435791.0,1.0,2018.0,111836000.0,1289361493.0,1.0,1.0
00985686,(주)큐브엔터테인먼트,2017,CFS,22136132141.0,6348136802.0,15787995339.0,760435791.0,,,24416090096.0,211106805.0,-979000023.0,2010510893.0,성공,확정,False,66852000.0,384743000.0,CFS,False,0.0343526947777628,0.0429437716049915,True,사용가능,오디오물·음반,922029948.0,19465306410.0,2016.0,,,,0,,0.03114486340810888,0.03435269477776289,0.3782301273012799,0.45735611856046243,0.008646216661634324,-0.135051186763694,0.4020863108768872,23.820477048919905,1,-0.4295979716669097,,-0.05933127210102854,-0.0036486148743224978,0.29392074883389496,0.0,2018.0,111836000.0,1289361493.0,1.0,2019.0,0.0,3432863998.0,0.0,1.0
00985686,(주)큐브엔터테인먼트,2018,CFS,28829632101.0,12104725631.0,16724906470.0,1289361493.0,,,34459463906.0,1930704390.0,1101720145.0,7403120943.0,성공,확정,False,111836000.0,472198000.0,CFS,False,0.044723480635581,0.0429437716049915,True,사용가능,오디오물·음반,760435791.0,24416090096.0,2017.0,34042272.0,22398853346.0,2015.0,0,0.0,0.037416760066760625,0.04472348063558108,0.17416458584526465,0.4607265349464674,0.05602827702911044,-0.2185737499501919,0.723754458819404,24.084669587537153,1,0.28421360368474813,36.33685902953415,-0.09746559773791336,-0.028523365275652864,0.3311876878102708,0.03499888220991618,2019.0,0.0,3432863998.0,0.0,2020.0,231220000.0,6676550952.0,0.0,0.0
00985686,(주)큐브엔터테인먼트,2019,CFS,32002668986.0,14387028006.0,17615640980.0,3432863998.0,,,29829671581.0,960751722.0,986622964.0,-404486527.0,성공,확정,False,0.0,1152267000.0,CFS,False,0.107268053158371,0.0429437716049915,True,사용가능,오디오물·음반,1289361493.0,34459463906.0,2018.0,922029948.0,19465306410.0,2016.0,0,0.0,0.1150821921950546,0.10726805315837103,,0.48801862689364744,0.03220792154520234,0.04346854606434731,0.8167189614237926,24.189085142080565,0,1.7968074478422902,2.1907056654138213,0.013352694875570295,0.05489239255011539,0.3515579801706833,0.026778638732106327,2020.0,231220000.0,6676550952.0,0.0,2021.0,107980000.0,4730296574.0,0.0,0.0
00985686,(주)큐브엔터테인먼트,2020,CFS,58849477346.0,21633078732.0,37216398614.0,6676550952.0,,2714701021.0,36938498752.0,537392369.0,-624538048.0,5332432196.0,성공,확정,False,231220000.0,1407463000.0,CFS,False,0.1134513211178723,0.0429437716049915,True,사용가능,오디오물·음반,3432863998.0,29829671581.0,2019.0,760435791.0,24416090096.0,2017.0,0,0.0,0.18074776121318423,0.11345132111787234,1.2520648564473562,0.27844598465116915,0.014548300205917367,-0.10122384280452569,0.5812781337703672,24.798248789491765,0,0.7065783965338296,7.267025722975682,-0.03274456061099981,-0.024204956640072245,0.047461690178321775,-0.02755741158039813,2021.0,107980000.0,4730296574.0,0.0,2022.0,724774000.0,3448677691.0,1.0,1.0
00985686,(주)큐브엔터테인먼트,2021,CFS,60730592911.0,23953501534.0,36777091377.0,4730296574.0,,5429038090.0,71943559242.0,1182398157.0,-2858693139.0,2826347695.0,성공,확정,False,107980000.0,2236708000.0,CFS,False,0.0778898467356015,0.0429437716049915,True,사용가능,오디오물·음반,6676550952.0,36938498752.0,2020.0,1289361493.0,34459463906.0,2018.0,0,0.0,0.0657501049967305,0.07788984673560155,1.6736428367848069,0.39216935176906653,0.016435080074683413,-0.09361082382863219,0.6513158228978452,24.829713409874266,0,-1.239163866520222,1.580938852726624,-0.14066554163366374,-0.03223942717565853,0.19250901156548345,-0.1257388872842418,2022.0,724774000.0,3448677691.0,1.0,2023.0,1564338000.0,2580524725.0,1.0,1.0
00985686,(주)큐브엔터테인먼트,2022,CFS,105911201026.0,66613826823.0,39297374203.0,3448677691.0,,7545029274.0,120637928352.0,6927857971.0,6110261110.0,41392854109.0,성공,확정,False,724774000.0,1949615000.0,CFS,False,0.0325619732152162,0.0429437716049915,True,사용가능,오디오물·음반,4730296574.0,71943559242.0,2021.0,3432863998.0,29829671581.0,2019.0,0,0.0,0.028587010222335486,0.03256197321521629,0.08331577431018844,0.4767382649296061,0.05742686454947853,-0.33313372577408995,1.695121574253036,25.385866853800007,1,-0.9477796359269143,-3.0396192717501562,-0.14197274781580452,-0.0666209915549675,0.36527612487839967,-0.04954409724478721,2023.0,1564338000.0,2580524725.0,1.0,2024.0,45853000.0,15784270636.0,0.0,1.0
00985686,(주)큐브엔터테인먼트,2023,CFS,153219970083.0,73598839660.0,79621130423.0,2580524725.0,,7971269557.0,142272172633.0,15423770911.0,11223257792.0,3836889287.0,성공,확정,False,1564338000.0,1540774000.0,CFS,False,0.0168419607679215,0.0429437716049915,True,사용가능,오디오물·음반,3448677691.0,120637928352.0,2022.0,6676550952.0,36938498752.0,2020.0,0,0.0,0.01813794417589043,0.016841960767921552,0.6725564726986609,0.5111037559167594,0.10841031401682875,0.04820760962816249,0.9243631592391917,25.75514043877988,1,-0.4310670528281183,-3.465090303013449,-0.19398201560691747,-0.11545234004694477,0.29266524323351445,-0.00964877414369944,2024.0,45853000.0,15784270636.0,0.0,2025.0,1140551000.0,9218800764.0,1.0,1.0
00985686,(주)큐브엔터테인먼트,2024,CFS,269962749592.0,111740423973.0,158222325619.0,15784270636.0,,21294917111.0,218283220461.0,16568348309.0,16605800279.0,2310037854.0,성공,확정,False,45853000.0,1860107000.0,CFS,False,0.0584683281669603,0.0429437716049915,True,사용가능,오디오물·음반,2580524725.0,142272172633.0,2023.0,4730296574.0,71943559242.0,2021.0,0,0.0,0.07231096647128737,0.05846832816696036,6.832905620428851,0.20257312574799238,0.07590298637709635,0.05295457409070498,0.7062241282059739,26.32154982195274,0,4.5824252928810045,0.3027560638663629,-0.06344006233426577,-0.035295199592512386,0.0,-0.002845041391784167,2025.0,1140551000.0,9218800764.0,1.0,,,,,1.0
00985686,(주)큐브엔터테인먼트,2025,CFS,258263677790.0,97353309309.0,160910368481.0,9218800764.0,,4223956846.0,87228103184.0,-7261994709.0,-5858853002.0,42699881790.0,성공,확정,False,1140551000.0,5417853000.0,CFS,False,0.0356953050575544,0.0429437716049915,True,사용가능,오디오물·음반,15784270636.0,218283220461.0,2024.0,3448677691.0,120637928352.0,2022.0,0,0.0,0.10568613127530416,0.03569530505755445,0.21589757108318214,0.433374997281334,-0.08325292473323032,-0.18801999261965208,0.6050157626759478,26.277246906912477,1,0.18444009143304585,1.9500836811032851,-0.20308371154294788,-0.11109299225991506,0.15461552750488233,-0.15796113383902985,,,,,,,,,
01021949,(주)덱스터스튜디오,2015,CFS,80140075102.0,6444135592.0,73695939510.0,1065969736.0,,,26054826787.0,4535666351.0,4127486813.0,5300740610.0,성공,확정,False,0.0,555783000.0,,False,0.0133013318822482,0.0158407062048242,True,사용가능,영상·방송프로그램 제작/배급/상영,,,,,,,0,,0.040912562755238246,0.013301331882248227,0.20109826426688704,,0.174081615973861,-0.01464003865115819,0.08744220692275154,25.107041879288985,0,,,-0.0550615986594728,-0.04720053440242427,,0.11825829112133479,2016.0,0.0,1085831225.0,0.0,2017.0,0.0,1418253817.0,0.0,0.0
01021949,(주)덱스터스튜디오,2016,CFS,85681520652.0,7499686421.0,78181834231.0,1085831225.0,,,31776984491.0,2407177115.0,5131098638.0,2987936390.0,성공,확정,False,0.0,561233000.0,CFS,False,0.0126728752797252,0.0158407062048242,True,사용가능,영상·방송프로그램 제작/배급/상영,1065969736.0,26054826787.0,2015.0,,,,0,,0.034170367087774906,0.012672875279725259,0.3634050673347835,0.5216402540680899,0.07575221983954361,0.025013121052141058,0.09592620197220043,25.173903010967624,0,-0.200987551451714,,-0.01886681173231978,-0.012228956526746987,0.2379874439375506,0.02292101520234583,2017.0,0.0,1418253817.0,0.0,2018.0,0.0,1190644226.0,0.0,0.0
01021949,(주)덱스터스튜디오,2017,CFS,89532234148.0,48652867580.0,40879366568.0,1418253817.0,,,25334023341.0,-21867728432.0,-34180578482.0,-13829476959.0,성공,확정,False,0.0,486462000.0,CFS,False,0.0158407062048242,0.0158407062048242,True,사용가능,영상·방송프로그램 제작/배급/상영,1085831225.0,31776984491.0,2016.0,,,,0,,0.05598217850793288,0.015840706204824237,,0.3885347277275098,-0.8631762960686064,-0.2273047435559231,1.1901570808116442,25.217864555464082,0,0.5089013162499286,,0.006382986136050997,-0.0035870318777771193,0.3195999975247139,-0.7996120746065638,2018.0,0.0,1190644226.0,0.0,2019.0,66785000.0,978580143.0,1.0,1.0
01021949,(주)덱스터스튜디오,2018,CFS,80815032958.0,17589976176.0,63225056782.0,1190644226.0,,,39216741380.0,2067364239.0,2818373099.0,11937506906.0,성공,확정,False,0.0,333393000.0,CFS,False,0.0147329547785841,0.0158407062048242,True,사용가능,영상·방송프로그램 제작/배급/상영,1418253817.0,25334023341.0,2017.0,1065969736.0,26054826787.0,2015.0,0,0.0,0.030360610904995085,0.014732954778584129,0.09973977274949775,0.2555814711843839,0.05271636975055575,-0.11283957295097884,0.2782121056316365,25.115428836628432,0,-0.7084728970164287,-0.38820348532408855,-0.12392577443977723,-0.02978965532183056,0.16731754981857283,0.11850195188523349,2019.0,66785000.0,978580143.0,1.0,2020.0,34616000.0,802999745.0,0.0,1.0
01021949,(주)덱스터스튜디오,2019,CFS,66525819237.0,11194472666.0,55331346571.0,978580143.0,,,55482724496.0,-5357793769.0,-7707267056.0,8160368757.0,성공,확정,False,66785000.0,248516000.0,CFS,False,0.0147097796648513,0.0158407062048242,True,사용가능,영상·방송프로그램 제작/배급/상영,1190644226.0,39216741380.0,2018.0,1085831225.0,31776984491.0,2016.0,0,0.0,0.01763756469945073,0.014709779664851359,0.11991861791301645,0.22912890298624522,-0.09656688307341986,-0.23851845787078738,0.2023170112376624,24.920855968458127,1,-0.5928800996613539,-0.844776700963081,-0.08765754431439465,-0.02681942604682224,0.04633412813164056,-0.02565021943924224,2020.0,34616000.0,802999745.0,0.0,2021.0,57301000.0,5707908949.0,0.0,0.0
01021949,(주)덱스터스튜디오,2020,CFS,68566008956.0,11275174355.0,57290834601.0,802999745.0,,,26329132002.0,202551854.0,-3042768017.0,16565170021.0,성공,확정,False,34616000.0,202850000.0,CFS,False,0.0117113385659547,0.0158407062048242,True,사용가능,영상·방송프로그램 제작/배급/상영,978580143.0,55482724496.0,2019.0,1418253817.0,25334023341.0,2017.0,0,0.0,0.030498527066482973,0.011711338565954727,0.048475188843943105,0.22771922984348372,0.007693069941865682,-0.2859716984633414,0.1968059015639335,24.951062752611186,0,0.34602988652135996,-0.4730905107762471,-0.13631460276119517,-0.0383100585017882,-0.02335435583765119,0.07268784366286168,2021.0,57301000.0,5707908949.0,0.0,2022.0,30148000.0,4627341269.0,0.0,0.0
01021949,(주)덱스터스튜디오,2021,CFS,94721172636.0,32398609981.0,62322562655.0,5707908949.0,,,43025492366.0,-569745007.0,-447246624.0,-1534038749.0,성공,확정,False,57301000.0,340844000.0,CFS,False,0.0602601170377681,0.0158407062048242,True,사용가능,영상·방송프로그램 제작/배급/상영,802999745.0,26329132002.0,2020.0,1190644226.0,39216741380.0,2018.0,0,0.0,0.13266341964073736,0.06026011703776813,,0.10469936410384563,-0.013242033400882801,0.011473592384422727,0.5198536228420115,25.274203388030813,0,5.474092405255735,3.6968463124097304,-0.033875222210507955,0.008371526859986975,-0.10050936194553421,0.07447884257303748,2022.0,30148000.0,4627341269.0,0.0,2023.0,0.0,3649066058.0,0.0,0.0
01021949,(주)덱스터스튜디오,2022,CFS,91913825993.0,34282975881.0,57630850112.0,4627341269.0,,,65905730689.0,-2512357680.0,-6173487763.0,3389766243.0,성공,확정,False,30148000.0,1137416000.0,CFS,False,0.0503443439439939,0.0158407062048242,True,사용가능,영상·방송프로그램 제작/배급/상영,5707908949.0,43025492366.0,2021.0,978580143.0,55482724496.0,2019.0,0,0.0,0.07021151606429768,0.05034434394399392,1.3650915541906883,0.2201042018352032,-0.03812047380000182,-0.10404587016895936,0.5948719447027823,25.244117301053116,0,-0.7210939023204503,3.5407674115334946,-0.11613685427064727,-0.0006036863347556806,0.05001709086540837,0.03384677816802378,2023.0,0.0,3649066058.0,0.0,2024.0,537068000.0,2577922547.0,1.0,1.0
01021949,(주)덱스터스튜디오,2023,CFS,85927997593.0,27397729229.0,58530268364.0,3649066058.0,,,67717191460.0,-41361146.0,-886106340.0,11791522172.0,성공,확정,False,0.0,987424000.0,CFS,False,0.0424665552580881,0.0158407062048242,True,사용가능,영상·방송프로그램 제작/배급/상영,4627341269.0,65905730689.0,2022.0,802999745.0,26329132002.0,2020.0,0,0.0,0.053886848809367324,0.04246655525808815,0.3094652246564931,0.23861174564928467,-0.0006107924015784337,-0.14753780917888823,0.46809505568321336,25.17677554523033,0,-0.23889757719594543,1.9723436666732446,-0.15065499384541542,-0.04341656953575576,0.10930655502657469,0.08319785125098225,2024.0,537068000.0,2577922547.0,1.0,2025.0,0.0,6974834259.0,0.0,1.0
01021949,(주)덱스터스튜디오,2024,CFS,103565610601.0,54676679449.0,48888931152.0,2577922547.0,,,53688139351.0,-8895513452.0,-10736203823.0,2621608354.0,성공,확정,False,537068000.0,552343000.0,CFS,False,0.024891684913941,0.0158407062048242,True,사용가능,영상·방송프로그램 제작/배급/상영,3649066058.0,67717191460.0,2023.0,5707908949.0,43025492366.0,2021.0,0,0.0,0.04801661182828798,0.024891684913941003,0.983336257327169,0.1774029262094659,-0.16568861501873433,-0.12897922485546587,1.1183856582792817,25.363471167660396,1,-0.08636788045331167,-0.7961811679298562,-0.24109086763349985,-0.09421773760645413,0.018317445448171876,-0.00939147399550061,2025.0,0.0,6974834259.0,0.0,,,,,0.0
01021949,(주)덱스터스튜디오,2025,CFS,110955446744.0,67638691099.0,43316755645.0,6974834259.0,,,55416993715.0,-6505871065.0,-6793621017.0,-7708424218.0,성공,확정,False,0.0,696304000.0,CFS,False,0.0628615760981303,0.0158407062048242,True,사용가능,영상·방송프로그램 제작/배급/상영,2577922547.0,53688139351.0,2024.0,4627341269.0,65905730689.0,2022.0,0,0.0,0.1258609280552165,0.0628615760981303,,0.14578074458310458,-0.11739848427106256,0.008244779574549986,1.5614902384040263,25.432394576999272,0,1.67340092824603,0.6664568129444775,-0.0997846757942269,-0.03527092126916412,0.013095139146780843,0.0,,,,,,,,,
01046203,(주)로아앤코홀딩스,2015,OFS,23879113571.0,4594330577.0,19284782994.0,190494984.0,,1900778671.0,20666173999.0,1141407590.0,-6790556048.0,-2959346192.0,성공,확정,False,0.0,106467000.0,,False,0.007977473009356,0.0502813992901037,True,사용가능,창작·예술 서비스,,,,,,,0,,0.00921771896477876,0.007977473009356039,,,0.05523071614780901,-0.16044187924349146,0.2382360526654314,23.896270004639465,0,,,-0.10052219879197376,-0.07687402637189825,,0.0,2016.0,0.0,2038448417.0,0.0,2017.0,0.0,2077130375.0,0.0,0.0
01046203,(주)로아앤코홀딩스,2016,CFS,57229480368.0,14007037786.0,43222442582.0,2038448417.0,,2554718293.0,29076104755.0,-579324047.0,-569867184.0,-842353337.0,성공,확정,False,0.0,69154000.0,OFS,True,0.0356188524496861,0.0502813992901037,True,사용가능,창작·예술 서비스,190494984.0,20666173999.0,2015.0,,,,1,,0.07010734189384371,0.035618852449686114,,,-0.01992440362563964,0.004761290007315204,0.3240686307680639,24.770334993612764,0,,,-0.11425995634434782,-0.0767498145295248,,0.049127549659104514,2017.0,0.0,2077130375.0,0.0,2018.0,0.0,4049426694.0,0.0,0.0
01046203,(주)로아앤코홀딩스,2017,CFS,54659441846.0,8796847213.0,45862594633.0,2077130375.0,,3081888082.0,46522004738.0,-510442803.0,-2465152718.0,-9171845993.0,성공,확정,False,0.0,77034000.0,CFS,False,0.0380013096520853,0.0502813992901037,True,사용가능,창작·예술 서비스,2038448417.0,29076104755.0,2016.0,,,,1,,0.044648341934056056,0.03800130965208539,,0.037435317797701394,-0.010972072374668353,0.12269962971622987,0.19180875577131676,24.72438780601476,0,-0.5810319784775713,,-0.045827793575081356,0.0,-0.12600005192886607,-0.019618289036302677,2018.0,0.0,4049426694.0,0.0,2019.0,0.0,3986048508.0,0.0,0.0
01046203,(주)로아앤코홀딩스,2018,CFS,58843721642.0,12152463727.0,46691257915.0,4049426694.0,,2776390332.0,27311088490.0,-1217222836.0,-359930994.0,-2748507182.0,성공,확정,False,0.0,87836000.0,CFS,False,0.06881663125654,0.0502813992901037,True,사용가능,창작·예술 서비스,2077130375.0,46522004738.0,2017.0,190494984.0,20666173999.0,2015.0,1,0.0,0.14827042486727338,0.06881663125654006,,0.028673853523521302,-0.04456881447422677,0.0405918613124419,0.26027278487812827,24.79815098088338,0,1.362471951962677,,0.031852938162680144,0.0,-0.10086499361267531,0.00437099301449792,2019.0,0.0,3986048508.0,0.0,2020.0,1842319000.0,3466005931.0,1.0,1.0
01046203,(주)로아앤코홀딩스,2019,CFS,79274812640.0,37971327510.0,41303485130.0,3986048508.0,,2806399807.0,40606058762.0,-8620470668.0,-5670826187.0,-717461939.0,성공,확정,False,0.0,81636000.0,CFS,False,0.0502813992901037,0.0502813992901037,True,사용가능,창작·예술 서비스,4049426694.0,27311088490.0,2018.0,2038448417.0,29076104755.0,2016.0,1,1.0,0.09816388562512321,0.0502813992901037,,0.020318897874186982,-0.21229518280821721,-0.06248345575402422,0.9193250252487835,25.09618629394955,0,-0.5024486749795721,0.5588886399625572,-0.0035656116943610927,-0.0020942613181519354,-0.11614174884877715,-0.21772446562131323,2020.0,1842319000.0,3466005931.0,1.0,2021.0,160333000.0,7896913909.0,0.0,1.0
01046203,(주)로아앤코홀딩스,2020,CFS,62033756276.0,29629926957.0,32403829319.0,3466005931.0,,9527968298.0,14962003987.0,-4702417450.0,-10561290992.0,-4759724095.0,성공,확정,False,1842319000.0,64325000.0,CFS,False,0.0558729011278807,0.0502813992901037,True,사용가능,창작·예술 서비스,3986048508.0,40606058762.0,2019.0,2077130375.0,46522004738.0,2017.0,1,1.0,0.2316538569306291,0.05587290112788075,,0.017263695676552747,-0.3142906160221437,-0.0935227406057393,0.9143958470249836,24.850944529893592,1,0.501067028885614,1.3470397884724563,0.1746379644988426,0.028146302739495657,-0.21372059879629463,-0.19423314234689854,2021.0,160333000.0,7896913909.0,0.0,2022.0,0.0,3069137107.0,0.0,0.0
01046203,(주)로아앤코홀딩스,2021,CFS,114225444220.0,56084512045.0,58140932175.0,7896913909.0,,868891328.0,34525693061.0,-1039406226.0,7833589878.0,946450371.0,성공,확정,False,160333000.0,4188800000.0,CFS,False,0.0691344556628768,0.0502813992901037,True,사용가능,창작·예술 서비스,3466005931.0,14962003987.0,2020.0,4049426694.0,27311088490.0,2018.0,1,1.0,0.22872571725201088,0.06913445566287682,8.34371685084373,0.7372752882150051,-0.0301052964864044,0.060294267656646285,0.964630423815526,25.46143991337921,0,-0.029167881935660667,0.6859674072194619,-0.0066710843903267925,-0.0002584469168405712,0.5252127848956144,0.013200739124559428,2022.0,0.0,3069137107.0,0.0,2023.0,300000000.0,2201777943.0,1.0,1.0
01046203,(주)로아앤코홀딩스,2022,CFS,120313884906.0,54631183358.0,65682701548.0,3069137107.0,,39506898772.0,18481103877.0,-3949483310.0,-32951620305.0,8432588735.0,성공,확정,False,0.0,4872918000.0,CFS,False,0.0255094173826893,0.0502813992901037,True,사용가능,창작·예술 서비스,7896913909.0,34525693061.0,2021.0,3986048508.0,40606058762.0,2019.0,1,1.0,0.1660689278858275,0.02550941738268933,0.36396143621487786,0.888727946439457,-0.21370386402703948,-0.34396868717466034,0.8317438544770619,25.513369872269276,0,-0.146635337072122,0.31483815043230046,0.06725430118004011,-0.03508772364977477,0.7205904624611053,-0.023444361532888536,2023.0,300000000.0,2201777943.0,1.0,2024.0,626504000.0,7069552820.0,1.0,1.0
01046203,(주)로아앤코홀딩스,2023,CFS,85719189484.0,34844287652.0,50874901832.0,2201777943.0,,20368385407.0,5702630850.0,-22246032011.0,-42980913412.0,-12152234838.0,성공,확정,False,300000000.0,1265841000.0,CFS,False,0.0256859398257723,0.0502813992901037,True,사용가능,창작·예술 서비스,3069137107.0,18481103877.0,2022.0,3466005931.0,14962003987.0,2020.0,1,1.0,0.3860986272677987,0.025685939825772327,,0.480311668085032,-3.901012111103071,-0.35964734103971385,0.6849013245679259,25.174342552117444,1,0.40882766323800307,0.25410848379356343,0.2318329990920858,-0.018308320480262107,0.2690429720551699,-3.085639350145816,2024.0,626504000.0,7069552820.0,1.0,2025.0,1000000000.0,6563833423.0,1.0,1.0
01046203,(주)로아앤코홀딩스,2024,CFS,87169549240.0,44426428480.0,42743120760.0,7069552820.0,,21587062932.0,7126651825.0,-7003453500.0,-10634676320.0,-3539438582.0,성공,확정,False,626504000.0,755828000.0,CFS,False,0.0811011744541172,0.0502813992901037,True,사용가능,창작·예술 서비스,2201777943.0,5702630850.0,2023.0,7896913909.0,34525693061.0,2021.0,1,1.0,0.9919879620329284,0.0811011744541172,,0.16304628091068785,-0.9827130147472863,-0.08139582916122465,1.039381956442808,25.191120900911443,1,1.9611252565590571,0.6888139255921477,0.8049983098018298,0.04971002847628111,-0.07142843487376527,-0.9595271738607549,2025.0,1000000000.0,6563833423.0,1.0,,,,,1.0
01046203,(주)로아앤코홀딩스,2025,CFS,79649870540.0,51857616650.0,27792253890.0,6563833423.0,,23555434861.0,12973995794.0,-4740034684.0,-15059256032.0,-4249088172.0,성공,확정,False,1000000000.0,1907588000.0,CFS,False,0.0824085887208524,0.0502813992901037,True,사용가능,창작·예술 서비스,7069552820.0,7126651825.0,2024.0,3069137107.0,18481103877.0,2022.0,1,1.0,0.5059222715360778,0.08240858872085242,,0.27984067435622495,-0.3653488685569093,-0.1357210976830296,1.8659018032596133,25.100906247940195,1,-0.8920244865097202,1.4366434920872972,0.3291124194220863,0.011676520234041463,0.09933977471930097,-0.3735138182327377,,,,,,,,,
01047840,미스터블루(주),2015,OFS,30026957033.0,8624299598.0,21402657435.0,4132460078.0,,62177282.0,17091215394.0,3684223789.0,-6057867884.0,3491387822.0,성공,확정,False,0.0,,,False,0.1376250038742978,0.2156395713458931,True,사용가능,기타 정보서비스,,,,,,,0,,0.24178854357254964,0.13762500387429785,1.1836153096371773,,0.21556242221915795,-0.31802275853344875,0.4029546155280974,24.125361382904895,0,,,0.13204862581579713,0.05277350449304356,,0.16033170607134895,,,,,,,,,
01082418,(주)에스에이엠지엔터테인먼트,2022,CFS,76681028784.0,29592333346.0,47088695438.0,11072321136.0,,11420600627.0,68322017040.0,-363931469.0,-22963177973.0,-1932404451.0,성공,확정,False,1984601000.0,2570434000.0,,False,0.1443945303236504,0.1370794567253658,True,사용가능,영상·방송프로그램 제작/배급/상영,,,,,,,0,,0.16206080580902008,0.14439453032365043,,,-0.005326708501403459,-0.2742630590056482,0.6284381648449608,25.062920171622274,1,,,-0.02428756452592487,0.09344650004490083,,0.06664054346662214,2023.0,3542464000.0,13272551802.0,1.0,2024.0,287608000.0,13785955745.0,0.0,1.0
01082418,(주)에스에이엠지엔터테인먼트,2023,CFS,100134482698.0,53042963767.0,47091518931.0,13272551802.0,,18473332153.0,95122568514.0,-9418335494.0,-17103166950.0,-11866675332.0,성공,확정,False,3542464000.0,3200180000.0,CFS,False,0.1325472648820614,0.1370794567253658,True,사용가능,영상·방송프로그램 제작/배급/상영,11072321136.0,68322017040.0,2022.0,,,,0,,0.13953104935393504,0.1325472648820614,,0.2629038161875002,-0.09901262803488978,-0.05229458900579699,1.1263803965363752,25.329779946444617,1,-0.1935536619358545,,-0.06501079330084769,0.04666414008821748,0.1335986255647902,-0.015203984382329089,2024.0,287608000.0,13785955745.0,0.0,2025.0,1379000.0,14322393460.0,0.0,0.0
01082418,(주)에스에이엠지엔터테인먼트,2024,CFS,97350436100.0,66575968649.0,30774467451.0,13785955745.0,,7669044713.0,116438413800.0,-6109144833.0,-19377563851.0,32766501710.0,성공,확정,False,287608000.0,6752120000.0,CFS,False,0.1416116485686703,0.1370794567253658,True,사용가능,영상·방송프로그램 제작/배급/상영,13272551802.0,95122568514.0,2023.0,,,,0,,0.11839697308724417,0.14161164856867037,0.4207332191581705,0.49907556714070234,-0.0524667473012244,-0.5356325831703183,2.1633507957531415,25.301583048466963,0,-0.18540657096933658,,-0.17071050637454366,0.02250222604827523,0.3399900863794083,0.10383039372200932,2025.0,1379000.0,14322393460.0,0.0,,,,,0.0
01082418,(주)에스에이엠지엔터테인먼트,2025,CFS,135675924046.0,52252771949.0,83423152097.0,14322393460.0,,16489721828.0,141251628528.0,22632697773.0,30139738980.0,23807507937.0,성공,확정,False,1379000.0,,CFS,False,0.1055632645269037,0.1370794567253658,True,사용가능,영상·방송프로그램 제작/배급/상영,13785955745.0,116438413800.0,2024.0,11072321136.0,68322017040.0,2022.0,0,0.0,0.10139630678424995,0.10556326452690376,0.6015914600511848,,0.160229641306497,0.04667173699036758,0.6263581588027657,25.633534967604213,0,-0.1741897221910041,-0.773908124216462,-0.12424929706519346,0.007430767159609344,,0.27762812557755956,,,,,,,,,
01116502,(주)아티스트컴퍼니,2020,CFS,7459471188.0,9059623686.0,-1600152498.0,873607095.0,,,29012708970.0,-4033201141.0,-4120275600.0,-2639334819.0,성공,확정,False,0.0,252445000.0,,False,0.1171138104810118,0.0708968824083108,True,사용가능,창작·예술 서비스,,,,,,,0,,0.0301111866493865,0.11711381048101181,,,-0.13901497944126656,-0.19853160414137389,-5.661725177646162,22.73275036232245,0,,,-0.026904705782399972,0.08938721209262672,,-0.018957505766021412,2021.0,0.0,4324765940.0,0.0,2022.0,5161921000.0,3533612293.0,1.0,1.0
01116502,(주)아티스트컴퍼니,2021,CFS,62091631695.0,36478501900.0,25613129795.0,4324765940.0,5363632960.0,1732351594.0,35420948949.0,-5475563541.0,-7951297311.0,-3693322851.0,성공,확정,False,0.0,412474000.0,CFS,False,0.0696513494965579,0.0708968824083108,True,사용가능,창작·예술 서비스,873607095.0,29012708970.0,2020.0,,,,0,,0.1220962754619282,0.06965134949655795,,0.15869349783975248,-0.15458545588046943,-0.06857565735936165,1.4242110273895952,24.85187706149152,0,3.7295932617148337,,-0.11330052618040948,0.0002584469168405573,-0.05336900547963824,-0.1112794202695056,2022.0,5161921000.0,3533612293.0,1.0,2025.0,4416667000.0,13937942949.0,,1.0
01116502,(주)아티스트컴퍼니,2022,CFS,48981064431.0,41554710295.0,7426354136.0,3533612293.0,201711866.0,607411245.0,35760012569.0,-6306382768.0,-18952081115.0,-4425980191.0,성공,확정,False,5161921000.0,791730000.0,CFS,False,0.0721424153200636,0.0708968824083108,True,사용가능,창작·예술 서비스,4324765940.0,35420948949.0,2021.0,,,,0,,0.09881462670578739,0.07214241532006367,,0.2014995910161862,-0.17635292369743014,-0.29656564414730163,5.595573485185598,24.614699620186116,1,-0.19250800244385907,,0.0,0.01154527428759957,0.033362107037834515,0.013906578796720803,2025.0,4416667000.0,13937942949.0,,,,,,
01116502,(주)아티스트컴퍼니,2025,CFS,71642914566.0,32024074331.0,39618840235.0,13937942949.0,,,46650140282.0,-3958696884.0,1120755257.0,6157884480.0,성공,확정,False,4416667000.0,1956904000.0,CFS,False,0.1945474026766439,0.0708968824083108,True,사용가능,창작·예술 서비스,3533612293.0,35760012569.0,2022.0,873607095.0,29012708970.0,2020.0,0,0.0,0.2987760136356539,0.19454740267664392,2.263430402806127,,-0.08485927073465772,-0.07030882612068522,0.8083041840964682,24.994960096812207,1,,,0.1219661615216624,0.12381533418983295,,-0.09302422041048618,,,,,,,,,
01168684,스튜디오드래곤(주),2025,CFS,1034472891355.0,234222074125.0,800250817230.0,228995860812.0,,,530685384145.0,30359009641.0,10319624051.0,-9806949401.0,성공,확정,False,18822098000.0,131348912000.0,CFS,False,0.2213647769078325,0.3285815954474356,True,사용가능,영상·방송프로그램 제작/배급/상영,,,,,,,0,,0.43150964329070557,0.2213647769078325,,,0.05720717123180645,0.019455873247328205,0.2926858293450293,27.664913129201906,1,,,0.20586403944126216,0.12323227954053807,,0.174605655502869,,,,,,,,,
01186404,주식회사 디앤씨미디어,2017,OFS,35747219967.0,3771774963.0,31975445004.0,93505450.0,,277297657.0,26536904342.0,5432589183.0,4536199332.0,3511342780.0,성공,확정,False,0.0,2321000.0,,False,0.002615740471184,0.158393510203744,True,사용가능,출판(웹툰·웹소설 IP / 교육출판 혼재),,,,,,,0,,0.0035236005223114432,0.002615740471184037,0.02662954198963167,,0.20471827131704404,0.028669545574343824,0.11795848228314465,24.29973833990188,0,,,-0.08695253498682597,-0.035385569180901355,,0.19607205465540972,2018.0,0.0,111305693.0,0.0,2019.0,0.0,107546930.0,0.0,0.0
01186404,주식회사 디앤씨미디어,2018,CFS,43639727144.0,7118077605.0,36521649539.0,111305693.0,,726234537.0,32910221877.0,5801455623.0,4917413308.0,4378481065.0,성공,확정,False,0.0,7712000.0,OFS,True,0.0025505588665281,0.158393510203744,True,사용가능,출판(웹툰·웹소설 IP / 교육출판 혼재),93505450.0,26536904342.0,2017.0,,,,1,,0.0033821009598780103,0.002550558866528187,0.025421074420016933,,0.17628126740325836,0.012349578658492998,0.19490022205593127,24.49923374546277,0,,,-0.13150025684479597,-0.07069628704470575,,0.1552518725840641,2019.0,0.0,107546930.0,0.0,2020.0,0.0,244643866.0,0.0,0.0
01186404,주식회사 디앤씨미디어,2019,CFS,53449595113.0,11928154790.0,41521440323.0,107546930.0,,1015476050.0,42139941288.0,7913751789.0,4852476454.0,5035332419.0,성공,확정,False,0.0,10098000.0,CFS,False,0.0020121187031001,0.158393510203744,True,사용가능,출판(웹툰·웹소설 IP / 교육출판 혼재),111305693.0,32910221877.0,2018.0,,,,1,,0.002552137632679276,0.0020121187031001933,0.021358456810952404,0.0922812791693157,0.18779693438380662,-0.0034210916773722354,0.2872769994780896,24.70200489932797,0,-0.31422117716249975,,-0.09917735968680502,-0.05036354190515544,-0.04417936755364843,0.1823676515707106,2020.0,0.0,244643866.0,0.0,2021.0,0.0,21144291517.0,0.0,0.0
01186404,주식회사 디앤씨미디어,2020,CFS,63725229592.0,11696158408.0,52029071184.0,244643866.0,,585362314.0,57733988624.0,13147011574.0,10867446534.0,12383257527.0,성공,확정,False,0.0,26067000.0,CFS,False,0.0038390425199929,0.158393510203744,True,사용가능,출판(웹툰·웹소설 IP / 교육출판 혼재),107546930.0,42139941288.0,2019.0,93505450.0,26536904342.0,2017.0,1,0.0,0.004237432261839287,0.0038390425199929345,0.019756018597415704,0.14802771847564125,0.22771701535505537,-0.023786669780634158,0.22480044601674165,24.87784639005812,0,0.9047099805453525,,-0.08564802330448726,-0.05025180655389297,-0.08295657599720613,0.2457366340516197,2021.0,0.0,21144291517.0,0.0,2022.0,0.0,21697695755.0,0.0,0.0
01186404,주식회사 디앤씨미디어,2021,CFS,88176266873.0,18224645552.0,69951621321.0,21144291517.0,,694962587.0,67421822042.0,15145627513.0,15503064978.0,13019943003.0,성공,확정,False,0.0,,CFS,False,0.2397957213073451,0.158393510203744,True,사용가능,출판(웹툰·웹소설 IP / 교육출판 혼재),244643866.0,57733988624.0,2020.0,111305693.0,32910221877.0,2018.0,1,1.0,0.3136119860989265,0.23979572130734517,1.623992632850084,,0.22463984292155625,0.028160887992416745,0.26053213932482255,25.20260368067725,0,85.26106316978837,187.91728926170046,0.14707334424768118,0.17793998373550185,,0.20478430648391616,2022.0,0.0,21697695755.0,0.0,2023.0,0.0,20681047354.0,0.0,0.0
01186404,주식회사 디앤씨미디어,2022,CFS,93947407896.0,17536314518.0,76411093378.0,21697695755.0,,1087596789.0,61214379663.0,5859879124.0,6142385719.0,5444271784.0,성공,확정,False,0.0,1677494000.0,CFS,False,0.2309557681359277,0.158393510203744,True,사용가능,출판(웹툰·웹소설 IP / 교육출판 혼재),21144291517.0,67421822042.0,2021.0,107546930.0,42139941288.0,2019.0,1,1.0,0.3544542291280427,0.23095576813592772,3.9854174471536634,0.07831074638763784,0.09572716666018762,0.007430901507924665,0.22949958890457378,25.266000972175135,0,0.11824149175500771,200.2983091474665,0.1964737693360144,0.1789765322922945,-0.08982673759071384,0.09084906467836291,2023.0,0.0,20681047354.0,0.0,2024.0,0.0,25073798964.0,0.0,0.0
01186404,주식회사 디앤씨미디어,2023,CFS,98660403959.0,17631986431.0,81028417528.0,20681047354.0,,1052636483.0,60372245944.0,3486546807.0,3961963285.0,4678368740.0,성공,확정,False,0.0,1421281000.0,CFS,False,0.2096185148663526,0.158393510203744,True,사용가능,출판(웹툰·웹소설 IP / 교육출판 혼재),21697695755.0,61214379663.0,2022.0,244643866.0,57733988624.0,2020.0,1,1.0,0.342558853503368,0.20961851486635266,4.420568044835218,0.06707518419526518,0.057750821631417294,-0.007261326999002705,0.21760250254063188,25.314949527199328,0,-0.033098009618999905,83.48962263095204,0.1884992866159037,0.14029776052633205,-0.14419351183459692,0.06588360468751954,2024.0,0.0,25073798964.0,0.0,2025.0,5477953000.0,18600617456.0,1.0,1.0
01186404,주식회사 디앤씨미디어,2024,CFS,115265240226.0,27168502128.0,88096738098.0,25073798964.0,,862666751.0,83514767448.0,10278991964.0,10796993994.0,14051094812.0,성공,확정,False,0.0,1773007000.0,CFS,False,0.2175313122571724,0.158393510203744,True,사용가능,출판(웹툰·웹소설 IP / 교육출판 혼재),20681047354.0,60372245944.0,2023.0,21144291517.0,67421822042.0,2021.0,1,1.0,0.3002319198171995,0.21753131225717245,1.7844729752009305,0.07750029309146635,0.12307993278434448,-0.02823141487945282,0.3083939623028652,25.470501746315,0,-0.1709257738778678,-0.05284798135983129,0.11324226758610095,0.13643013780305524,-0.15697442269298678,0.14626577367087587,2025.0,5477953000.0,18600617456.0,1.0,,,,,1.0
01186404,주식회사 디앤씨미디어,2025,CFS,117432951843.0,21770740930.0,95662210913.0,18600617456.0,,959834643.0,85471656697.0,17336284379.0,7983639019.0,15054205467.0,성공,확정,False,5477953000.0,1613881000.0,CFS,False,0.158393510203744,0.158393510203744,True,사용가능,출판(웹툰·웹소설 IP / 교육출판 혼재),25073798964.0,83514767448.0,2024.0,21697695755.0,61214379663.0,2022.0,1,1.0,0.21762322359024625,0.158393510203744,1.2355761648646295,0.0739050974135489,0.20283079852374608,-0.06020939043968574,0.22757932021662558,25.489133385050817,1,-0.2815968228123067,-0.5390052871460702,0.04081337147625472,0.08766144171693305,-0.10659580222337507,0.19466584884791763,,,,,,,,,
01204056,(주)하이브,2020,CFS,1924442638000.0,725503228000.0,1198939410000.0,288374913000.0,,61961013000.0,796283397000.0,145515649000.0,87061118000.0,116677031000.0,성공,확정,False,0.0,13521264000.0,,False,0.149848536561057,0.3320140518140024,True,사용가능,오디오물·음반,,,,,,,0,,0.3621511061092738,0.149848536561057,2.4715654017627515,,0.18274354274901453,-0.015389345681292268,0.6051208442635145,28.285657503042575,0,,,0.14865878428508977,0.012192258803112421,,0.14063783096269902,2021.0,0.0,1330038427000.0,0.0,2022.0,83383590000.0,1470169884000.0,1.0,1.0
01204056,(주)하이브,2021,CFS,4728915303000.0,1842330260000.0,2886585043000.0,1330038427000.0,,83184815000.0,1255926483000.0,190247657000.0,140834607000.0,177258248000.0,성공,확정,False,0.0,47156825000.0,CFS,False,0.2812565549981896,0.3320140518140024,True,사용가능,오디오물·음반,288374913000.0,796283397000.0,2020.0,,,,0,,1.059009778839101,0.28125655499818963,7.503393732064868,0.05827537852598274,0.15147993101121668,-0.007702324669865207,0.6382386912409426,29.184716969300908,0,3.0349493750505956,,0.8525941322087068,0.17112728108692954,-0.14138496167760034,0.009305963652291471,2022.0,83383590000.0,1470169884000.0,1.0,2023.0,95562539000.0,2165250407000.0,0.0,1.0
01204056,(주)하이브,2022,CFS,4870434315000.0,1941754310000.0,2928680005000.0,1470169884000.0,,79181815000.0,1776153957000.0,236907930000.0,48032125000.0,347125164000.0,성공,확정,False,83383590000.0,68746044000.0,CFS,False,0.301856013019652,0.3320140518140024,True,사용가능,오디오물·음반,1330038427000.0,1255926483000.0,2021.0,,,,0,,0.8277266045580755,0.30185601301965204,4.235273141995548,0.04910066421126339,0.1333825421306088,-0.06140993177525278,0.663013475929406,29.21420423077144,1,-0.30885914034329187,,0.6571668465199354,0.20267304824946825,-0.06236147583994305,0.026411580336343055,2023.0,95562539000.0,2165250407000.0,0.0,2024.0,89746480000.0,2244256804000.0,0.0,0.0
01204056,(주)하이브,2023,CFS,5345681487000.0,2235766519000.0,3109914968000.0,2165250407000.0,,125860185000.0,2178088207000.0,295643307000.0,183449559000.0,310627196000.0,성공,확정,False,95562539000.0,74222154000.0,CFS,False,0.4050466553732403,0.3320140518140024,True,사용가능,오디오물·음반,1470169884000.0,1776153957000.0,2022.0,288374913000.0,796283397000.0,2020.0,0,0.0,0.994105932000944,0.40504665537324036,6.9705757734103875,0.04083277753812812,0.13573523149790417,-0.02379072477649097,0.7189156430337487,29.307310152184588,0,0.2464945411654912,4.773138340336092,0.7819859722181361,0.27275235455837404,-0.17760573514511682,0.01767614333737598,2024.0,89746480000.0,2244256804000.0,0.0,2025.0,163683556000.0,1986685747000.0,1.0,1.0
01204056,(주)하이브,2024,CFS,5479186860000.0,1965408202000.0,3513778658000.0,2244256804000.0,,163151790000.0,2255648536000.0,184045287000.0,-3431847000.0,151599247000.0,성공,확정,False,89746480000.0,84506106000.0,CFS,False,0.4095966904111023,0.3320140518140024,True,사용가능,오디오물·음반,2165250407000.0,2178088207000.0,2023.0,1330038427000.0,1255926483000.0,2021.0,0,0.0,0.9949496866119927,0.40959669041110236,14.803878306862567,0.03832904764922041,0.08159306916066467,-0.028294544055757938,0.5593432009512763,29.331977822666914,0,0.0008789809469621976,-0.10864126202280167,0.8591986578064396,0.31583316265162964,-0.16424407809877198,0.0028450413917841533,2025.0,163683556000.0,1986685747000.0,1.0,,,,,1.0
01204056,(주)하이브,2025,CFS,5485474443000.0,1934017978000.0,3551456465000.0,1986685747000.0,,184400391000.0,2649870246000.0,49318276000.0,-254385318000.0,107483561000.0,성공,확정,False,163683556000.0,87516114000.0,CFS,False,0.3621720906083528,0.3320140518140024,True,사용가능,오디오물·음반,2244256804000.0,2255648536000.0,2024.0,1470169884000.0,1776153957000.0,2022.0,0,0.0,0.7497294442997418,0.36217209060835287,18.48362417951523,0.041369559120728414,0.018611581481940986,-0.06596856530099779,0.5445703747349752,29.333124704182985,1,-0.2895398702421151,-0.1405839940610919,0.4409596014814897,0.21538379329088336,-0.23738991065572324,-0.056096627623858544,,,,,,,,,
01264438,(주)자이언트스텝,2020,CFS,22663934746.0,7849042726.0,14814892020.0,765033036.0,,461563692.0,20223107408.0,,-1422167643.0,332920822.0,성공,확정,False,0.0,261955000.0,,False,0.0337555258861227,0.0288037419812651,True,사용가능,영상·방송프로그램 제작/배급/상영,,,,,,,0,,0.03782964806374726,0.03375552588612276,2.2979428904569987,,,-0.07743970694716895,0.5298076229920439,23.844040720278812,0,,,-0.1289834817639309,-0.01626587118162017,,,2021.0,0.0,1972687152.0,0.0,2022.0,0.0,10908619183.0,0.0,0.0
01264438,(주)자이언트스텝,2021,CFS,143724545361.0,16573953529.0,127150591832.0,1972687152.0,,31188409.0,33157055213.0,-2908565928.0,-3471517212.0,485804808.0,성공,확정,False,0.0,288497000.0,CFS,False,0.0137254715055462,0.0288037419812651,True,사용가능,영상·방송프로그램 제작/배급/상영,765033036.0,20223107408.0,2020.0,,,,0,,0.05949524586328649,0.013725471505546285,4.060657942273803,0.21075711189517662,-0.08772087597392028,-0.02753407227735666,0.13034900813437528,25.691164425194543,0,0.939001832153525,,-0.10704339598795881,-0.038163118672234875,0.005548385845796783,0.0,2022.0,0.0,10908619183.0,0.0,,,,,0.0
01264438,(주)자이언트스텝,2022,CFS,146288744916.0,23324552269.0,122964192647.0,10908619183.0,,168595903.0,40619850156.0,-17860766009.0,-12676277323.0,-7470247940.0,성공,확정,False,0.0,486674000.0,CFS,False,0.0745690940835113,0.0288037419812651,True,사용가능,영상·방송프로그램 제작/배급/상영,1972687152.0,33157055213.0,2021.0,,,,0,,0.2685539001524031,0.07456909408351137,,0.07556283304553521,-0.4397053642592467,-0.03558735421504462,0.18968572693319805,25.70884821047517,0,4.304753139609297,,0.08220552981745816,0.02362106380476177,-0.09452427792425963,-0.3677381122912211,,,,,,,,,
01267222,(주)에피소드컴퍼니,2019,CFS,21133741428.0,3383563350.0,17750178078.0,150366707.0,,882680137.0,9724378450.0,-1712999816.0,-1956383231.0,-1666869566.0,성공,확정,False,0.0,30597000.0,,False,0.0071150064702116,0.0655110465732686,True,사용가능,영상·방송프로그램 제작/배급/상영,,,,,,,0,,0.015462860456649545,0.00711500647021165,,,-0.1761551984846908,-0.013699120242685691,0.1906213749029183,23.774136720008222,0,,,-0.08983224855719583,-0.034414199241461954,,-0.10523853485051318,2020.0,668977000.0,1255632656.0,1.0,2021.0,25000000.0,1113493946.0,0.0,1.0
01267222,(주)에피소드컴퍼니,2020,CFS,18551829870.0,4908532816.0,13643297054.0,1255632656.0,,770910698.0,6235193370.0,-2442776818.0,-4020570719.0,-166165832.0,성공,확정,False,668977000.0,131204000.0,CFS,False,0.0676824154166308,0.0655110465732686,True,사용가능,영상·방송프로그램 제작/배급/상영,150366707.0,9724378450.0,2019.0,,,,0,,0.20137830240219157,0.06768241541663081,,0.18663450845389892,-0.3917724235712035,-0.20776413507504854,0.3597761447670668,23.64383426641775,1,7.709277898860042,,0.034565172574513414,0.017661018348887877,-0.06443907722723599,-0.3267776498502075,2021.0,25000000.0,1113493946.0,0.0,2022.0,318000.0,1005272802.0,0.0,0.0
01267222,(주)에피소드컴퍼니,2021,CFS,16997041022.0,4655916849.0,12341124173.0,1113493946.0,,727287438.0,6686099596.0,-2282770363.0,-2011425211.0,-693318566.0,성공,확정,False,25000000.0,131546000.0,CFS,False,0.0655110465732686,0.0655110465732686,True,사용가능,영상·방송프로그램 제작/배급/상영,1255632656.0,6235193370.0,2020.0,,,,0,,0.1665386418512453,0.06551104657326866,,0.11105020718517093,-0.3414203348639439,-0.07754918301920423,0.37726845494239886,23.556305108323446,0,-0.18551718866290695,,0.0,0.013622456395487502,-0.09415851886420891,-0.25369945889002365,2022.0,318000.0,1005272802.0,0.0,2023.0,80999000.0,1099965199.0,1.0,1.0
01267222,(주)에피소드컴퍼니,2022,CFS,14947005721.0,3839751259.0,11107254462.0,1005272802.0,,593985578.0,10088032993.0,-2088411993.0,-1404429349.0,-1121782163.0,성공,확정,False,318000.0,119770000.0,CFS,False,0.0672557983026412,0.0655110465732686,True,사용가능,영상·방송프로그램 제작/배급/상영,1113493946.0,6686099596.0,2021.0,150366707.0,9724378450.0,2019.0,0,0.0,0.09965003115052758,0.0672557983026412,,0.11305633346667945,-0.20701875127184172,-0.018909953690784433,0.3456976044022858,23.427776830502406,0,-0.6059974677264867,5.648078437650193,-0.08669833918441737,0.016307768023891597,-0.05703077750311539,-0.1350514993038161,2023.0,80999000.0,1099965199.0,1.0,2024.0,904428000.0,183849728.0,1.0,1.0
01267222,(주)에피소드컴퍼니,2023,CFS,12023879916.0,6225832586.0,5798047330.0,1099965199.0,,377569862.0,8483510899.0,-3677587098.0,-5522902385.0,-2376221356.0,성공,확정,False,80999000.0,111580000.0,CFS,False,0.091481718603684,0.0655110465732686,True,사용가능,영상·방송프로그램 제작/배급/상영,1005272802.0,10088032993.0,2022.0,1255632656.0,6235193370.0,2020.0,0,0.0,0.1296591955966791,0.09148171860368404,,0.1060022666767357,-0.433498246396253,-0.26170263267622607,1.0737809182388995,23.210160502321266,1,0.2532477484144744,-0.48456036990098017,-0.07488264705810363,0.0055985938098401244,-0.023302923945974274,-0.3496896027436923,2024.0,904428000.0,183849728.0,1.0,2025.0,0.0,133282928.0,0.0,1.0
01267222,(주)에피소드컴퍼니,2024,CFS,18341922592.0,6279297819.0,12062624773.0,183849728.0,,305040378.0,5677574243.0,-3610777923.0,-4895289645.0,-2470097348.0,성공,확정,False,904428000.0,260622000.0,CFS,False,0.0100234709353853,0.0655110465732686,True,사용가능,영상·방송프로그램 제작/배급/상영,1099965199.0,8483510899.0,2023.0,1113493946.0,6686099596.0,2021.0,0,0.0,0.03238173912506247,0.010023470935385354,,0.40601179269510085,-0.6359719430268663,-0.1322212698715548,0.5205581651727301,23.632455128814744,1,-0.5021067773688759,-0.6840502170443163,-0.25672574033672535,-0.10908595158500978,0.24692631193380682,-0.4796748020036326,2025.0,0.0,133282928.0,0.0,,,,,0.0
01267222,(주)에피소드컴퍼니,2025,CFS,28151686504.0,6889406510.0,21262279994.0,133282928.0,,319814151.0,5683497607.0,-3555910328.0,-6321233881.0,-9013423143.0,성공,확정,False,0.0,204240000.0,CFS,False,0.0047344562458473,0.0655110465732686,True,사용가능,영상·방송프로그램 제작/배급/상영,183849728.0,5677574243.0,2024.0,1005272802.0,10088032993.0,2022.0,0,0.0,0.023450863749083655,0.0047344562458473734,,1.288041430838961,-0.6256552872689544,0.09563154454769429,0.32402011975875217,24.060873101069646,0,-0.2760874839466218,-0.4308062296322814,-0.20219474010035976,-0.09339804112144705,1.1553558254026373,-0.5082568029978918,,,,,,,,,
01276327,(주)위지윅스튜디오,2022,CFS,386550617429.0,140948468189.0,245602149240.0,57841641461.0,,9554734636.0,186344639061.0,-24913262401.0,-27191529964.0,-24084233396.0,성공,확정,False,166666000.0,6440248000.0,CFS,False,0.1496353617172118,0.1252693169437111,True,사용가능,영상·방송프로그램 제작/배급/상영,,,,,,,0,,0.3104014247604167,0.14963536171721187,,,-0.1336945485877092,-0.008038524394727516,0.5738893923573386,26.680528659992696,0,,,0.12405305442547176,0.09868733143846227,,-0.06172729661968361,2023.0,0.0,40581996058.0,0.0,2024.0,2474083000.0,36451154087.0,1.0,1.0
01276327,(주)위지윅스튜디오,2023,CFS,337160026663.0,103250999242.0,233909027421.0,40581996058.0,,7145667881.0,147335163984.0,-20281322515.0,46673309727.0,-2070996508.0,성공,확정,False,0.0,6343047000.0,CFS,False,0.1203641975582198,0.1252693169437111,True,사용가능,영상·방송프로그램 제작/배급/상영,57841641461.0,186344639061.0,2022.0,,,,0,,0.27543998975293527,0.12036419755821984,,0.12889275706306869,-0.13765432478293144,0.14457320672750204,0.4414151962427863,26.543823511156837,0,-0.08905433230860771,,0.07089814709815254,0.034481072764375925,-0.00041243355964129536,-0.05384568113037075,2024.0,2474083000.0,36451154087.0,1.0,2025.0,9451567000.0,27176089663.0,1.0,1.0
01276327,(주)위지윅스튜디오,2024,CFS,293502455885.0,119907609891.0,173594845994.0,36451154087.0,,14576764459.0,80432665935.0,-11816014440.0,-60298960409.0,-7591004494.0,성공,확정,False,2474083000.0,4499270000.0,CFS,False,0.1241936936339717,0.1252693169437111,True,사용가능,영상·방송프로그램 제작/배급/상영,40581996058.0,147335163984.0,2023.0,,,,0,,0.45318843610700715,0.12419369363397176,,0.11681386497971315,-0.14690566702773308,-0.17958267420989488,0.6907325456836685,26.405151843760475,1,0.35229369658479337,,0.16408095664521932,0.005084271113576622,-0.04227161578158088,0.009391473995500638,2025.0,9451567000.0,27176089663.0,1.0,,,,,1.0
01276327,(주)위지윅스튜디오,2025,CFS,242562329443.0,110331848085.0,132230481358.0,27176089663.0,,8174646028.0,101995172098.0,-9556606628.0,-41781737653.0,-9287958765.0,성공,확정,False,9451567000.0,3699835000.0,CFS,False,0.1120375522671014,0.1252693169437111,True,사용가능,영상·방송프로그램 제작/배급/상영,36451154087.0,80432665935.0,2024.0,57841641461.0,186344639061.0,2022.0,0,0.0,0.2664448630655616,0.11203755226710148,,0.11629719541324623,-0.09369665672820011,-0.13396053279425546,0.8343904291347789,26.21452454292868,1,-0.522533328439952,-0.07751088941564743,0.04079925921611818,0.013905054899807062,-0.016388410023077504,0.023701827542862444,,,,,,,,,
01303029,주식회사 알비더블유,2021,CFS,101747835431.0,46295607232.0,55452228199.0,23417579406.0,,999237467.0,59620243030.0,9577730579.0,7644786835.0,-6730802913.0,성공,확정,False,0.0,1792144000.0,,False,0.2301530966904997,0.2235273677299566,True,사용가능,오디오물·음반,,,,,,,0,,0.3927789994786943,0.23015309669049977,,,0.16064561451352408,0.14128644297056092,0.8348737054507555,25.34576338763743,0,,,0.1863633528483001,0.12002382277923969,,0.01847164715459887,2022.0,0.0,32373023548.0,0.0,2023.0,530780000.0,42989671043.0,0.0,0.0
01303029,주식회사 알비더블유,2022,CFS,144828008654.0,56090682891.0,88737325763.0,32373023548.0,,1536419397.0,63086449910.0,2815259566.0,1114161495.0,11182839985.0,성공,확정,False,0.0,3109270000.0,CFS,False,0.2235273677299566,0.2235273677299566,True,사용가능,오디오물·음반,23417579406.0,59620243030.0,2021.0,,,,0,,0.5131533569282121,0.22352736772995663,2.8948839106544724,0.11146214005120644,0.04462542384325458,-0.06952162488165174,0.6320979633847341,25.69881272812381,0,0.3242859024849391,,0.34259359889007207,0.12434440295977284,0.0,-0.06234553795101116,2023.0,530780000.0,42989671043.0,0.0,2024.0,5829728000.0,32382472891.0,1.0,1.0
01303029,주식회사 알비더블유,2023,CFS,182020249457.0,96166871900.0,85853377557.0,42989671043.0,,2383141669.0,91434324727.0,-2247765168.0,-5537504670.0,-1798293968.0,성공,확정,False,530780000.0,3373277000.0,CFS,False,0.2361807061096011,0.2235273677299566,True,사용가능,오디오물·음반,32373023548.0,63086449910.0,2022.0,,,,0,,0.4701699407892648,0.23618070610960112,,0.0895211355779427,-0.024583384573695535,-0.0205428281367307,1.1201291624916287,25.927383778586936,0,-0.12140230347335224,,0.2580499810064569,0.10388640529473481,-0.12891737710530224,-0.14264247273422373,2024.0,5829728000.0,32382472891.0,1.0,2025.0,3388003000.0,39044620671.0,1.0,1.0
01303029,주식회사 알비더블유,2024,CFS,164140277468.0,94044015202.0,70096262266.0,32382472891.0,,1998746770.0,62519905445.0,-12208367924.0,-11494490662.0,21448125109.0,성공,확정,False,5829728000.0,2846945000.0,CFS,False,0.1972853548838013,0.2235273677299566,True,사용가능,오디오물·음반,42989671043.0,91434324727.0,2023.0,23417579406.0,59620243030.0,2021.0,0,0.0,0.5179546043857585,0.19728535488380133,1.509804364084568,0.07554369164536283,-0.1952716952641578,-0.20069794129245538,1.3416409400707203,25.823987249581542,1,0.06949326611003151,0.334191969508393,0.38220357558020535,0.10352182712432859,-0.12702943410262957,-0.27401972303303834,2025.0,3388003000.0,39044620671.0,1.0,,,,,1.0
01303029,주식회사 알비더블유,2025,CFS,181624822255.0,114089652583.0,67535169672.0,39044620671.0,,2414446420.0,46476881443.0,169191031.0,-3822576836.0,252266757.0,성공,확정,False,3388003000.0,3115036000.0,CFS,False,0.2149740337594473,0.2235273677299566,True,사용가능,오디오물·음반,32382472891.0,62519905445.0,2024.0,32373023548.0,63086449910.0,2022.0,0,0.0,0.8400869305072663,0.21497403375944737,154.77513222639953,0.08722281265150716,0.0036403266688084185,-0.022435499412513934,1.689336876431976,25.925208980199077,1,0.4623397966085596,0.4693677412133091,0.5313170876890143,0.06818573644197787,-0.1915366571249445,-0.07106788243699111,,,,,,,,,
01335578,(주)애니플러스,2020,CFS,29132885269.0,12392800509.0,16740084760.0,9343689017.0,,312891091.0,15885920927.0,-1032501836.0,-4031987365.0,4117010483.0,성공,확정,False,0.0,4720425000.0,OFS,True,0.320726523676751,0.5097925541371531,True,사용가능,영상·방송프로그램 제작/배급/상영,,,,,,,1,,0.5881742116139642,0.32072652367675103,2.2695324812948745,,-0.064994773720996,-0.27971818694769873,0.7403069152082358,24.09513345103891,0,,,0.42136108178628606,0.2707051266090081,,0.0,2021.0,0.0,14530795596.0,0.0,2022.0,258000000.0,70355491909.0,0.0,0.0
01335578,(주)애니플러스,2021,CFS,101344429359.0,55126325349.0,46218104010.0,14530795596.0,,2410186284.0,49036805412.0,13009415839.0,21299407030.0,16198929982.0,성공,확정,False,0.0,5085637000.0,CFS,False,0.1433803089909014,0.5097925541371531,True,사용가능,영상·방송프로그램 제작/배급/상영,9343689017.0,15885920927.0,2020.0,,,,1,,0.2963242705945952,0.1433803089909014,0.8970219398532122,0.4260311443314506,0.26529900815717516,0.05032814413441706,1.1927431150588212,25.341790743943097,0,-1.5316636439025517,,0.1297856287433499,0.09149171881312024,0.22082241828207078,0.3530198841310954,2022.0,258000000.0,70355491909.0,0.0,2023.0,0.0,126894960073.0,0.0,0.0
01335578,(주)애니플러스,2022,CFS,141531814054.0,61008563067.0,80523250987.0,70355491909.0,,4797858558.0,58131424584.0,9626892101.0,5446041060.0,21205872687.0,성공,확정,False,258000000.0,7301780000.0,CFS,False,0.497100191778483,0.5097925541371531,True,사용가능,영상·방송프로그램 제작/배급/상영,14530795596.0,49036805412.0,2021.0,,,,1,,1.2102832919110076,0.497100191778483,3.317736220878595,0.17203673796123803,0.16560564565365374,-0.11135186623826498,0.7576515145526038,25.675790363062145,0,3.656354503751116,,1.0239349215760627,0.4461521614997334,0.0019496269914431874,0.23757289762167932,2023.0,0.0,126894960073.0,0.0,2024.0,1516159000.0,138023911205.0,0.0,0.0
01335578,(주)애니플러스,2023,CFS,199639542919.0,98515906429.0,101123636490.0,126894960073.0,,3189694397.0,111346904329.0,22862982635.0,10393572993.0,33735883028.0,성공,확정,False,0.0,12793430000.0,CFS,False,0.6356203696803957,0.5097925541371531,True,사용가능,영상·방송프로그램 제작/배급/상영,70355491909.0,58131424584.0,2022.0,9343689017.0,15885920927.0,2020.0,1,1.0,1.1396361743300891,0.6356203696803957,3.7614239997121204,0.12971762418235128,0.205331102582305,-0.11692227748923821,0.9742124576259886,26.019779292019052,0,-0.11180844066269513,6.571663749929675,0.9350943316753064,0.5497372448865518,0.00041243355964129536,0.2891397462348657,2024.0,1516159000.0,138023911205.0,0.0,2025.0,1125679000.0,141773730256.0,0.0,0.0
01335578,(주)애니플러스,2024,CFS,255587888312.0,131747055312.0,123840833000.0,138023911205.0,,2461473376.0,130975963475.0,25139081598.0,18029079938.0,44565683980.0,성공,확정,False,1516159000.0,21072373000.0,CFS,False,0.540025241871055,0.5097925541371531,True,사용가능,영상·방송프로그램 제작/배급/상영,126894960073.0,111346904329.0,2023.0,14530795596.0,49036805412.0,2021.0,1,1.0,1.0538110012173743,0.540025241871055,3.0970894840734813,0.15908548076129403,0.19193660371735624,-0.10382574940173364,1.0638418050046548,26.266832173006257,0,-0.08858535226599824,6.827744131928829,0.7647035217555864,0.4209158193506599,0.0,0.34823374474059,2025.0,1125679000.0,141773730256.0,0.0,,,,,0.0
01335578,(주)애니플러스,2025,CFS,271345115964.0,143193477369.0,128151638595.0,141773730256.0,,3781092780.0,150299705151.0,22683638558.0,14044673132.0,85644590005.0,성공,확정,False,1125679000.0,25251863000.0,CFS,False,0.5224849164958232,0.5097925541371531,True,사용가능,영상·방송프로그램 제작/배급/상영,138023911205.0,130975963475.0,2024.0,70355491909.0,58131424584.0,2022.0,1,1.0,0.9432735088439841,0.5224849164958232,1.655372864155496,0.18050089963692398,0.1509227082994652,-0.2638702989682679,1.1173753136433706,26.326657338266752,0,-0.12036865472661391,-0.5704102207019384,0.7176279049945407,0.4243524191285288,0.04781529420060024,0.2683211925705278,,,,,,,,,
01364297,(주)코퍼스코리아,2020,CFS,50351393445.0,12210217409.0,38141176036.0,16184745349.0,,686851263.0,21653561984.0,5350053659.0,2120741942.0,9807507440.0,성공,확정,False,894435304.0,4275000064.0,,False,0.3214358976316906,0.351857185404449,True,사용가능,영상·방송프로그램 제작/배급/상영,,,,,,,0,,0.7474403223339904,0.32143589763169067,1.6502404355045792,,0.24707499223237267,-0.15266241849684722,0.3201321689052074,24.642292130901815,1,,,0.5806271925063122,0.2714145005639477,,0.31206976595336866,2021.0,1636268742.0,23946300892.0,1.0,2022.0,990000000.0,43361249314.0,0.0,1.0
01364297,(주)코퍼스코리아,2021,CFS,108707590562.0,59870741349.0,48836849213.0,23946300892.0,,742703352.0,33859196914.0,10292152960.0,8092226091.0,5945229921.0,성공,확정,False,1636268742.0,4983259632.0,CFS,False,0.2202817739607845,0.351857185404449,True,사용가능,영상·방송프로그램 제작/배급/상영,16184745349.0,21653561984.0,2020.0,,,,0,,0.7072318033065561,0.22028177396078455,4.027817462099462,0.24834935037944952,0.30396919886024915,0.019750195537408106,1.2259337429381678,25.411927459012734,1,-0.08411798480686822,,0.5406931614553108,0.1683931837830034,0.04314062433006968,0.3916900748341694,2022.0,990000000.0,43361249314.0,0.0,2023.0,0.0,64182298394.0,0.0,0.0
01364297,(주)코퍼스코리아,2022,CFS,140299100400.0,92691796475.0,47607303925.0,43361249314.0,,18981354759.0,29268713289.0,9124945624.0,-1431942513.0,17100943254.0,성공,확정,False,990000000.0,7910329300.0,CFS,False,0.3090629176550301,0.351857185404449,True,사용가능,영상·방송프로그램 제작/배급/상영,23946300892.0,33859196914.0,2021.0,,,,0,,1.4814880615300696,0.3090629176550301,2.535605707238259,0.23505028115834914,0.3117644952102971,-0.1320955424101921,1.9470078923399148,25.667042412059928,0,0.9463459319401075,,1.2951396911951247,0.25811488737628047,0.0649631701885543,0.3837317471783227,2023.0,0.0,64182298394.0,0.0,2024.0,2223491780.0,34954447207.0,1.0,1.0
01364297,(주)코퍼스코리아,2023,CFS,136087723361.0,79171740609.0,56915982752.0,64182298394.0,,6523004075.0,44653729856.0,1698159467.0,3182189140.0,35373967693.0,성공,확정,False,0.0,23070218685.0,CFS,False,0.4716244552327734,0.351857185404449,True,사용가능,영상·방송프로그램 제작/배급/상영,43361249314.0,29268713289.0,2022.0,16184745349.0,21653561984.0,2020.0,0,0.0,1.4373334232319677,0.4716244552327734,1.81439353795477,0.4290395691174291,0.03802951002024354,-0.2365516723915268,1.3910282627285029,25.636565539456672,0,-0.045470767601159645,1.9034158086966657,1.232791580577185,0.3857413304389295,0.29973437849471907,0.12183815367280423,2024.0,2223491780.0,34954447207.0,1.0,2025.0,828547456.0,25586940682.0,0.0,1.0
01364297,(주)코퍼스코리아,2024,CFS,86670908071.0,54497575555.0,32173332516.0,34954447207.0,,0.0,41832380954.0,-29362271394.0,-25120238593.0,-576502562.0,성공,확정,False,2223491780.0,33714158007.0,CFS,False,0.4033008074447038,0.351857185404449,True,사용가능,영상·방송프로그램 제작/배급/상영,64182298394.0,44653729856.0,2023.0,23946300892.0,33859196914.0,2021.0,0,0.0,0.8355834979949346,0.40330080744470387,,0.6801546248590982,-0.701902945144039,-0.28318309542682996,1.6938741278323597,25.18538411737711,1,-0.3922052145441681,0.22422072672149182,0.5464760185331468,0.28419138492430873,0.5210691440978041,-0.5456058041208052,2025.0,828547456.0,25586940682.0,0.0,,,,,0.0
01364297,(주)코퍼스코리아,2025,CFS,66932726997.0,41494844518.0,25437882479.0,25586940682.0,,1956940471.0,32900432613.0,-7093848478.0,-13595975484.0,661443047.0,성공,확정,False,828547456.0,11899241388.0,CFS,False,0.3822784731772072,0.351857185404449,True,사용가능,영상·방송프로그램 제작/배급/상영,34954447207.0,41832380954.0,2024.0,43361249314.0,29268713289.0,2022.0,0,0.0,0.7777083354183553,0.38227847317720726,38.68351296162314,0.3930944368112849,-0.2156156595702938,-0.2130111706286677,1.6312224318299948,24.926953877245083,0,-0.05447426689488158,-0.5339942418554379,0.5520627315689118,0.28414597580991285,0.2604088313749612,-0.09821717529923124,,,,,,,,,
01406265,주식회사 와이랩,2023,CFS,46289785553.0,14166641778.0,32123143775.0,297875106.0,,66336905.0,19417877182.0,-5513759393.0,-6088783916.0,-1666146000.0,성공,확정,False,0.0,49652000.0,,False,0.0064350072578959,0.0064350072578959,True,사용가능,영상·방송프로그램 제작/배급/상영,,,,,,,0,,0.015340250801262896,0.006435007257895905,,,-0.28395273805270277,-0.09554241531182407,0.4410104402367137,24.558187159293613,0,,,-0.18920159185351984,-0.079448117535948,,-0.20014409440014208,2024.0,0.0,318723362.0,0.0,2025.0,0.0,480861770.0,0.0,0.0
01406265,주식회사 와이랩,2024,CFS,54063419425.0,14664899334.0,39398520091.0,318723362.0,,208581247.0,24966419682.0,-10038794764.0,-9501595225.0,-14617949788.0,성공,확정,False,0.0,60163000.0,CFS,False,0.0058953607705511,0.0064350072578959,True,사용가능,영상·방송프로그램 제작/배급/상영,297875106.0,19417877182.0,2023.0,,,,0,,0.012766082043785777,0.005895360770551187,,0.19514482478409273,-0.40209188549520597,0.09463616281426135,0.37221954784413275,24.7134236281991,0,-0.2157541071306114,,-0.27634139741800207,-0.11321406174984396,0.0360593440227987,-0.24579474447197225,2025.0,0.0,480861770.0,0.0,,,,,0.0
01406265,주식회사 와이랩,2025,CFS,40799773038.0,9807071946.0,30992701092.0,480861770.0,,296697603.0,37069228892.0,-8738323305.0,-8629634182.0,-11496412566.0,성공,확정,False,0.0,99284000.0,CFS,False,0.0117858932585761,0.0064350072578959,True,사용가능,영상·방송프로그램 제작/배급/상영,318723362.0,24966419682.0,2024.0,,,,0,,0.012971992792215215,0.011785893258576121,,0.24833878476869928,-0.23572983755499263,0.07026456694575106,0.3164316629547159,24.431942355546937,0,0.023948519546721836,,-0.21267361105722818,-0.08634660410871829,0.11565317933237554,-0.11833135328393007,,,,,,,,,
01467451,(주)케이티밀리의서재,2023,OFS,78732177143.0,21010083742.0,57722093401.0,1173954080.0,,180899079.0,56572748963.0,10406126329.0,14537918835.0,9586004706.0,성공,확정,False,0.0,127907000.0,,False,0.0149107280225182,0.0375299637505732,True,사용가능,출판(웹툰·웹소설 IP / 교육출판 혼재),,,,,,,0,,0.02075122919637148,0.014910728022518237,0.12246541870203835,,0.1839423842706648,0.06289568393372277,0.36398686367871774,25.089317767043816,0,,,-0.13330833769109282,-0.05441002631750237,,0.19207516732676705,2024.0,384500000.0,3310184135.0,1.0,2025.0,1525356000.0,4862760044.0,1.0,1.0
01467451,(주)케이티밀리의서재,2024,OFS,88201101312.0,17766820329.0,70434280983.0,3310184135.0,,260726208.0,72598807189.0,11001459438.0,11502934354.0,14012589199.0,성공,확정,False,384500000.0,881368000.0,OFS,False,0.0375299637505732,0.0375299637505732,True,사용가능,출판(웹툰·웹소설 IP / 교육출판 혼재),1173954080.0,56572748963.0,2023.0,,,,0,,0.04559557192699375,0.03752996375057326,0.23622929980964755,0.39310474286975117,0.15153774371746034,-0.028453781275614917,0.2522467764424002,25.202885286411814,1,1.5364056212810977,,-0.14139408030410477,-0.04357121070354394,0.15863002708529805,0.17472358460399173,2025.0,1525356000.0,4862760044.0,1.0,,,,,1.0
01467451,(주)케이티밀리의서재,2025,OFS,110102759082.0,23163106818.0,86939652264.0,4862760044.0,,74005903.0,88189777012.0,14370840675.0,15762338474.0,12772373694.0,성공,확정,False,1525356000.0,2726851000.0,OFS,False,0.0441656511112352,0.0375299637505732,True,사용가능,출판(웹툰·웹소설 IP / 교육출판 혼재),3310184135.0,72598807189.0,2024.0,,,,0,,0.055139724906417706,0.04416565111123525,0.3807248488418679,0.6672873178325424,0.16295358897488263,0.027156129464232567,0.2664274150495008,25.424679940143072,1,0.2542748948991065,,-0.12167012720757382,-0.02656641737557571,0.4867864181956184,0.15478863929905418,,,,,,,,,
01508855,(주)블리츠웨이엔터테인먼트,2021,OFS,20557689115.0,4254460295.0,16303228820.0,190654320.0,,1143558732.0,15850396278.0,3062840559.0,-11035681507.0,4435974664.0,성공,확정,False,0.0,366248000.0,,False,0.0092741124225333,0.1929251118001091,True,사용가능,창작·예술 서비스,,,,,,,0,,0.012028362992073832,0.009274112422533344,0.04297912734877604,,0.19323432078800168,-0.752597049427654,0.2609581416032656,23.746500874085996,0,,,-0.22336843865026385,-0.06011879015718405,,0.2365403563989655,2022.0,0.0,9630099756.0,0.0,2023.0,0.0,8283932948.0,0.0,0.0
01508855,(주)블리츠웨이엔터테인먼트,2022,CFS,49916258522.0,11645965720.0,38270292802.0,9630099756.0,,2654600141.0,19148249408.0,-3643136406.0,-3505245600.0,-3368706883.0,성공,확정,False,0.0,1013570000.0,OFS,True,0.1929251118001091,0.1929251118001091,True,사용가능,창작·예술 서비스,190654320.0,15850396278.0,2021.0,,,,1,,0.5029232464444825,0.19292511180010913,,,-0.19025950249415094,-0.0027353555944066234,0.3043082471370949,24.633612608719563,0,,,0.4041086197386951,0.13232797076764502,,0.0,2023.0,0.0,8283932948.0,0.0,2024.0,620387000.0,18044597194.0,0.0,0.0
01508855,(주)블리츠웨이엔터테인먼트,2023,CFS,43598752431.0,15502537947.0,28096214484.0,8283932948.0,,913144345.0,8939744033.0,-8087740075.0,-10041181452.0,-6397418198.0,성공,확정,False,0.0,1828117000.0,CFS,False,0.1900038988755531,0.1929251118001091,True,사용가능,창작·예술 서비스,9630099756.0,19148249408.0,2022.0,,,,1,,0.9266409549782241,0.19000389887555313,,0.20409887937647922,-0.9046948151026551,-0.0835749431079862,0.5517660735337943,24.49829437292412,0,0.3933425356451675,,0.7723753268025112,0.1460096385695187,-0.007169816653382871,-0.08932205414540006,2024.0,620387000.0,18044597194.0,0.0,,,,,0.0
01508855,(주)블리츠웨이엔터테인먼트,2024,CFS,53512255891.0,22019109341.0,31493146550.0,18044597194.0,,1268932535.0,36265077360.0,-6620604948.0,-8028412938.0,-953422777.0,성공,확정,False,620387000.0,3120482000.0,CFS,False,0.3372049429341072,0.1929251118001091,True,사용가능,창작·예술 서비스,8283932948.0,8939744033.0,2023.0,190654320.0,15850396278.0,2021.0,1,0.0,0.49757503658059204,0.33720494293410724,,0.23704186927033352,-0.18256144560999774,-0.13221251922944838,0.6991714627829082,24.703176546687846,0,-1.8783479804705887,,0.3105853843494935,0.30581379695627114,0.002567153485880408,-0.15937560472346635,,,,,,,,,
01513699,주식회사 포바이포,2022,CFS,66168527395.0,7993301645.0,58175225750.0,3411101173.0,,80963337.0,16194298353.0,-10498782236.0,-8775800027.0,121118521.0,성공,확정,False,0.0,278685000.0,,False,0.0515517166135052,0.229264022386794,True,사용가능,영상·방송프로그램 제작/배급/상영,,,,,,,0,,0.21063593486086984,0.05155171661350527,28.163332451855155,,-0.6483011494014557,-0.13445846383869037,0.13740044051311653,24.915470769848927,0,,,0.0242875645259249,0.0006036863347556737,,-0.5763338974334301,2023.0,0.0,18099190533.0,0.0,2024.0,962530000.0,16388470667.0,1.0,1.0
01513699,주식회사 포바이포,2023,CFS,67013711064.0,24777618753.0,42236092311.0,18099190533.0,,1016358053.0,33751399462.0,-16258350170.0,-20571978089.0,-10210779553.0,성공,확정,False,0.0,1208540000.0,CFS,False,0.27008190183222,0.229264022386794,True,사용가능,영상·방송프로그램 제작/배급/상영,3411101173.0,16194298353.0,2022.0,,,,0,,0.5362500761895074,0.27008190183222,,0.11236853656084025,-0.4817089196050949,-0.15461311381643617,0.5866456245656727,24.928163078147175,0,3.2218138357923665,,0.3317082335347247,0.18419877703837606,-0.016936654061869727,-0.3979002759525342,2024.0,962530000.0,16388470667.0,1.0,2025.0,1090170000.0,14280514395.0,1.0,1.0
01513699,주식회사 포바이포,2024,CFS,59001944111.0,28490873991.0,30511070120.0,16388470667.0,,42496159.0,33275914511.0,-13890623243.0,-12295790748.0,-2629806839.0,성공,확정,False,962530000.0,1187023000.0,CFS,False,0.2777615367413736,0.229264022386794,True,사용가능,영상·방송프로그램 제작/배급/상영,18099190533.0,33751399462.0,2023.0,,,,0,,0.49250248739467317,0.2777615367413736,,0.06883754703551774,-0.41743776082872747,-0.1638248375479873,0.9337880932705876,24.800836231343155,1,-0.08043127797041827,,0.20339500793288534,0.15865211422097847,-0.09024793372577629,-0.26114061980549375,2025.0,1090170000.0,14280514395.0,1.0,,,,,1.0
01513699,주식회사 포바이포,2025,CFS,75780348550.0,35592702967.0,40187645583.0,14280514395.0,,39073291.0,33710336199.0,-7396321550.0,-10958570907.0,-2622964972.0,성공,확정,False,1090170000.0,997836000.0,CFS,False,0.1884461429413681,0.229264022386794,True,사용가능,영상·방송프로그램 제작/배급/상영,16388470667.0,33275914511.0,2024.0,3411101173.0,16194298353.0,2022.0,0,0.0,0.4236242056649564,0.18844614294136813,,0.06507134148605104,-0.21940812178015026,-0.10999693316929195,0.8856628063341005,25.051104842024838,1,-0.14167948194175406,2.1048646320082085,0.197978601815513,0.09031364557407372,-0.0676142639502727,-0.1020096375090877,,,,,,,,,
01584934,(주)핑거스토리,2022,OFS,18980723387.0,4671057279.0,14309666108.0,665193352.0,,,17409149957.0,986841680.0,-3606105255.0,1177183134.0,성공,확정,False,492526000.0,289300000.0,,False,0.0350457323694835,0.0274219463688465,True,사용가능,기타 정보서비스,,,,,,,0,,0.038209410203427774,0.035045732369483586,0.5650721054248472,,0.0566852306078967,-0.2520076970446817,0.3264267135058159,23.66668974252098,1,,,-0.11977104958860052,-0.016933503474149632,,0.051807128626072,2023.0,535390000.0,389789554.0,1.0,2024.0,126398000.0,722793701.0,1.0,1.0
01584934,(주)핑거스토리,2023,OFS,33501433198.0,9633455073.0,23867978125.0,389789554.0,,,18424903125.0,1382110446.0,1729625547.0,2458684580.0,성공,확정,False,535390000.0,244312000.0,OFS,False,0.0116350113052258,0.0274219463688465,True,사용가능,기타 정보서비스,665193352.0,17409149957.0,2022.0,,,,0,,0.0211555822766368,0.011635011305225892,0.15853581104738534,0.4631582153806007,0.07501317302041445,-0.021762025185344133,0.40361420739319537,24.234854056892157,1,-0.4723666081701058,,-0.1329039846108275,-0.05768574303479471,0.2518895193507386,0.08314595607651669,2024.0,126398000.0,722793701.0,1.0,2025.0,35556000.0,2783658832.0,0.0,1.0
01584934,(주)핑거스토리,2024,OFS,36508124369.0,10613878068.0,25894246301.0,722793701.0,,,18350259518.0,1506729855.0,1677827202.0,2366469676.0,성공,확정,False,126398000.0,134762000.0,OFS,False,0.0197981603682095,0.0274219463688465,True,사용가능,기타 정보서비스,389789554.0,18424903125.0,2023.0,,,,0,,0.039388745444771646,0.01979816036820952,0.30543121187241445,0.24225063498731159,0.08210945755410325,-0.018862718529159616,0.4098933000258867,24.320800658218445,1,0.8583690161417549,,-0.1476009067863269,-0.06130301408590768,0.007775919202858472,0.10529529844063462,2025.0,35556000.0,2783658832.0,0.0,,,,,0.0
01584934,(주)핑거스토리,2025,CFS,50990299258.0,19861294695.0,31129004563.0,2783658832.0,,923140250.0,17299515760.0,847055617.0,3511556888.0,1662474857.0,성공,확정,False,35556000.0,86692000.0,OFS,True,0.0545919296906904,0.0274219463688465,True,사용가능,기타 정보서비스,722793701.0,18350259518.0,2024.0,665193352.0,17409149957.0,2022.0,1,0.0,0.16090963877939204,0.05459192969069042,1.6744065754012183,,0.04896412297034145,0.03626340809737242,0.6380317961920047,24.65490124095095,0,,,-0.015900213334599483,-0.016140138796120543,,0.040799173294513005,,,,,,,,,
01703849,(주)노머스,2024,CFS,98797027442.0,12655451457.0,86141575985.0,2110970912.0,,2559451493.0,68912539631.0,8181458723.0,9881745517.0,-32212663169.0,성공,확정,False,0.0,94822000.0,,False,0.0213667452013095,0.0195491272457412,True,사용가능,창작·예술 서비스,,,,,,,0,,0.030632609439492912,0.021366745201309535,,,0.11872235106714318,0.42606958707044135,0.1469145567896705,25.31633335462819,0,,,-0.15635704279160562,-0.010024400776526558,,0.14190819195367457,2025.0,0.0,2046205914.0,0.0,,,,,0.0
01703849,(주)노머스,2025,CFS,115399421477.0,11700652400.0,103698769077.0,2046205914.0,,1559160013.0,75725779285.0,12339888114.0,14847399441.0,762782738.0,성공,확정,False,0.0,131586000.0,CFS,False,0.0177315092901728,0.0195491272457412,True,사용가능,창작·예술 서비스,2110970912.0,68912539631.0,2024.0,,,,0,,0.027021259250419084,0.017731509290172868,2.6825540380804997,0.06330546209967736,0.16295491747345178,0.12205101657123275,0.11283308860987397,25.47166517781027,0,-0.12954811730662436,,-0.14978859286357243,-0.0530005591966381,-0.11719543753724662,0.15478996779762333,,,,,,,,,
01704680,(주)엠83,2024,CFS,75374333554.0,24512099821.0,50862233733.0,10119957891.0,,1025468931.0,58163355345.0,1454115192.0,2819860069.0,-548092870.0,성공,확정,False,0.0,31605000.0,,False,0.1342626516724001,0.119537691833758,True,사용가능,영상·방송프로그램 제작/배급/상영,,,,,,,0,,0.1739919891308327,0.1342626516724001,,,0.025000538283508823,0.0446830211319496,0.48193124882551647,25.045732650216696,0,,,-0.11511549033095514,0.015153229152004954,,0.18129767930674254,2025.0,267819000.0,9806631151.0,0.0,,,,,0.0
01704680,(주)엠83,2025,CFS,93563357851.0,49752879265.0,43810478586.0,9806631151.0,,7765106894.0,132396372517.0,-8966649833.0,-8856110682.0,-6719921033.0,성공,확정,False,267819000.0,91656000.0,CFS,False,0.104812731995116,0.119537691833758,True,사용가능,영상·방송프로그램 제작/배급/상영,10119957891.0,58163355345.0,2024.0,,,,0,,0.07407024047989537,0.10481273199511605,,0.00919936671618141,-0.06772579688200038,-0.022831476959194755,1.1356387985430259,25.26190466783239,0,-1.3072462553134492,,-0.15157536336954802,0.006680234627821635,-0.12348623872014233,0.04967268738906218,,,,,,,,,
