corp_code,기업명,사업연도,재무제표,자산총계,부채총계,자본총계,무형자산,영업권,재고자산,매출액,영업이익,당기순이익,영업활동현금흐름,대사,신뢰도,합산표시,손상액,상각액,직전재무제표,기준전환,무형비중,무형비중_중앙값,적용대상,상태,전기무형,전기매출,전기영업이익,전기자산,전기연도,무형증가율,매출성장률,증가괴리,유효상각률,유효상각률변화,무형_매출배수,발생액괴리,영업이익률,영업이익률변화,부채비율,당기손상비율,당기손상여부,자산로그,차기연도,차기손상액,차기무형,차기자산,y_main,y_alt
00130772,(주)SBS,2015,CFS,934369945679.0,366142256239.0,568227689440.0,8351232703.0,,2335886175.0,792884228900.0,42152487470.0,34884042815.0,30780850403.0,성공,확정,False,244686000.0,1045348000.0,,False,0.008937822477724514,0.0189631936390132,True,사용가능,,,,,,,,,,,0.010532726466997584,0.004391400248879194,0.05316348331014205,,0.6443583497309691,0.02929938713264472,0,27.563138284204076,2016.0,215633000.0,8447525617.0,894153403179.0,0.0,0.0
00130772,(주)SBS,2016,CFS,894153403179.0,353378690823.0,540774712356.0,8447525617.0,,2198363344.0,829073609370.0,-7653963504.0,-510037760.0,-921116467.0,성공,확정,False,215633000.0,1228045000.0,CFS,False,0.009447512682909172,0.0189631936390132,True,사용가능,8351232703.0,792884228900.0,42152487470.0,934369945679.0,2015.0,0.011530383288853734,0.04564270438347219,-0.03411232109461845,0.14620663939642892,,0.01018911411668156,0.0004597406949841988,-0.0092319468591168,-0.062395430169258845,0.6534674842383635,0.025526172961944628,0,27.519143189322534,2017.0,0.0,20708406810.0,1092031606290.0,0.0,0.0
00130772,(주)SBS,2017,CFS,1092031606290.0,529039328083.0,562992278207.0,20708406810.0,,2085761291.0,773225039668.0,18665882540.0,15885507426.0,81680256776.0,성공,확정,False,0.0,1371070000.0,CFS,False,0.018963193639013297,0.0189631936390132,True,사용가능,8447525617.0,829073609370.0,-7653963504.0,894153403179.0,2016.0,1.451416870323058,-0.06736261903745609,1.5187794893605142,0.09405084220392236,-0.052155797192506556,0.026781862650091595,-0.060249858127757835,0.024140297562032623,0.03337224442114942,0.9396919790229943,0.0,0,27.71906093632142,2018.0,0.0,21103952137.0,957646530721.0,0.0,0.0
00130772,(주)SBS,2018,CFS,957646530721.0,389164324106.0,568482206615.0,21103952137.0,,2606903246.0,914043241501.0,5085207350.0,5837906448.0,55145599160.0,성공,확정,False,0.0,1097395000.0,CFS,False,0.022037308610214565,0.0189631936390132,True,사용가능,20708406810.0,773225039668.0,18665882540.0,1092031606290.0,2017.0,0.019100712605713003,0.18211800524910984,-0.16301729264339684,0.05249141773565192,-0.04155942446827044,0.023088570845230534,-0.051488405304279505,0.005563420983945251,-0.018576876578087372,0.6845672908977403,0.0,0,27.587744580988158,2019.0,0.0,23860174168.0,1247762887743.0,0.0,0.0
00130772,(주)SBS,2019,CFS,1247762887743.0,600644858646.0,647118029097.0,23860174168.0,,2623520028.0,817664243542.0,12579354049.0,20934114760.0,-61044443944.0,성공,확정,False,0.0,1277130000.0,CFS,False,0.01912236243150265,0.0189631936390132,True,사용가능,21103952137.0,914043241501.0,5085207350.0,957646530721.0,2018.0,0.13060217409078176,-0.10544249285266943,0.2360446669434512,0.05680661918512507,0.004315201449473151,0.029180894672171637,0.06570043035362742,0.015384498158447174,0.009821077174501923,0.9281843985774133,0.0,0,27.852373374029003,2020.0,5980000000.0,19322407880.0,1170411148375.0,1.0,1.0
00130772,(주)SBS,2020,CFS,1170411148375.0,603439577993.0,566971570382.0,19322407880.0,,2374596080.0,860343114358.0,69052835346.0,-61928327847.0,66506840192.0,성공,확정,False,5980000000.0,1070202000.0,CFS,False,0.016509077093829164,0.0189631936390132,True,사용가능,23860174168.0,817664243542.0,12579354049.0,1247762887743.0,2019.0,-0.19018160789814398,0.05219608311489992,-0.2423776910130439,0.04956637372033044,-0.007240245464794633,0.022458955685858716,-0.10973508601427756,0.08026197245447612,0.06487747429602896,1.0643206988075777,0.3094852379236702,1,27.7883762118761,2021.0,0.0,20485977060.0,1462149708150.0,0.0,0.0
00130772,(주)SBS,2021,CFS,1462149708150.0,740552349472.0,721597358678.0,20485977060.0,,2080518339.0,1078975236959.0,184436850625.0,144824284917.0,140125098985.0,성공,확정,False,0.0,474314000.0,CFS,False,0.014010861504681414,0.0189631936390132,True,사용가능,19322407880.0,860343114358.0,69052835346.0,1170411148375.0,2020.0,0.060218642895142116,0.2541220112677328,-0.1939033683725907,0.023829853972468142,-0.025736519747862296,0.0189865127189925,0.0032138883630088012,0.17093705611337254,0.09067508365889641,1.026268098914229,0.0,0,28.01092887156906,2022.0,0.0,54327648183.0,1407888696660.0,0.0,0.0
00130772,(주)SBS,2022,CFS,1407888696660.0,534612151995.0,873276544665.0,54327648183.0,,2031585580.0,1173781580894.0,185603490383.0,156555165794.0,-55802200559.0,성공,확정,False,0.0,1377116000.0,CFS,False,0.0385880278120593,0.0189631936390132,True,사용가능,20485977060.0,1078975236959.0,184436850625.0,1462149708150.0,2021.0,1.6519432304294497,0.08786702482830247,1.5640762056011472,0.03681457743898999,0.012984723466521849,0.04628429093394177,0.15083391667024906,0.15812438481240845,-0.012812671300964085,0.6121911269242712,0.0,0,27.973112319872115,2023.0,7510742000.0,46232969870.0,1346398451632.0,1.0,1.0
00130772,(주)SBS,2023,CFS,1346398451632.0,465277013396.0,881121438236.0,46232969870.0,,2015784608.0,996763613264.0,58323294148.0,47215006482.0,63406889987.0,성공,확정,False,7510742000.0,3329298000.0,CFS,False,0.034338252405118244,0.0189631936390132,True,사용가능,54327648183.0,1173781580894.0,185603490383.0,1407888696660.0,2022.0,-0.14899739973527798,-0.15080997223961878,0.0018125725043408036,0.06621474816802159,0.029400170729031595,0.04638308346610448,-0.012026071097581442,0.05851266375687077,-0.09961172105553769,0.5280509509875073,0.16245424036394485,1,27.928454329816404,2024.0,1953174000.0,52529189498.0,1512366601922.0,0.0,0.0
00130772,(주)SBS,2024,CFS,1512366601922.0,605931982154.0,906434619768.0,52529189498.0,,2432126867.0,1046651436608.0,-19185289826.0,33778430764.0,8344628410.0,성공,확정,False,1953174000.0,3873601000.0,CFS,False,0.03473310600170816,0.0189631936390132,True,사용가능,46232969870.0,996763613264.0,58323294148.0,1346398451632.0,2023.0,0.136184624213067,0.05004980386536928,0.08613482034769773,0.07844301956919521,0.012228271401173621,0.050187854008242896,0.01681722032321879,-0.018330161460606127,-0.0768428252174769,0.6684784196670324,0.03718264109280356,0,28.044696825885453,2025.0,6946229000.0,35116031251.0,2044005089985.0,1.0,0.0
00130772,(주)SBS,2025,CFS,2044005089985.0,745808265992.0,1298196823993.0,35116031251.0,,1936994197.0,1008457955402.0,18151260224.0,7925077907.0,64847454550.0,성공,확정,False,6946229000.0,3942460000.0,CFS,False,0.017180011646281027,0.0189631936390132,True,사용가능,52529189498.0,1046651436608.0,-19185289826.0,1512366601922.0,2024.0,-0.33149489671191273,-0.03649111812216861,-0.29500377858974414,0.0899640611617715,0.01152104159257629,0.03482151245165373,-0.027848451514089784,0.017999025270978592,0.03632918673158472,0.5744955250298944,0.19780791714047105,1,28.34593227847483,,,,,,
00140131,(주)키다리스튜디오,2021,CFS,290122174756.0,67350906744.0,222771268012.0,16330742959.0,158146061930.0,345070630.0,119118155904.0,6921869365.0,3531860296.0,17275838074.0,성공,확정,False,1442423000.0,3099757000.0,CFS,False,0.05628919255391134,0.1077369373050455,True,사용가능,,,,,,,,,,,0.13709700956218054,-0.04737306891332601,0.05810927236464683,,0.3023321065819494,0.0883256201889498,1,26.393567963470332,2022.0,5228667000.0,18727281484.0,378769210908.0,1.0,1.0
00140131,(주)키다리스튜디오,2022,CFS,378769210908.0,104145178065.0,274624032843.0,18727281484.0,154096905833.0,619521612.0,169433774760.0,4262454699.0,-2539662103.0,9896437499.0,성공,확정,False,5228667000.0,13099365000.0,CFS,False,0.049442459800537235,0.1077369373050455,True,사용가능,16330742959.0,119118155904.0,6921869365.0,290122174756.0,2021.0,0.1467501222091827,0.4224009217918928,-0.2756507995827101,0.7472962443333305,,0.11052862105283831,-0.032832921060789784,0.025157054459995908,-0.03295221790465092,0.37922820150463243,0.2792005344965423,1,26.660192914352987,,,,,,
00145437,주식회사 아센디오,2016,OFS,95172252033.0,23569461768.0,71602790265.0,146705949.0,,733516048.0,5787956897.0,-6237983163.0,-9649131813.0,-2106691192.0,성공,확정,False,412500000.0,55580000.0,CFS,True,0.0015414781710653565,0.0122937481039312,True,사용가능,,,,,,,,,,,0.02534675907418044,-0.07925041658554781,-1.0777521799157241,,0.3291695991283308,2.8117469183202655,1,25.278954266016427,2017.0,15830000.0,5498123800.0,123959637139.0,0.0,0.0
00145437,주식회사 아센디오,2017,CFS,123959637139.0,72537174407.0,51422462732.0,5498123800.0,,397214182.0,35867441449.0,-4326097984.0,-39000491815.0,-1834705768.0,성공,확정,False,15830000.0,36625000.0,OFS,True,0.04435414564689935,0.0122937481039312,True,사용가능,146705949.0,5787956897.0,-6237983163.0,95172252033.0,2016.0,,,,,,0.15329010316550723,-0.2998216750612523,-0.120613509334121,,1.4106126107775931,0.0028791639795378928,0,25.543221842619015,2018.0,6506445000.0,6245518444.0,124156576182.0,1.0,1.0
00145437,주식회사 아센디오,2018,CFS,124156576182.0,71917618234.0,52238957948.0,6245518444.0,,7312245481.0,18081554760.0,-13150653809.0,-27086260814.0,-3357320452.0,성공,확정,False,6506445000.0,370498000.0,CFS,False,0.05030356535319362,0.0122937481039312,True,사용가능,5498123800.0,35867441449.0,-4326097984.0,123959637139.0,2017.0,0.13593630685434913,-0.4958783222463692,0.6318146291007183,0.0630976305820782,,0.34540826421720827,-0.1911210915418283,-0.7272966281689374,-0.6066831188348164,1.3767046866744288,1.041778205979148,1,25.54480931714736,2019.0,5488703000.0,489805763.0,56809693044.0,1.0,1.0
00145437,주식회사 아센디오,2019,CFS,56809693044.0,66303525466.0,-9493832422.0,489805763.0,,99940732.0,31358063663.0,-10832068853.0,-64545339905.0,-8791239557.0,성공,확정,False,5488703000.0,338456000.0,CFS,False,0.008621869557025026,0.0122937481039312,True,사용가능,6245518444.0,18081554760.0,-13150653809.0,124156576182.0,2018.0,-0.9215748432429095,0.7342570414558753,-1.655831884698785,0.10050176935751476,0.03740413877543655,0.01561977066772562,-0.9814187924729249,-0.3454316876644706,0.3818649405044668,-6.983852518015301,11.205876726280986,1,24.762972800297188,2020.0,0.0,1173348497.0,27365808144.0,0.0,0.0
00145437,주식회사 아센디오,2020,CFS,27365808144.0,7425770210.0,19940037934.0,1173348497.0,,292626626.0,21613135030.0,-4062292410.0,-5908709387.0,-6476194645.0,성공,확정,False,0.0,228208000.0,CFS,False,0.04287644241404428,0.0122937481039312,True,사용가능,489805763.0,31358063663.0,-10832068853.0,56809693044.0,2019.0,1.3955383656847664,-0.31076308593946234,1.7063014516242287,0.27442794151878613,0.17392617216127138,0.054288676555776835,0.02073701807064748,-0.1879547971343054,0.15747689053016517,0.3724050192170512,0.0,0,24.032560193136195,,,,,,
00146427,한주에이알티(주),2015,OFS,37521970606.0,12835956299.0,24686014307.0,938787500.0,545133702.0,930204758.0,65600443196.0,3662034851.0,2843897148.0,3009289031.0,성공,확정,False,345930000.0,11250000.0,,False,0.025019674735576973,0.1140251514068185,True,사용가능,,,,,,,,,,,0.01431068837744137,-0.004407867719334357,0.055823324852526196,,0.5199687620435438,0.3684859459675379,1,24.348192481187105,2016.0,738968000.0,542750000.0,40618251699.0,1.0,1.0
00146427,한주에이알티(주),2016,OFS,40618251699.0,14875338532.0,25742913167.0,542750000.0,,1088330981.0,73896030890.0,2583500454.0,2078886924.0,7024067113.0,성공,확정,False,738968000.0,14250000.0,OFS,False,0.013362219625355323,0.1140251514068185,True,사용가능,938787500.0,65600443196.0,3662034851.0,37521970606.0,2015.0,-0.42186064471459195,0.12645627513848604,-0.548316919853078,0.019236772609535702,,0.007344778785316977,-0.12174773610755255,0.03496128848714137,-0.020862036365384827,0.5778420816439993,1.3615255642561033,1,24.427483351773567,2017.0,746968000.0,1063500000.0,32967781626.0,1.0,1.0
00146427,한주에이알티(주),2017,OFS,32967781626.0,12060274918.0,20907506708.0,1063500000.0,,1776539010.0,42797946638.0,-3106233956.0,-4782792888.0,-6708378800.0,성공,확정,False,746968000.0,17250000.0,OFS,False,0.032258767425263214,0.1140251514068185,True,사용가능,542750000.0,73896030890.0,2583500454.0,40618251699.0,2016.0,0.9594656840165822,-0.4208356508117726,1.3803013348283548,0.021478599221789883,0.0022418266122541802,0.02484932300597164,0.05840811292202291,-0.07257904175341899,-0.10754033024056037,0.5768394618467483,0.7023676539727316,1,24.218796607143954,2018.0,747968000.0,1055500000.0,34868729200.0,1.0,1.0
00146427,한주에이알티(주),2018,OFS,34868729200.0,20986323268.0,13882405932.0,1055500000.0,,6630962333.0,28762212883.0,-4206325432.0,-11625465378.0,-7870809645.0,성공,확정,False,747968000.0,20250000.0,OFS,False,0.030270675881127324,0.1140251514068185,True,사용가능,1063500000.0,42797946638.0,-3106233956.0,32967781626.0,2017.0,-0.007522331922896097,-0.32795343836747926,0.32043110644458317,0.019112789051439358,-0.002365810170350525,0.03669745454891118,-0.10767974110739889,-0.14624484733183246,-0.07366580557841347,1.5117209056410699,0.7086385599242065,1,24.27485625303526,2024.0,3643670000.0,4251498352.0,37285619002.0,,
00146427,한주에이알티(주),2024,CFS,37285619002.0,16909126578.0,20376492424.0,4251498352.0,4712272710.0,17329838.0,14264269214.0,-6507549393.0,-10011720046.0,-2161857976.0,성공,확정,False,3643670000.0,466183000.0,CFS,False,0.11402515140681853,0.1140251514068185,True,사용가능,1055500000.0,28762212883.0,-4206325432.0,34868729200.0,2018.0,,,,,,0.29805230735741217,-0.21053323721349332,-0.456213304402094,,0.829834999378203,0.8570319681027128,1,24.34187353970861,,,,,,
00154426,(주)아이에이치큐,2015,CFS,255675961419.0,40636103741.0,215039857678.0,115209166741.0,,81672500.0,106178241906.0,7366385577.0,3821010058.0,34635244510.0,성공,확정,False,0.0,38421345000.0,,False,0.4506061739304307,0.1175830382965959,True,사용가능,,,,,,,,,,,1.0850543828272756,-0.120520655445984,0.06937754331552683,,0.18897010154205168,0.0,0,26.267176703948227,2016.0,1168689000.0,113268537687.0,256634714001.0,0.0,0.0
00154426,(주)아이에이치큐,2016,CFS,256634714001.0,35076218333.0,221558495668.0,113268537687.0,,101538098.0,109404922575.0,11222960068.0,4223112975.0,42181532624.0,성공,확정,False,1168689000.0,37697225000.0,CFS,False,0.4413609364108031,0.1175830382965959,True,사용가능,115209166741.0,106178241906.0,7366385577.0,255675961419.0,2015.0,-0.01684439796672342,0.030389283256889794,-0.04723368122361321,0.329986027252646,,1.0353148196723176,-0.14790835993002915,0.10258185650016215,0.03320431318463532,0.15831583540610808,0.01031786075696934,0,26.2709195644712,2017.0,4177038000.0,110401192385.0,255079897921.0,0.0,1.0
00154426,(주)아이에이치큐,2017,CFS,255079897921.0,27355057312.0,227724840609.0,110401192385.0,,427592852.0,126795065081.0,15347228811.0,2637301016.0,61792005429.0,성공,확정,False,4177038000.0,46202917000.0,CFS,False,0.43281024214300107,0.1175830382965959,True,사용가능,113268537687.0,109404922575.0,11222960068.0,256634714001.0,2016.0,-0.02531457861602719,0.15895210285513975,-0.18426668147116693,0.4131351791333332,0.08314915188068722,0.8707057511621042,-0.2319065708240193,0.12103963826349069,0.018457781763328546,0.12012329106848825,0.03783508048928941,0,26.264842658209147,2018.0,23275780000.0,97044562059.0,231274871519.0,1.0,1.0
00154426,(주)아이에이치큐,2018,CFS,231274871519.0,26694979344.0,204579892175.0,97044562059.0,,400524997.0,109447250511.0,9928069296.0,-9896706726.0,40524687497.0,성공,확정,False,23275780000.0,38294333000.0,CFS,False,0.41960703046386716,0.1175830382965959,True,사용가능,110401192385.0,126795065081.0,15347228811.0,255079897921.0,2017.0,-0.12098266366020463,-0.1368177425431957,0.01583507888299107,0.36919852230899775,-0.04393665682433545,0.8866788485403435,-0.21801501344194982,0.09071099776053469,-0.030328640502956,0.13048681891554037,0.23984630881067884,1,26.166872760070184,2019.0,60386607000.0,39773837867.0,165807958847.0,1.0,1.0
00154426,(주)아이에이치큐,2019,CFS,165807958847.0,28956887269.0,136851071578.0,39773837867.0,,350179997.0,99287415456.0,-7041132245.0,-66279161242.0,40622829480.0,성공,확정,False,60386607000.0,45259545000.0,CFS,False,0.23987894274545335,0.1175830382965959,True,사용가능,97044562059.0,109447250511.0,9928069296.0,231274871519.0,2018.0,-0.5901487211326816,-0.09282860014814977,-0.4973201209845318,0.6616002675733558,0.292401745264358,0.40059294205947066,-0.6447337719213121,-0.07091666363417762,-0.1616276613947123,0.21159415805155501,1.5182494382847131,1,25.834096081191532,2020.0,3127810000.0,17204733362.0,146319857109.0,1.0,1.0
00154426,(주)아이에이치큐,2020,CFS,146319857109.0,27655370330.0,118664486779.0,17204733362.0,,63450088.0,81049278892.0,-16226862450.0,-18248434484.0,39922694990.0,성공,확정,False,3127810000.0,41597850000.0,CFS,False,0.11758303829659598,0.1175830382965959,True,사용가능,39773837867.0,99287415456.0,-7041132245.0,165807958847.0,2019.0,-0.5674359256069021,-0.18369031442944925,-0.38374561117745287,1.4601226075963176,0.7985223400229619,0.21227497143960647,-0.39756141526755184,-0.20020983125121522,-0.1292931676170376,0.23305515475329353,0.1817993882374473,1,25.70906086446348,2021.0,6960762000.0,12628529706.0,238568445822.0,1.0,1.0
00154426,(주)아이에이치큐,2021,CFS,238568445822.0,120389630160.0,118178815662.0,12628529706.0,,308349064.0,60007423253.0,-11640188629.0,-10099947227.0,15808633145.0,성공,확정,False,6960762000.0,22938892000.0,CFS,False,0.05293461866881743,0.1175830382965959,True,사용가능,17204733362.0,81049278892.0,-16226862450.0,146319857109.0,2020.0,-0.26598515418480334,-0.2596180487557298,-0.0063671054290735385,1.5378064375804001,0.07768382998408252,0.21044945810714596,-0.10860019766122313,-0.19397914454555526,0.00623068670565996,1.0187073671843445,0.551193382131638,1,26.197922090681224,2022.0,260660000.0,11471168021.0,246320129412.0,0.0,0.0
00154426,(주)아이에이치큐,2022,CFS,246320129412.0,158843224641.0,87476904771.0,11471168021.0,,0.0,46794198791.0,-32175585561.0,-112100061572.0,5893956354.0,성공,확정,False,260660000.0,28774773000.0,CFS,False,0.046570160743189176,0.1175830382965959,True,사용가능,12628529706.0,60007423253.0,-11640188629.0,238568445822.0,2021.0,-0.09164659005791628,-0.22019316520709661,0.12854657514918033,2.3879779178941565,0.8501714803137563,0.24514081483122363,-0.4790271026881479,-0.6875977448552528,-0.49361860030969756,1.8158304189754446,0.02272305658175487,0,26.229897865944135,2024.0,0.0,9209677707.0,140860365620.0,,
00154426,(주)아이에이치큐,2024,CFS,140860365620.0,41043210081.0,99817155539.0,9209677707.0,,2750292.0,32431991390.0,-7164297756.0,-24115620695.0,-4638533894.0,성공,확정,False,0.0,10986437000.0,CFS,False,0.0653816115446201,0.1175830382965959,True,사용가능,11471168021.0,46794198791.0,-32175585561.0,246320129412.0,2022.0,,,,,,0.2839689242714738,-0.13827230048190756,-0.22090218481647172,,0.41118392784658975,0.0,0,25.67103492188717,2025.0,99867000.0,7653455166.0,144522895864.0,0.0,0.0
00154426,(주)아이에이치큐,2025,CFS,144522895864.0,46779886283.0,97743009581.0,7653455166.0,,0.0,27725711733.0,-7214692951.0,-12659814270.0,13452074953.0,성공,확정,False,99867000.0,12933083000.0,CFS,False,0.052956696724386916,0.1175830382965959,True,사용가능,9209677707.0,32431991390.0,-7164297756.0,140860365620.0,2024.0,-0.168976873079626,-0.145112262778015,-0.023864610301610995,1.5338885244399034,,0.27604179253189814,-0.18067648774192846,-0.2602166905750827,-0.03931450575861095,0.4786008378863486,0.01304861632216165,0,25.696703780833012,,,,,,
00173449,(주)빌리언스,2015,CFS,26183118478.0,2400597192.0,23782521286.0,456134453.0,,5958398535.0,17443491794.0,-1538364115.0,-1574175626.0,1420503048.0,성공,확정,False,0.0,20124024.0,,False,0.01742093682932614,0.0185703079073872,True,사용가능,,,,,,,,,,,0.026149262910588555,-0.11437440794213405,-0.08819129410369246,,0.10093955822140498,0.0,0,23.988380707141044,2016.0,0.0,433373433.0,24929728205.0,0.0,0.0
00173449,(주)빌리언스,2016,CFS,24929728205.0,2437542131.0,22492186074.0,433373433.0,,5087950521.0,15334874723.0,-1058903053.0,-1062789840.0,1441728915.0,성공,확정,False,0.0,18635740.0,CFS,False,0.017383800955883707,0.0185703079073872,True,사용가능,456134453.0,17443491794.0,-1538364115.0,26183118478.0,2015.0,-0.04989980443332133,-0.12088273929909471,0.07098293486577338,0.04190123616284611,,0.028260643847973874,-0.10046313920493061,-0.06905195328474416,0.019139340818948303,0.10837284214973189,0.0,0,23.939326832095933,2017.0,0.0,416831843.0,23176321502.0,0.0,0.0
00173449,(주)빌리언스,2017,CFS,23176321502.0,2207108008.0,20969213494.0,416831843.0,,5814755518.0,14931003116.0,-1542153187.0,-1421184390.0,-1520608371.0,성공,확정,False,0.0,19584321.0,CFS,False,0.017985245974605137,0.0185703079073872,True,사용가능,433373433.0,15334874723.0,-1058903053.0,24929728205.0,2016.0,-0.03816936789477817,-0.026336805112222632,-0.011832562782555539,0.04606962942441209,0.004168393261565977,0.02791720286718879,0.004289894795920061,-0.10328530340653637,-0.03423335012179221,0.10525468724096534,0.0,0,23.866396969512618,2018.0,9554400.0,392233234.0,51234898524.0,0.0,0.0
00173449,(주)빌리언스,2018,CFS,51234898524.0,22166535464.0,29068363060.0,392233234.0,,4765560309.0,15350181101.0,-751234908.0,-7181196723.0,552640020.0,성공,확정,False,9554400.0,17106865.0,CFS,False,0.0076555872130061094,0.0185703079073872,True,사용가능,416831843.0,14931003116.0,-1542153187.0,23176321502.0,2017.0,-0.059013267371706056,0.028074335109528618,-0.08708760248123468,0.04228798272552308,-0.003781646698889009,0.025552352211300467,-0.15094861053305753,-0.04893980748872469,0.05434549591781168,0.7625656600698864,0.02435897616977556,0,24.659686748596933,2019.0,0.0,23158749970.0,140121717783.0,0.0,0.0
00173449,(주)빌리언스,2019,CFS,140121717783.0,48679727378.0,91441990405.0,23158749970.0,,14123330326.0,37484494399.0,-3673856309.0,-3604285217.0,-6757559567.0,성공,확정,False,0.0,171925000.0,CFS,False,0.16527594962734385,0.0185703079073872,True,사용가능,392233234.0,15350181101.0,-751234908.0,51234898524.0,2018.0,58.04331393295449,1.4419577953095317,56.601356137644956,0.014600239702162373,-0.02768774302336071,0.6178221246227567,0.02250382310387694,-0.09801002702328059,-0.0490702195345559,0.5323563842212496,0.0,0,25.66577729457109,2020.0,3505900000.0,468746240.0,65465890844.0,1.0,1.0
00173449,(주)빌리언스,2020,CFS,65465890844.0,19405815294.0,46060075550.0,468746240.0,,5857260094.0,13049479934.0,-834589325.0,-26666898696.0,-4763846643.0,성공,확정,False,3505900000.0,23460000.0,CFS,False,0.007160159801643652,0.0185703079073872,True,사용가능,23158749970.0,37484494399.0,-3673856309.0,140121717783.0,2019.0,-0.979759432585644,-0.6518699226646597,-0.3278895099209843,0.0019858219247176,-0.012614417777444773,0.03592068361120636,-0.3345719697787849,-0.06395575373279853,0.03405427329048205,0.4213153161881863,7.4793133273986365,1,24.904795093476718,2021.0,17492327000.0,6236625892.0,177917791160.0,1.0,1.0
00173449,(주)빌리언스,2021,CFS,177917791160.0,75368430884.0,102549360276.0,6236625892.0,,20043525676.0,25763954047.0,-5557326867.0,-31762640787.0,-2014361974.0,성공,확정,False,17492327000.0,710979000.0,CFS,False,0.0350534134407697,0.0185703079073872,True,사용가능,468746240.0,13049479934.0,-834589325.0,65465890844.0,2020.0,12.304908626040392,0.9743280327879463,11.330580593252446,0.21206250331939072,0.21007668139467311,0.24206788603266444,-0.16720238385967606,-0.2157016293718745,-0.151745875639076,0.7349478405438551,2.8047741363544336,1,25.9045874331384,2022.0,2729050000.0,3200554212.0,172347934561.0,1.0,1.0
00173449,(주)빌리언스,2022,CFS,172347934561.0,65716693466.0,106631241095.0,3200554212.0,,18409375173.0,78060910357.0,-8883441923.0,-24249817806.0,-1640943080.0,성공,확정,False,2729050000.0,509076000.0,CFS,False,0.018570307907387257,0.0185703079073872,True,사용가능,6236625892.0,25763954047.0,-5557326867.0,177917791160.0,2021.0,-0.4868131795262091,2.02984977440175,-2.516662953927959,0.10788731260606658,-0.10417519071332414,0.041000728756079574,-0.1311815820919973,-0.11380141331138588,0.10190021606048863,0.6162986831171892,0.8526804482073244,1,25.872781145857203,2023.0,14926319000.0,14962381727.0,199615072155.0,1.0,1.0
00173449,(주)빌리언스,2023,CFS,199615072155.0,107149906725.0,92465165430.0,14962381727.0,,18579377093.0,96991027126.0,-7494524517.0,-30845827660.0,-3363126852.0,성공,확정,False,14926319000.0,2212232000.0,CFS,False,0.07495617222421859,0.0185703079073872,True,사용가능,3200554212.0,78060910357.0,-8883441923.0,172347934561.0,2022.0,3.6749346319149305,0.24250443253128764,3.432430199383643,0.24359850273433264,0.13571119012826605,0.1542656281757129,-0.13767848545354247,-0.07727028715000557,0.03653112616138031,1.1588137676141073,0.9975897736297609,1,26.0196567097715,,,,,,
00203315,(주)콘텐트리중앙,2015,CFS,455951828160.0,377727105124.0,78224723036.0,38688196265.0,38270153797.0,14220481205.0,349718763817.0,31392639648.0,19629839802.0,23458711254.0,성공,확정,False,0.0,4809249000.0,,False,0.08485149938125429,0.0981324973672944,True,사용가능,,,,,,,,,,,0.11062659561854297,-0.008397535036653903,0.0897653854925184,,4.828743272765124,0.0,0,26.8456530008805,2016.0,0.0,37790654683.0,550190462737.0,0.0,0.0
00203315,(주)콘텐트리중앙,2016,CFS,550190462737.0,425173862685.0,125016600052.0,37790654683.0,38270153797.0,23348035530.0,335160647081.0,28941768858.0,22403344239.0,18373753501.0,성공,확정,False,0.0,838381000.0,CFS,False,0.06868649539107796,0.0981324973672944,True,사용가능,38688196265.0,349718763817.0,31392639648.0,455951828160.0,2015.0,-0.02319936488773393,-0.04162806872901431,0.01842870384128038,0.021924518729237643,,0.11275385404619695,0.007323992346130889,0.08635193036551661,-0.0034134551270017938,3.400939255332101,0.0,0,27.0335303511118,2019.0,0.0,48241897308.0,1161637851755.0,,
00203315,(주)콘텐트리중앙,2019,CFS,1161637851755.0,741057775616.0,420580076139.0,48241897308.0,85638392595.0,25552111681.0,554208374396.0,35421708053.0,10629284402.0,39804795350.0,성공,확정,False,0.0,39170670000.0,CFS,False,0.0415292057116736,0.0981324973672944,True,사용가능,37790654683.0,335160647081.0,28941768858.0,550190462737.0,2016.0,,,,,,0.08704649647450038,-0.025115840452273226,0.06391406137015539,,1.7619897319412805,0.0,0,27.780852066363273,2020.0,0.0,206651874255.0,1475541488507.0,0.0,0.0
00203315,(주)콘텐트리중앙,2020,CFS,1475541488507.0,1211631897408.0,263909591099.0,206651874255.0,66163295726.0,26343863954.0,363859571681.0,-56806273781.0,-154022316185.0,39064264081.0,성공,확정,False,0.0,49941818000.0,CFS,False,0.14005155115231424,0.0981324973672944,True,사용가능,48241897308.0,554208374396.0,35421708053.0,1161637851755.0,2019.0,3.2836597602211373,-0.3434607117267946,3.627120471947932,0.39186377677067946,,0.5679440375864955,-0.13085811667781105,-0.1561214221150206,-0.220035483485176,4.59108701719553,0.0,0,28.020046149203832,2021.0,55946695000.0,282185439022.0,2245640002695.0,1.0,1.0
00203315,(주)콘텐트리중앙,2021,CFS,2245640002695.0,1547849542572.0,697790460123.0,282185439022.0,239776342992.0,75524404017.0,677129957301.0,-57365948945.0,-49813264038.0,-122392657083.0,성공,확정,False,55946695000.0,103510983000.0,CFS,False,0.12565925022859778,0.0981324973672944,True,사용가능,206651874255.0,363859571681.0,-56806273781.0,1475541488507.0,2020.0,0.36551115270212675,0.8609650810413416,-0.49545392833921487,0.4234986986001432,0.03163492182946376,0.416737490313934,0.032320137224976946,-0.08471926005704619,0.07140216205797442,2.218215397067996,0.19826216120116047,1,28.440011675646872,2022.0,109069774000.0,348793885171.0,2588133968042.0,1.0,1.0
00203315,(주)콘텐트리중앙,2022,CFS,2588133968042.0,1896426846325.0,691707121717.0,348793885171.0,308724699574.0,75599099906.0,852050847599.0,-71591321151.0,-79652622875.0,50142138885.0,성공,확정,False,109069774000.0,118947932000.0,CFS,False,0.13476654975278304,0.0981324973672944,True,사용가능,282185439022.0,677129957301.0,-57365948945.0,2245640002695.0,2021.0,0.23604494399091588,0.2583269111223853,-0.022281967131469432,0.3770264014661024,-0.04647229713404083,0.40935806372808464,-0.05014993944003354,-0.08402235776507667,0.0006969022919695173,2.741661588820377,0.31270552219264786,1,28.581958256313218,2023.0,78205279000.0,321658035124.0,2453055022945.0,1.0,1.0
00203315,(주)콘텐트리중앙,2023,CFS,2453055022945.0,1942938338789.0,510116684156.0,321658035124.0,270904604165.0,4398098265.0,993035799342.0,-68126882657.0,-171340065923.0,-84900438071.0,성공,확정,False,78205279000.0,107191191000.0,CFS,False,0.1311254872456287,0.0981324973672944,True,사용가능,348793885171.0,852050847599.0,-71591321151.0,2588133968042.0,2022.0,-0.07779909912611098,0.16546542045029644,-0.24326451957640743,0.3197580251625969,-0.05726837630350551,0.3239138360743241,-0.03523754136922108,-0.06860465927023161,0.015417698494845061,3.8088115898495594,0.24313174384047848,1,28.52835531183185,2024.0,14157305000.0,425438422210.0,2758664473521.0,0.0,1.0
00203315,(주)콘텐트리중앙,2024,CFS,2758664473521.0,2189728550386.0,568935923135.0,425438422210.0,275283246073.0,5508008612.0,879462982938.0,-47378983753.0,-91903478981.0,-27942501870.0,성공,확정,False,14157305000.0,123928356000.0,CFS,False,0.15421898034123555,0.0981324973672944,True,사용가능,321658035124.0,993035799342.0,-68126882657.0,2453055022945.0,2023.0,0.3226419854426842,-0.11436930720851655,0.43701129265120076,0.33175998837482396,0.012001963212227074,0.48374795808772814,-0.02318548621078369,-0.053872629857282014,0.014732029412949599,3.848814007595035,0.033276977961834944,0,28.645767792141363,2025.0,6042266000.0,244439269461.0,2490910514038.0,0.0,0.0
00203315,(주)콘텐트리중앙,2025,CFS,2490910514038.0,1894749170889.0,596161343149.0,244439269461.0,289382806845.0,6444467197.0,1083288419056.0,8844995426.0,-93139692457.0,-261438473.0,성공,확정,False,6042266000.0,146161781000.0,CFS,False,0.09813249736729442,0.0981324973672944,True,사용가능,425438422210.0,879462982938.0,-47378983753.0,2758664473521.0,2024.0,-0.4254414817749049,0.23176124529663028,-0.6572027270715352,0.4363834855745132,0.10462349719968922,0.2256456038494434,-0.03728686898247325,0.008164949675828448,0.06203757953311046,3.1782489634109687,0.024718884217431507,0,28.543669427853164,,,,,,
00207755,(주)지에스홈쇼핑,2015,CFS,1237223412648.0,321670154537.0,915553258111.0,58855625015.0,,24938908343.0,1122448403117.0,105698974200.0,78358171244.0,46873985261.0,성공,확정,False,0.0,12190617000.0,,False,0.04757073331568524,0.0249048807775871,True,사용가능,,,,,,,,,,,0.05243503830693686,0.025447454082375583,0.094168225378091,,0.3513396426557212,0.0,0,27.843890801477396,2016.0,1210439000.0,46932163704.0,1359434067778.0,0.0,0.0
00207755,(주)지에스홈쇼핑,2016,CFS,1359434067778.0,383854678867.0,975579388911.0,46932163704.0,,12303942716.0,1097764890482.0,126396403124.0,105806097603.0,192200548427.0,성공,확정,False,1210439000.0,12047864000.0,CFS,False,0.03452330996876575,0.0249048807775871,True,사용가능,58855625015.0,1122448403117.0,105698974200.0,1237223412648.0,2015.0,-0.20258830499142905,-0.02199077709626095,-0.1805975278951681,0.2277741910647603,,0.042752472875492775,-0.06355177707530314,0.11513977557480694,0.02097155019671594,0.39346329292122656,0.025791246438885897,0,27.93808960243797,2017.0,0.0,38740461938.0,1425154432309.0,0.0,0.0
00207755,(주)지에스홈쇼핑,2017,CFS,1425154432309.0,361278897522.0,1063875534787.0,38740461938.0,,26765209370.0,1086288129781.0,141292559681.0,102719290989.0,70981359035.0,성공,확정,False,0.0,10312967000.0,CFS,False,0.027183343123898272,0.0249048807775871,True,사용가능,46932163704.0,1097764890482.0,126396403124.0,1359434067778.0,2016.0,-0.17454344993904097,-0.010454661831971008,-0.16408878810706998,0.24075291080945205,0.012978719744691752,0.03566315499167816,0.022269819490775458,0.13006913709853862,0.014929361523731685,0.33958756048876726,0.0,0,27.98530129732735,2018.0,1136570000.0,31521561548.0,1393130850282.0,0.0,0.0
00207755,(주)지에스홈쇼핑,2018,CFS,1393130850282.0,303961128629.0,1089169721653.0,31521561548.0,,28975517530.0,1104393651409.0,136829383626.0,133936936794.0,45766968161.0,성공,확정,False,1136570000.0,8279199000.0,CFS,False,0.022626418431276107,0.0249048807775871,True,사용가능,38740461938.0,1086288129781.0,141292559681.0,1425154432309.0,2017.0,-0.1863400700165394,0.016667328981722507,-0.20300739899826192,0.2356663981261418,-0.005086512683310257,0.028541961924341358,0.06328907913793774,0.12389548187951938,-0.006173655219019247,0.27907599943899225,0.036056906580255184,0,27.96257474047261,2019.0,0.0,28840161778.0,1446961556445.0,0.0,0.0
00207755,(주)지에스홈쇼핑,2019,CFS,1446961556445.0,299764978316.0,1147196578129.0,28840161778.0,,45752675241.0,1230358734740.0,121125756936.0,109755435292.0,93625551731.0,성공,확정,False,0.0,3755364000.0,CFS,False,0.01993153283827153,0.0249048807775871,True,사용가능,31521561548.0,1104393651409.0,136829383626.0,1393130850282.0,2018.0,-0.08506557538137355,0.11405813784812334,-0.1991237132294969,0.12442865422241606,-0.11123774390372573,0.023440449491419685,0.011147416798431788,0.09844751251479217,-0.025447969364727208,0.26130219007878874,0.0,0,28.000486995460626,2020.0,0.0,27334218369.0,1577909027323.0,0.0,0.0
00207755,(주)지에스홈쇼핑,2020,CFS,1577909027323.0,334002544848.0,1243906482475.0,27334218369.0,,37720695466.0,1245664243521.0,156914206678.0,125063546080.0,173792004907.0,성공,확정,False,0.0,2513456000.0,CFS,False,0.01732306355796306,0.0249048807775871,True,사용가능,28840161778.0,1230358734740.0,121125756936.0,1446961556445.0,2019.0,-0.05221688493262099,0.012439874931464088,-0.06465675986408508,0.08948762739963162,-0.03494102682278444,0.021943487991384403,-0.030881665535351058,0.12596829963944828,0.02752078712465611,0.2685109769533762,0.0,0,28.08712168607123,,,,,,
00222532,(주)엘지헬로비전,2015,OFS,2000272843281.0,1049060692885.0,951212150396.0,223905515057.0,572283406730.0,18168788595.0,1182612870217.0,104970126374.0,59676898564.0,368235044724.0,성공,확정,False,102200000.0,218360000.0,,False,0.11193748683291281,0.0528292883538181,True,사용가능,,,,,,,,,,,0.18933120101755288,-0.1542580289466308,0.08876119059548103,,1.1028672125858197,0.000456442531011274,0,28.324304708824407,2016.0,0.0,185564188574.0,1840191674866.0,0.0,0.0
00222532,(주)엘지헬로비전,2016,OFS,1840191674866.0,873536811412.0,966654863454.0,185564188574.0,572283406730.0,12778488565.0,1100634800031.0,42936484698.0,21512792639.0,275776258507.0,성공,확정,False,0.0,192371000.0,OFS,False,0.10083959791172976,0.0528292883538181,True,사용가능,223905515057.0,1182612870217.0,104970126374.0,2000272843281.0,2015.0,-0.1712388659709404,-0.06931944700632058,-0.10191941896461983,0.0009396104194969116,,0.16859742084183915,-0.13817227267182103,0.03901065521169299,-0.04975053538378804,0.9036698044333263,0.0,0,28.240890853246835,2017.0,0.0,173818770481.0,1868155224355.0,0.0,0.0
00222532,(주)엘지헬로비전,2017,OFS,1868155224355.0,881032763746.0,987122460609.0,173818770481.0,572283406730.0,19082502273.0,1119895014270.0,72864983274.0,28882737680.0,281258258755.0,성공,확정,False,0.0,197492000.0,OFS,False,0.09304300210974853,0.0528292883538181,True,사용가능,185564188574.0,1100634800031.0,42936484698.0,1840191674866.0,2016.0,-0.0632957155325049,0.01749918704956224,-0.08079490258206715,0.001099061572197561,0.00015945115270064934,0.15520987973529216,-0.13509344287069897,0.0650641197125936,0.02605346450090061,0.8925263064143546,0.0,0,28.25597254883266,2018.0,0.0,208145096439.0,1935138661550.0,0.0,0.0
00222532,(주)엘지헬로비전,2018,CFS,1935138661550.0,875878588004.0,1059260073546.0,208145096439.0,589210362124.0,16447496236.0,1178041257956.0,68004595239.0,39690621314.0,262556593054.0,성공,확정,False,0.0,384281000.0,OFS,True,0.10756081751386266,0.0528292883538181,True,사용가능,173818770481.0,1119895014270.0,72864983274.0,1868155224355.0,2017.0,,,,,,0.17668744200024805,-0.11516795988225963,0.057726836627940904,,0.8268777516289191,0.0,0,28.291200099558623,2019.0,1611887000.0,102763990791.0,1790671377931.0,0.0,0.0
00222532,(주)엘지헬로비전,2019,CFS,1790671377931.0,839364024702.0,951307353229.0,102763990791.0,490322644492.0,5151588432.0,1112180458963.0,29249461527.0,-94231348080.0,250434425417.0,성공,확정,False,1611887000.0,51897911000.0,CFS,False,0.0573885259224598,0.0528292883538181,True,사용가능,208145096439.0,1178041257956.0,68004595239.0,1935138661550.0,2018.0,-0.506286755974016,-0.055907039374218516,-0.4503797165997974,0.33384621506162465,,0.09239866602836865,-0.19247851825008677,0.026299204676075928,-0.03142763195186497,0.8823268545680495,0.015685328952222514,0,28.213611736929323,2020.0,23673000.0,77802826440.0,1472721455548.0,0.0,0.0
00222532,(주)엘지헬로비전,2020,CFS,1472721455548.0,841615540357.0,631105915191.0,77802826440.0,168991669756.0,7219628675.0,1057934695627.0,34150119189.0,-312793599147.0,218615356521.0,성공,확정,False,23673000.0,41551569000.0,CFS,False,0.0528292883538181,0.0528292883538181,True,사용가능,102763990791.0,1112180458963.0,29249461527.0,1790671377931.0,2019.0,-0.24289796609559156,-0.048774246030701615,-0.19412372006488993,0.46023482760780876,0.1263886125461841,0.07354218248215127,-0.3608346667769993,0.0322799879143395,0.0059807832382635755,1.3335567297008943,0.00030426915169021716,0,28.018133135424172,2021.0,0.0,62676529545.0,1488116032317.0,0.0,0.0
00222532,(주)엘지헬로비전,2021,CFS,1488116032317.0,835732530156.0,652383502161.0,62676529545.0,168991669756.0,10144190591.0,1080132280928.0,44492025603.0,26921862454.0,69815022115.0,성공,확정,False,0.0,29414513000.0,CFS,False,0.042118039308677094,0.0528292883538181,True,사용가능,77802826440.0,1057934695627.0,34150119189.0,1472721455548.0,2020.0,-0.19441834682786366,0.020981999543784966,-0.21540034637164862,0.4187734602533457,-0.04146136735446304,0.05802671640472703,-0.028823800516560024,0.0411912747990223,0.008911286884682797,1.2810448568789095,0.0,0,28.02853202800693,2022.0,0.0,48393609567.0,1428013437283.0,0.0,0.0
00222532,(주)엘지헬로비전,2022,CFS,1428013437283.0,802491626000.0,625521811283.0,48393609567.0,109035051591.0,6672584213.0,1167867997994.0,53800859859.0,-26024593275.0,178964672570.0,성공,확정,False,0.0,27280511000.0,CFS,False,0.03388876344124308,0.0528292883538181,True,사용가능,62676529545.0,1080132280928.0,44492025603.0,1488116032317.0,2021.0,-0.22788307013305933,0.08122682620930606,-0.3091098963423654,0.491230338200821,0.0724568779474753,0.041437567987241505,-0.14354855528181965,0.04606758636370855,0.00487631156468625,1.2829154979488555,0.0,0,27.987305389663714,2023.0,0.0,46489266248.0,1319446205693.0,0.0,0.0
00222532,(주)엘지헬로비전,2023,CFS,1319446205693.0,754107897938.0,565338307755.0,46489266248.0,24513164719.0,10345332143.0,1190257448844.0,47352193560.0,-45352667210.0,84352110308.0,성공,확정,False,0.0,24980259000.0,CFS,False,0.035233923177324905,0.0528292883538181,True,사용가능,48393609567.0,1167867997994.0,53800859859.0,1428013437283.0,2022.0,-0.03935113202009605,0.019171217028343495,-0.058522349048439545,0.5265493648971141,0.03531902669629311,0.03905816031073885,-0.09830243700604407,0.03978315246503126,-0.006284433898677291,1.3339055351345603,0.0,0,27.908233223353154,2024.0,6905548000.0,45802851954.0,1243517604881.0,1.0,1.0
00222532,(주)엘지헬로비전,2024,CFS,1243517604881.0,799432319472.0,444085285409.0,45802851954.0,0.0,51876305384.0,1196435375181.0,13472973352.0,-106228495334.0,87933002034.0,성공,확정,False,6905548000.0,19741812000.0,CFS,False,0.036833295945482944,0.0528292883538181,True,사용가능,46489266248.0,1190257448844.0,47352193560.0,1319446205693.0,2023.0,-0.01476500597661143,0.005190411824769604,-0.019955417801381034,0.4278114401230026,-0.09873792477411153,0.03828276303437686,-0.15613892123914122,0.011260928614687419,-0.02852222385034384,1.800177456309383,0.15076676899803687,1,27.848965257613578,2025.0,0.0,47843828296.0,1265815637408.0,0.0,0.0
00222532,(주)엘지헬로비전,2025,CFS,1265815637408.0,813157694883.0,452657942525.0,47843828296.0,0.0,6892129497.0,1265651619684.0,18730193260.0,1780517603.0,121110045200.0,성공,확정,False,0.0,15643073000.0,CFS,False,0.03779683777170695,0.0528292883538181,True,사용가능,45802851954.0,1196435375181.0,13472973352.0,1243517604881.0,2024.0,0.04456002748583781,0.057852054476848595,-0.013292026991010786,0.3340870804654071,-0.09372435965759551,0.037801735921568484,-0.09427085909710364,0.014798853783062702,0.0035379251683752833,1.7964065544659913,0.0,0,27.866737802986,,,,,,
00223762,(주)케이티지니뮤직,2015,OFS,90517673550.0,30767444704.0,59750228846.0,9835090321.0,,66223430.0,89179162227.0,1935731321.0,3382864660.0,8499089954.0,성공,확정,False,0.0,14450782000.0,,False,0.1086538124023626,0.2703839067797853,True,사용가능,,,,,,,,,,,0.11028462339627491,-0.056521838148810885,0.021706094480599812,,0.514934340808968,0.0,0,25.228810956431406,2016.0,0.0,8479412074.0,110079575096.0,0.0,0.0
00223762,(주)케이티지니뮤직,2016,OFS,110079575096.0,41952579638.0,68126995458.0,8479412074.0,,83767899.0,111286638023.0,4899081748.0,8236380407.0,13387464717.0,성공,확정,False,0.0,16465569000.0,OFS,False,0.07702984015522531,0.2703839067797853,True,사용가능,9835090321.0,89179162227.0,1935731321.0,90517673550.0,2015.0,-0.137840955471994,0.2478995680597088,-0.3857405235317028,1.7980907856382957,,0.07619434124919408,-0.0467941878001233,0.04402219201722573,0.022316097536625917,0.6157996452942591,0.0,0,25.4244693511676,2017.0,6051876000.0,2042580641.0,139493908800.0,1.0,1.0
00223762,(주)케이티지니뮤직,2017,OFS,139493908800.0,48512459545.0,90981449255.0,2042580641.0,,303790051.0,155641711618.0,2401671806.0,-3401432142.0,,성공,확정,False,6051876000.0,18630814000.0,OFS,False,0.014642794503153244,0.2703839067797853,True,사용가능,8479412074.0,111286638023.0,4899081748.0,110079575096.0,2016.0,-0.7591129404757833,0.39856603077391,-1.1576789712496933,3.541309047560959,1.7432182619226635,0.013123606903098174,,0.015430772259139343,-0.028591419758086385,0.5332126487568996,2.962857807678595,1,25.66128677273838,2018.0,519212000.0,62367106929.0,222002409461.0,0.0,0.0
00223762,(주)케이티지니뮤직,2018,CFS,222002409461.0,76577922358.0,145424487103.0,62367106929.0,,336228579.0,171232730142.0,6889092474.0,5937816079.0,,성공,확정,False,519212000.0,20990695000.0,OFS,True,0.2809298650425516,0.2703839067797853,True,사용가능,2042580641.0,155641711618.0,2401671806.0,139493908800.0,2017.0,,,,,,0.3642242162306246,,0.04023233448586032,,0.5265820350032389,0.008325093555984273,0,26.12595407218772,2019.0,103067000.0,60771067856.0,233880648315.0,0.0,0.0
00223762,(주)케이티지니뮤직,2019,OFS,233880648315.0,81194526967.0,152686121348.0,60771067856.0,,314591593.0,230468779379.0,8127067802.0,7314176925.0,2915565577.0,성공,확정,False,103067000.0,25150437000.0,CFS,True,0.259837948517019,0.2703839067797853,True,사용가능,62367106929.0,171232730142.0,6889092474.0,222002409461.0,2018.0,,,,,,0.26368459979589487,0.01880707694155085,0.03526320495078965,,0.5317741144392725,0.001695987969871161,0,26.1780767722485,2020.0,0.0,55587544623.0,250537976853.0,0.0,0.0
00223762,(주)케이티지니뮤직,2020,OFS,250537976853.0,88487569863.0,162050406990.0,55587544623.0,,97557019.0,246967532160.0,11463451334.0,9471844621.0,742946855.0,성공,확정,False,0.0,27709300000.0,OFS,False,0.22187272892211185,0.2703839067797853,True,사용가능,60771067856.0,230468779379.0,8127067802.0,233880648315.0,2019.0,-0.08529590503959236,0.07158779955122782,-0.15688370459082018,0.47627415641452203,,0.2250803744801043,0.03484061728143343,0.0464168355805301,0.011153630629740452,0.5460496613776509,0.0,0,26.246876350184166,2021.0,0.0,116265644712.0,307060996340.0,0.0,0.0
00223762,(주)케이티지니뮤직,2021,CFS,307060996340.0,199309435741.0,107751560599.0,116265644712.0,,318336560.0,252006950035.0,10501531906.0,-4887813493.0,27652988694.0,성공,확정,False,0.0,29790886000.0,OFS,True,0.3786402248993627,0.2703839067797853,True,사용가능,55587544623.0,246967532160.0,11463451334.0,250537976853.0,2020.0,,,,,,0.4613588819508844,-0.10597504266210511,0.04167159637677252,,1.849712752493069,0.0,0,26.450312249944908,2022.0,0.0,122081373659.0,340102689990.0,0.0,0.0
00223762,(주)케이티지니뮤직,2022,CFS,340102689990.0,158930776532.0,181171913458.0,122081373659.0,,245628635.0,286106152010.0,13820761140.0,18691572923.0,29321893314.0,성공,확정,False,0.0,32325682000.0,CFS,False,0.3589544489124433,0.2703839067797853,True,사용가능,116265644712.0,252006950035.0,10501531906.0,307060996340.0,2021.0,0.05002104414770211,0.13531056175341247,-0.08528951760571035,0.271248889295383,,0.42669957566914885,-0.03125620791565207,0.0483064102009136,0.006634813824141078,0.8772373901589551,0.0,0,26.55251343833728,2023.0,0.0,122206842594.0,407620422306.0,0.0,0.0
00223762,(주)케이티지니뮤직,2023,CFS,407620422306.0,169794185697.0,237826236609.0,122206842594.0,,243216312.0,307040865232.0,15360755595.0,21732575666.0,20246183919.0,성공,확정,False,0.0,36317860000.0,CFS,False,0.2998054952758464,0.2703839067797853,True,사용가능,122081373659.0,286106152010.0,13820761140.0,340102689990.0,2022.0,0.0010277483881403742,0.07317113971484362,-0.07214339132670325,0.29733615936993846,0.02608727007455547,0.3980149108219212,0.0036465095114497676,0.05002837515909622,0.001721964958182623,0.7139421962773241,0.0,0,26.733602240832763,2024.0,12320166000.0,109086312833.0,352431238562.0,1.0,1.0
00223762,(주)케이티지니뮤직,2024,CFS,352431238562.0,126359852209.0,226071386353.0,109086312833.0,,343728429.0,301615219228.0,12193400754.0,-13772161745.0,-5087313877.0,성공,확정,False,12320166000.0,40298084000.0,CFS,False,0.309525095670001,0.2703839067797853,True,사용가능,122206842594.0,307040865232.0,15360755595.0,407620422306.0,2023.0,-0.10736329883417002,-0.017670761837843257,-0.08969253699632676,0.3484589409972294,0.05112278162729095,0.36167376802872264,-0.024642673286954256,0.04042700758008714,-0.009601367579009083,0.5589378392703575,0.11293961341292115,1,26.588121372261295,,,,,,
00231691,(주)판타지오,2016,CFS,35609355967.0,13656709769.0,21952646198.0,4001375862.0,16382160000.0,417608690.0,21703284152.0,-3648552982.0,-3763140105.0,-2444703439.0,성공,확정,False,0.0,252264875.0,CFS,False,0.11236866697921091,0.1123686669792109,True,사용가능,,,,,,,,,,,0.18436729823819153,-0.037025007338572065,-0.16811063968232562,,0.6220985682466015,0.0,0,24.295874248338205,2017.0,1485714.0,1406794552.0,56661825520.0,0.0,0.0
00231691,(주)판타지오,2017,CFS,56661825520.0,10141979984.0,46519845536.0,1406794552.0,12545348973.0,0.0,13304891629.0,-6434995841.0,-8837074222.0,-3825526726.0,성공,확정,False,1485714.0,521072459.0,CFS,False,0.024827907309541975,0.1123686669792109,True,사용가능,4001375862.0,21703284152.0,-3648552982.0,35609355967.0,2016.0,-0.6484222926019141,-0.38696413244103756,-0.26145816016087653,0.1926982395566206,,0.10573513796487309,-0.08844662963128619,-0.4836563889760639,-0.31554574929373824,0.21801405114622519,0.0010560987728363055,0,24.76036654967904,2018.0,0.0,873999316.0,46539179043.0,0.0,0.0
00231691,(주)판타지오,2018,CFS,46539179043.0,9017432381.0,37521746662.0,873999316.0,12545348973.0,0.0,13615020292.0,352770705.0,-9200333587.0,555743657.0,성공,확정,False,0.0,536250396.0,CFS,False,0.018779861054112407,0.1123686669792109,True,사용가능,1406794552.0,13304891629.0,-6434995841.0,56661825520.0,2017.0,-0.37872995402387655,0.023309371594130705,-0.40203932561800726,0.47023135542733757,0.27753311587071694,0.06419375786854685,-0.20963148565611453,0.025910406112819622,0.5095667950888835,0.24032549609777012,0.0,0,24.56356035484976,2020.0,400000000.0,222230601.0,28779495501.0,,
00231691,(주)판타지오,2020,CFS,28779495501.0,7910276955.0,20869218546.0,222230601.0,3744432177.0,302626478.0,16425762721.0,-708265130.0,-2772677746.0,7590410.0,성공,확정,False,400000000.0,203981917.0,CFS,False,0.007721837965932313,0.1123686669792109,True,사용가능,873999316.0,13615020292.0,352770705.0,46539179043.0,2018.0,,,,,,0.013529393110974551,-0.09660586843516399,-0.04311916238108673,,0.3790404004617682,1.7999321344588364,1,24.082929008752338,2021.0,434849863.0,6635050805.0,58607666093.0,1.0,1.0
00231691,(주)판타지오,2021,CFS,58607666093.0,27390404896.0,31217261197.0,6635050805.0,3749639208.0,0.0,23455295407.0,1831076344.0,-20682549859.0,4185306565.0,성공,확정,False,434849863.0,174450540.0,CFS,False,0.11321131256909886,0.1123686669792109,True,사용가능,222230601.0,16425762721.0,-708265130.0,28779495501.0,2020.0,28.856602894216174,0.42795776399551216,28.428645130220662,0.050880379459813,,0.28288071797295866,-0.4243106419651503,0.07806665029055798,0.12118581267164472,0.8774121702461277,0.06553828686169344,1,24.794131345672756,,,,,,
00232496,(주)씨그널엔터테인먼트그룹,2015,CFS,81902827419.0,49474613081.0,32428214338.0,960478008.0,,3021501321.0,25161179914.0,-10422663853.0,-24346725445.0,,성공,확정,False,0.0,275378000.0,,False,0.011727043354515332,0.007611548535696,True,사용가능,,,,,,,,,,,0.038173011412138816,,-0.41423589388988463,,1.5256656615540098,0.0,0,25.12879935003005,2016.0,1882789000.0,2174192153.0,50871848509.0,1.0,1.0
00232496,(주)씨그널엔터테인먼트그룹,2016,CFS,50871848509.0,19908668572.0,30963179937.0,2174192153.0,,0.0,23996316239.0,-4503001821.0,-33838321912.0,,성공,확정,False,1882789000.0,444579000.0,CFS,False,0.04273861117146849,0.007611548535696,True,사용가능,960478008.0,25161179914.0,-10422663853.0,81902827419.0,2015.0,1.2636563616144765,-0.046296067155096134,1.3099524287695725,0.2836528101305393,,0.0906052467114263,,-0.1876538788766877,0.22658201501319694,0.6429788094280906,0.865971757556978,1,24.65257553302141,2017.0,1329216000.0,125519466.0,48941775910.0,1.0,1.0
00232496,(주)씨그널엔터테인먼트그룹,2017,CFS,48941775910.0,19370793485.0,29570982425.0,125519466.0,,,31328168339.0,-3023180184.0,-9822886231.0,,성공,확정,False,1329216000.0,79265000.0,CFS,False,0.0025646692149222422,0.007611548535696,True,사용가능,2174192153.0,23996316239.0,-4503001821.0,50871848509.0,2016.0,-0.9422684578146392,0.3055407349601399,-1.247809192774779,0.06893473020279592,-0.21471807992774336,0.004006600853320319,,-0.09650038110387976,0.09115349777280793,0.6550608703694429,10.589720004066939,1,24.613897181797455,,,,,,
00249441,(주)씨씨에스충북방송,2015,CFS,58383141606.0,23117115602.0,35266026004.0,7341848526.0,,393239005.0,24575210014.0,-930251241.0,-2871046148.0,202053962.0,성공,확정,False,0.0,,,False,0.12575288557691255,0.0280475094179438,True,사용가능,,,,,,,,,,,0.29875018450778235,-0.052636771942470795,-0.037853236675090655,,0.6555066794137216,0.0,0,24.790293013976925,2016.0,0.0,6772842456.0,45263653765.0,0.0,0.0
00249441,(주)씨씨에스충북방송,2016,CFS,45263653765.0,11616342120.0,33647311645.0,6772842456.0,,0.0,20908296643.0,-1285687781.0,-2109478856.0,4115550075.0,성공,확정,False,0.0,,CFS,False,0.14963092664068323,0.0280475094179438,True,사용가능,7341848526.0,24575210014.0,-930251241.0,58383141606.0,2015.0,-0.07750174468799713,-0.14921188339432434,0.07171013870632721,,,0.32393085728805726,-0.1375282022816613,-0.061491751478016374,-0.02363851480292572,0.3452383430379108,0.0,0,24.535770202240773,2017.0,1641353100.0,5103188542.0,42450754040.0,1.0,1.0
00249441,(주)씨씨에스충북방송,2017,CFS,42450754040.0,11333616828.0,31117137212.0,5103188542.0,,0.0,21259586706.0,-1125228385.0,-7114186166.0,4706142128.0,성공,확정,False,1641353100.0,,CFS,False,0.12021432027311993,0.0280475094179438,True,사용가능,6772842456.0,20908296643.0,-1285687781.0,45263653765.0,2016.0,-0.24652188868218375,0.016801467331276375,-0.26332335601346013,,,0.24004175681175163,-0.27844801726871754,-0.052928046088611486,0.008563705389404888,0.36422427779215205,0.32163285492813365,1,24.47161051256132,2018.0,0.0,2552904601.0,35691430343.0,0.0,0.0
00249441,(주)씨씨에스충북방송,2018,CFS,35691430343.0,11298901169.0,24392529174.0,2552904601.0,,,21012547877.0,-3682857563.0,-7526602221.0,4998952409.0,성공,확정,False,0.0,127828122.0,CFS,False,0.07152710262565001,0.0280475094179438,True,사용가능,5103188542.0,21259586706.0,-1125228385.0,42450754040.0,2017.0,-0.4997432330808051,-0.011620114370816028,-0.4881231187099891,0.03339252007843552,,0.12149429074207459,-0.3509401139048657,-0.17526944302795366,-0.12234139693934218,0.4632115467978409,0.0,0,24.298176450501686,2019.0,1047027906.0,1372529451.0,34335091059.0,1.0,1.0
00249441,(주)씨씨에스충북방송,2019,CFS,34335091059.0,7196408286.0,27138682773.0,1372529451.0,,,20318289999.0,395805451.0,-168971009.0,1868663452.0,성공,확정,False,1047027906.0,239783244.0,CFS,False,0.039974539419205334,0.0280475094179438,True,사용가능,2552904601.0,21012547877.0,-3682857563.0,35691430343.0,2018.0,-0.46236555394104206,-0.03304015686550433,-0.42932539707553774,0.1221690344678347,0.08877651438939918,0.06755142539394562,-0.05934553828614036,0.019480254047928258,0.1947496970758819,0.26517161301430714,0.7628454932148483,1,24.259433731090677,2020.0,585208868.0,748661646.0,34807581799.0,1.0,1.0
00249441,(주)씨씨에스충북방송,2020,CFS,34807581799.0,8501006302.0,26306575497.0,748661646.0,,,19270324242.0,-347243895.0,-2921851094.0,5313196592.0,성공,확정,False,585208868.0,38658937.0,CFS,False,0.02150857966299482,0.0280475094179438,True,사용가능,1372529451.0,20318289999.0,395805451.0,34335091059.0,2019.0,-0.4545387383458047,-0.05157745839101506,-0.40296127995478964,0.03645021615890744,-0.08571881830892725,0.03885049553905685,-0.2365877564708212,-0.018019618696564328,-0.03749987274449258,0.3231513848303613,0.7816733648994756,1,24.273101067784456,2021.0,422624072.0,812657658.0,28974325167.0,1.0,1.0
00249441,(주)씨씨에스충북방송,2021,CFS,28974325167.0,4674769214.0,24299555953.0,812657658.0,,,18740525393.0,-543121152.0,1188117631.0,1624620404.0,성공,확정,False,422624072.0,36524208.0,CFS,False,0.028047509417943848,0.0280475094179438,True,사용가능,748661646.0,19270324242.0,-347243895.0,34807581799.0,2020.0,0.08548055365454102,-0.027492990898684226,0.11297354455322525,0.04678634012456942,0.010336123965661977,0.04336365395089433,-0.015065157531163149,-0.028981105951430143,-0.010961487254865815,0.19238084938843739,0.5200517928300874,1,24.089675935719814,2022.0,516084366.0,32832000.0,32092326250.0,1.0,1.0
00249441,(주)씨씨에스충북방송,2022,CFS,32092326250.0,7178057699.0,24914268551.0,32832000.0,,,19355942259.0,648839089.0,734417501.0,4567656857.0,성공,확정,False,516084366.0,100000.0,CFS,False,0.0010230483058235767,0.0280475094179438,True,사용가능,812657658.0,18740525393.0,-543121152.0,28974325167.0,2021.0,-0.9595992240068203,0.03283882671880009,-0.9924380507256204,0.00023654931566294805,-0.04654979080890647,0.0016962232869202733,-0.11944411028789165,0.03352144164918176,0.06250254760061191,0.28811031254264496,15.71894389619883,1,24.19188278087115,2023.0,0.0,135155333.0,31552488645.0,0.0,0.0
00249441,(주)씨씨에스충북방송,2023,CFS,31552488645.0,4013018555.0,27539470090.0,135155333.0,,,19211399837.0,453727360.0,2534148486.0,4229033783.0,성공,확정,False,0.0,7476667.0,CFS,False,0.004283507856405411,0.0280475094179438,True,사용가능,32832000.0,19355942259.0,648839089.0,32092326250.0,2022.0,3.116573251705653,-0.007467599358682298,3.1240408510643354,0.0890146520749871,0.08877810275932416,0.007035163191997023,-0.053716374517056735,0.023617610577556583,-0.00990383107162518,0.14571880075707005,0.0,0,24.174918302220597,2024.0,206844999.0,26932000.0,38009612874.0,1.0,1.0
00249441,(주)씨씨에스충북방송,2024,CFS,38009612874.0,3524268696.0,34485344178.0,26932000.0,,1568275.0,18337213022.0,-850011520.0,-1073241178.0,2520538193.0,성공,확정,False,206844999.0,36414334.0,CFS,False,0.0007085575980286423,0.0280475094179438,True,사용가능,135155333.0,19211399837.0,453727360.0,31552488645.0,2023.0,-0.8007329832852397,-0.045503545937155956,-0.7552294373480837,0.4493174553004706,0.3603028032254835,0.0014687073748714397,-0.09454922319028089,-0.046354455226113256,-0.06997206580366984,0.10219612939946572,7.6802687880588145,1,24.36110493504961,2025.0,60958334.0,26932000.0,28953199521.0,1.0,0.0
00249441,(주)씨씨에스충북방송,2025,CFS,28953199521.0,3542273767.0,25410925754.0,26932000.0,,2412508.0,18271161053.0,-5020235846.0,-9074418424.0,-2252455173.0,성공,확정,False,60958334.0,2791666.0,CFS,False,0.0009301908060442851,0.0280475094179438,True,사용가능,26932000.0,18337213022.0,-850011520.0,38009612874.0,2024.0,0.0,-0.003602072404391791,0.003602072404391791,0.10365609683647706,-0.3456613584639936,0.001474016890436087,-0.23562035850483373,-0.2747628260425033,-0.22840837081639004,0.13939963468046424,2.263416530521313,1,24.08894655371876,,,,,,
00258689,(주)제이와이피엔터테인먼트,2015,CFS,74088718972.0,15273440117.0,58815278855.0,33091434732.0,,927461927.0,50557050960.0,4198535095.0,3223272695.0,4862451442.0,성공,확정,False,0.0,2150480000.0,,False,0.4466460642207364,0.1376562777579446,True,사용가능,,,,,,,,,,,0.6545364910263746,-0.022124538927707566,0.08304549049591163,,0.25968490525487964,0.0,0,25.028529117064885,2016.0,0.0,30978512618.0,86571517594.0,0.0,0.0
00258689,(주)제이와이피엔터테인먼트,2016,CFS,86571517594.0,19529789206.0,67041728388.0,30978512618.0,,1372862613.0,73645282523.0,13811807741.0,8524635842.0,15424673317.0,성공,확정,False,0.0,2139364000.0,CFS,False,0.35783723652947746,0.1376562777579446,True,사용가능,33091434732.0,50557050960.0,4198535095.0,74088718972.0,2015.0,-0.06385102764845572,0.45667678641436327,-0.520527814062819,0.0667821369764244,,0.42064490157024204,-0.07970332121656395,0.18754504386192644,0.10449955336601481,0.2913079611100196,0.0,0,25.184236702273417,2017.0,12500000.0,29134692496.0,124428024149.0,0.0,0.0
00258689,(주)제이와이피엔터테인먼트,2017,CFS,124428024149.0,38667610853.0,85760413296.0,29134692496.0,,1653786151.0,102241863796.0,19462607147.0,16369258073.0,27110664256.0,성공,확정,False,12500000.0,2559055000.0,CFS,False,0.2341489603749699,0.1376562777579446,True,사용가능,30978512618.0,73645282523.0,13811807741.0,86571517594.0,2016.0,-0.05951932375632044,0.3883016032163236,-0.4478209269726441,0.08514119302562397,0.01835905604919956,0.28495854256072195,-0.08632626176027185,0.19035849332552401,0.0028134494635975726,0.45087948351577634,0.0004290417687338271,0,25.546993266390643,2018.0,0.0,29108181182.0,159341919774.0,0.0,0.0
00258689,(주)제이와이피엔터테인먼트,2018,CFS,159341919774.0,31373866303.0,127968053471.0,29108181182.0,,1481778495.0,124821138131.0,28748634270.0,24275342132.0,22396588778.0,성공,확정,False,0.0,276996000.0,CFS,False,0.18267748514192067,0.1376562777579446,True,사용가능,29134692496.0,102241863796.0,19462607147.0,124428024149.0,2017.0,-0.0009099568840014299,0.2208417716254833,-0.2217517285094847,0.009511755945676468,-0.0756294370799475,0.2331991329181033,0.01179070364323901,0.2303186359335088,0.03996014260798478,0.24516952045464938,0.0,0,25.794318169112735,2019.0,0.0,29043036790.0,207839679239.0,0.0,0.0
00258689,(주)제이와이피엔터테인먼트,2019,CFS,207839679239.0,45489735142.0,162349944097.0,29043036790.0,,690988886.0,155435844908.0,43458524745.0,31220337653.0,50943042578.0,성공,확정,False,0.0,280877000.0,CFS,False,0.1397376905908457,0.1376562777579446,True,사용가능,29108181182.0,124821138131.0,28748634270.0,159341919774.0,2018.0,-0.0022380097056797273,0.24526860782882634,-0.24750661753450606,0.009660227585783094,0.0001484716401066264,0.18684902962498845,-0.09489383835278331,0.2795913952198247,0.04927275928631589,0.28019557010023377,0.0,0,26.06003284656016,2020.0,0.0,30828082474.0,223949702666.0,0.0,0.0
00258689,(주)제이와이피엔터테인먼트,2020,CFS,223949702666.0,37702367193.0,186247335473.0,30828082474.0,,448282082.0,144399021991.0,44136482815.0,29636398233.0,22060358410.0,성공,확정,False,0.0,417899000.0,CFS,False,0.1376562777579446,0.1376562777579446,True,사용가능,29043036790.0,155435844908.0,43458524745.0,207839679239.0,2019.0,0.06146208803531939,-0.07100564817293283,0.13246773620825222,0.013959952816558723,0.0042997252307756285,0.21349232182418404,0.03382920241827226,0.30565638330812867,0.026064988088303986,0.2024317131692102,0.0,0,26.134687321918552,2024.0,0.0,60223870978.0,678782059891.0,,
00258689,(주)제이와이피엔터테인먼트,2024,CFS,678782059891.0,195900558505.0,482881501386.0,60223870978.0,,14310042165.0,601787883332.0,128262269240.0,97714913917.0,89293013736.0,성공,확정,False,0.0,5701915000.0,CFS,False,0.08872342764579083,0.1376562777579446,True,사용가능,30828082474.0,144399021991.0,44136482815.0,223949702666.0,2020.0,,,,,,0.10007491451065845,0.012407370021465216,0.21313534684319835,,0.40569075009647837,0.0,0,27.24356594080431,2025.0,0.0,66897868484.0,851090190178.0,0.0,0.0
00258689,(주)제이와이피엔터테인먼트,2025,CFS,851090190178.0,226142470880.0,624947719298.0,66897868484.0,,20168943120.0,821854634614.0,155246094076.0,160563476080.0,124332829487.0,성공,확정,False,0.0,10111109000.0,CFS,False,0.07860256087549164,0.1376562777579446,True,사용가능,60223870978.0,601787883332.0,128262269240.0,678782059891.0,2024.0,0.1108198028060673,0.3656882389580973,-0.25486843615203003,0.15907757465862044,,0.08139866305605234,0.042569691216183085,0.18889726666676807,-0.024238080176430282,0.36185822253103744,0.0,0,27.46978394131191,,,,,,
00259590,(주)바른손이앤에이,2015,CFS,47832856345.0,18304729087.0,29528127258.0,25319362246.0,,0.0,15698007210.0,3802762485.0,-451563807.0,-1780715989.0,성공,확정,False,466958000.0,316115000.0,,False,0.5293299246731404,0.0312821620806524,True,사용가능,,,,,,,,,,,1.6129029568715556,0.027787430723629308,0.24224491899695083,,0.6199082294337083,0.018442723614563828,0,24.590978611546724,2016.0,7508011000.0,26189525699.0,68782256529.0,1.0,1.0
00259590,(주)바른손이앤에이,2016,CFS,68782256529.0,23545150925.0,45237105604.0,26189525699.0,,,41653823490.0,14976131492.0,33427710921.0,17305576270.0,성공,확정,False,7508011000.0,551699000.0,CFS,False,0.3807599084504877,0.0312821620806524,True,사용가능,25319362246.0,15698007210.0,3802762485.0,47832856345.0,2015.0,0.034367510703689624,1.6534465765479796,-1.61907906584429,0.02142150692863303,,0.6287424179748451,0.23439380248018732,0.35953797844261237,0.11729305944566154,0.5204831434422733,0.2866799149511394,1,24.954211649336177,2017.0,26483900000.0,8584008593.0,72073730490.0,1.0,1.0
00259590,(주)바른손이앤에이,2017,CFS,72073730490.0,34780043205.0,37293687285.0,8584008593.0,,,31430347233.0,-1266547960.0,-31397624662.0,14750954400.0,성공,확정,False,26483900000.0,259735000.0,CFS,False,0.11910037866280564,0.0312821620806524,True,사용가능,26189525699.0,41653823490.0,14976131492.0,68782256529.0,2016.0,-0.6722350495515936,-0.24543908338821263,-0.426795966163381,0.014938659833593887,-0.006482847095039145,0.27311211452310336,-0.6402968009044984,-0.04029697637798286,-0.3998349548205952,0.9325986711694496,3.0852601920269302,1,25.000955466580063,2018.0,105315000.0,4635452145.0,113995488141.0,0.0,0.0
00259590,(주)바른손이앤에이,2018,CFS,113995488141.0,23264354220.0,90731133921.0,4635452145.0,,,30044466559.0,-22979774381.0,80874968503.0,-32194212038.0,성공,확정,False,105315000.0,396661000.0,CFS,False,0.04066347028810869,0.0312821620806524,True,사용가능,8584008593.0,31430347233.0,-1266547960.0,72073730490.0,2017.0,-0.4599898060703165,-0.04409371184244848,-0.415896094227868,0.06001167640065349,0.0450730165670596,0.15428638534477232,0.9918741731352186,-0.7648587914141638,-0.7245618150361809,0.256409825542976,0.0227194665602572,0,25.459424706847162,2019.0,5324610000.0,2138926275.0,103169274032.0,1.0,1.0
00259590,(주)바른손이앤에이,2019,CFS,103169274032.0,32171069521.0,70998204511.0,2138926275.0,,,16975339380.0,-17734440678.0,-24053157866.0,-20902812548.0,성공,확정,False,5324610000.0,242833000.0,CFS,False,0.020732202441751887,0.0312821620806524,True,사용가능,4635452145.0,30044466559.0,-22979774381.0,113995488141.0,2018.0,-0.5385722453618383,-0.43499281817287133,-0.10357942718896701,0.0716915958763343,0.011679919475680804,0.1260019742238579,-0.030535693379240586,-1.0447178864002187,-0.2798590949860549,0.45312511411490164,2.4893845394460827,1,25.359636913414768,2020.0,700000000.0,2011059702.0,104821778991.0,1.0,1.0
00259590,(주)바른손이앤에이,2020,CFS,104821778991.0,31962478744.0,72859300247.0,2011059702.0,,,15206735467.0,-2396482171.0,-7569432700.0,2248257441.0,성공,확정,False,700000000.0,126528000.0,CFS,False,0.01918551393954752,0.0312821620806524,True,사용가능,2138926275.0,16975339380.0,-17734440678.0,103169274032.0,2019.0,-0.05978072946904166,-0.10418666003719096,0.0444059305681493,0.06097755544295421,-0.010714040433380083,0.13224795725316474,-0.09366078533968544,-0.15759346746055947,0.8871244189396592,0.43868769855933476,0.3480751960291629,1,25.37552740204247,2021.0,457023000.0,4842098635.0,140862621665.0,1.0,0.0
00259590,(주)바른손이앤에이,2021,CFS,140862621665.0,31484769176.0,109377852489.0,4842098635.0,,488092523.0,10711420633.0,-1322252018.0,8534083816.0,-6927117085.0,성공,확정,False,457023000.0,10789000.0,CFS,False,0.03437461675614342,0.0312821620806524,True,사용가능,2011059702.0,15206735467.0,-2396482171.0,104821778991.0,2020.0,1.407734902243096,-0.29561340392586183,1.7033483061689578,0.0031486212544515444,-0.05782893418850266,0.4520500875562992,0.10976084867829511,-0.12344319799433275,0.03415026946622672,0.28785323956846187,0.09438531398276648,1,25.67105093793912,2022.0,763430000.0,4006445512.0,128074443885.0,1.0,1.0
00259590,(주)바른손이앤에이,2022,CFS,128074443885.0,42405037706.0,85669406179.0,4006445512.0,,0.0,26032765108.0,-4223014991.0,-13319475177.0,-5054464544.0,성공,확정,False,763430000.0,21999000.0,CFS,False,0.03128216208065247,0.0312821620806524,True,사용가능,4842098635.0,10711420633.0,-1322252018.0,140862621665.0,2021.0,-0.17258077251043027,1.4303746440315896,-1.60295541654202,0.004972343389948168,0.0018237221354966237,0.15390011377503648,-0.0645328637180832,-0.16221922540614966,-0.03877602741181692,0.49498461116209624,0.1905504511950542,1,25.575877524658015,2023.0,0.0,3641751218.0,124862745913.0,0.0,0.0
00259590,(주)바른손이앤에이,2023,CFS,124862745913.0,53215504229.0,71647241684.0,3641751218.0,,0.0,23670251801.0,-4824155195.0,-13926418308.0,300216247.0,성공,확정,False,0.0,50456000.0,CFS,False,0.029166035004047124,0.0312821620806524,True,사용가능,4006445512.0,26032765108.0,-4223014991.0,128074443885.0,2022.0,-0.09102689476436839,-0.09075153166399476,-0.00027536310037362677,0.013194221273646552,0.008221877883698384,0.15385350559921573,-0.11393818429167513,-0.2038066698891726,-0.04158744448302293,0.7427432372582724,0.0,0,25.550480938273157,2024.0,0.0,3220522257.0,111166407353.0,0.0,0.0
00259590,(주)바른손이앤에이,2024,CFS,111166407353.0,43744774776.0,67421632577.0,3220522257.0,,,9488644875.0,-266076028.0,-5175167552.0,-2313867925.0,성공,확정,False,0.0,72508000.0,CFS,False,0.028970282783120714,0.0312821620806524,True,사용가능,3641751218.0,23670251801.0,-4824155195.0,124862745913.0,2023.0,-0.11566659438953471,-0.5991320686077732,0.48346547421823854,0.021132355119379734,0.007938133845733181,0.3394080292208217,-0.02573888726937242,-0.02804152031245663,0.17576514957671596,0.6488240213708938,0.0,0,25.43429408097459,2025.0,0.0,2566782257.0,102888264494.0,0.0,0.0
00259590,(주)바른손이앤에이,2025,CFS,102888264494.0,44506483123.0,58381781371.0,2566782257.0,,,11603958770.0,-2276213982.0,-6893362078.0,-6428238433.0,성공,확정,False,0.0,72508000.0,CFS,False,0.02494727916369591,0.0312821620806524,True,사용가능,3220522257.0,9488644875.0,-266076028.0,111166407353.0,2024.0,-0.2029919211329953,0.22293108477199702,-0.4259230059049923,0.025057606636940136,0.003925251517560402,0.2211988432461485,-0.004520667612457629,-0.19615839965622353,-0.1681168793437669,0.7623351339722518,0.0,0,25.356909425605128,,,,,,
00260930,(주)에스엠엔터테인먼트,2015,CFS,459709219858.0,136211256332.0,323497963526.0,51079236655.0,,10006569143.0,325439247011.0,36422839744.0,18387798275.0,,성공,확정,False,1400000.0,13960705000.0,,False,0.1111120561618884,0.1322943008148663,True,사용가능,,,,,,,,,,,0.15695475307338547,,0.11191901431227466,,0.42105753880905805,2.740839706466048e-05,0,26.8538599958072,2016.0,0.0,37051350324.0,525082697414.0,0.0,0.0
00260930,(주)에스엠엔터테인먼트,2016,CFS,525082697414.0,149536301555.0,375546395859.0,37051350324.0,,11209998424.0,349870229327.0,20705234399.0,4225515109.0,21151119745.0,성공,확정,False,0.0,13099051000.0,CFS,False,0.07056288563016001,0.1322943008148663,True,사용가능,51079236655.0,325439247011.0,36422839744.0,459709219858.0,2015.0,-0.27462991324140806,0.07507079290646902,-0.34970070614787707,0.29726458086841695,,0.10590026592222744,-0.032234169435324304,0.05917975484461189,-0.05273925946766277,0.398183295603092,0.0,0,26.98682160601705,2017.0,0.0,113495243827.0,797509023895.0,0.0,0.0
00260930,(주)에스엠엔터테인먼트,2017,CFS,797509023895.0,361878090412.0,435630933483.0,113495243827.0,,8628752355.0,365386504380.0,10941300582.0,-4709252451.0,,성공,확정,False,0.0,64360304000.0,CFS,False,0.14231217506818178,0.1322943008148663,True,사용가능,37051350324.0,349870229327.0,20705234399.0,525082697414.0,2016.0,2.0631877876117106,0.04434865773760359,2.018839129874107,0.8550217208560144,0.5577571399875974,0.3106169561997987,,0.029944457309843898,-0.02923529753476799,0.8306987924816911,0.0,0,27.404758986770233,2018.0,799980000.0,186003342580.0,1002473549711.0,0.0,0.0
00260930,(주)에스엠엔터테인먼트,2018,CFS,1002473549711.0,426345966340.0,576127583371.0,186003342580.0,,11524908225.0,612227478805.0,47746036880.0,23420444781.0,120003666943.0,성공,확정,False,799980000.0,75275566000.0,CFS,False,0.18554438930944595,0.1322943008148663,True,사용가능,113495243827.0,365386504380.0,10941300582.0,797509023895.0,2017.0,0.6388646458482752,0.6755612795383562,-0.036696633690081026,0.5026772707214395,-0.3523444501345748,0.3038141034490282,-0.09634490824206153,0.07798741241277664,0.048042955102932744,0.7400200557060511,0.004300890451234385,0,27.633491611450882,2019.0,17011778000.0,199278124787.0,1115620586546.0,1.0,1.0
00260930,(주)에스엠엔터테인먼트,2019,CFS,1115620586546.0,482852438972.0,632768147574.0,199278124787.0,,14758462154.0,657825612024.0,40396706232.0,-16182525437.0,91946538513.0,성공,확정,False,17011778000.0,103203813000.0,CFS,False,0.17862535631757387,0.1322943008148663,True,사용가능,186003342580.0,612227478805.0,47746036880.0,1002473549711.0,2018.0,0.07136851425823447,0.07447906994962475,-0.0031105556913902793,0.5357320387367253,0.03305476801528573,0.3029345789286927,-0.0969227936934826,0.061409445746126064,-0.016577966666650575,0.7630795589557265,0.08536701164858498,1,27.740431945869393,2020.0,11968218000.0,177933814020.0,1068872535478.0,1.0,1.0
00260930,(주)에스엠엔터테인먼트,2020,CFS,1068872535478.0,452733816018.0,616138719460.0,177933814020.0,,11416473404.0,579875790663.0,6495064093.0,-80341242406.0,45398545730.0,성공,확정,False,11968218000.0,166205811000.0,CFS,False,0.16646869305181272,0.1322943008148663,True,사용가능,199278124787.0,657825612024.0,40396706232.0,1115620586546.0,2019.0,-0.1071081474186594,-0.1184961788294678,0.011388031410808394,0.8812330358665503,0.34550099712982507,0.30684815073338323,-0.1176377762197521,0.011200785060493523,-0.05020866068563254,0.7347920228334095,0.06726218996606657,1,27.69762550370405,2021.0,10506961000.0,144813615831.0,1314942073873.0,1.0,1.0
00260930,(주)에스엠엔터테인먼트,2021,CFS,1314942073873.0,526500165835.0,788441908038.0,144813615831.0,,14405560720.0,701563172148.0,67520136401.0,133225196705.0,122557828394.0,성공,확정,False,10506961000.0,174959850000.0,CFS,False,0.11012927391126008,0.1322943008148663,True,사용가능,177933814020.0,579875790663.0,6495064093.0,1068872535478.0,2020.0,-0.18613774099889324,0.2098507705346156,-0.39598851153350884,1.084190508229746,0.20295747236319572,0.20641564663039422,0.008112424511279482,0.09624241847568948,0.08504163341519597,0.667772933512845,0.0725550628627477,1,27.904813730301342,2022.0,221066000.0,145107007512.0,1463023492474.0,0.0,0.0
00260930,(주)에스엠엔터테인먼트,2022,CFS,1463023492474.0,576891434654.0,886132057820.0,145107007512.0,,20444675058.0,850769309133.0,91007611263.0,82028551863.0,114937054179.0,성공,확정,False,221066000.0,183729158000.0,CFS,False,0.09918296477018379,0.1322943008148663,True,사용가능,144813615831.0,701563172148.0,67520136401.0,1314942073873.0,2021.0,0.002025995133927138,0.21267669528343464,-0.21065070014950749,1.267444556937457,0.183254048707711,0.17055975803814,-0.02249348864545648,0.10697096179426574,0.010728543318576256,0.651021966266775,0.001523468809607409,0,28.01152629557787,2023.0,58704825000.0,203862069622.0,1540973937398.0,1.0,1.0
00260930,(주)에스엠엔터테인먼트,2023,CFS,1540973937398.0,631575864424.0,909398072974.0,203862069622.0,,25554890075.0,961069716545.0,113463014394.0,82683480181.0,112995229635.0,성공,확정,False,58704825000.0,194813220000.0,CFS,False,0.13229430081486632,0.1322943008148663,True,사용가능,145107007512.0,850769309133.0,91007611263.0,1463023492474.0,2022.0,0.4049085093643124,0.12964784487160766,0.2752606644927047,1.1165070647517232,-0.15093749218573382,0.2121199597828079,-0.019670514029057933,0.1180590881605282,0.011088126366262455,0.6944987934255904,0.28796345052735994,1,28.0634357593383,2024.0,85000000.0,140213032950.0,1419108143782.0,0.0,0.0
00260930,(주)에스엠엔터테인먼트,2024,CFS,1419108143782.0,590028281693.0,829079862089.0,140213032950.0,,28073869505.0,989725343114.0,87296655446.0,818849820.0,135676129235.0,성공,확정,False,85000000.0,134166492000.0,CFS,False,0.09880362787315466,0.1322943008148663,True,사용가능,203862069622.0,961069716545.0,113463014394.0,1540973937398.0,2023.0,-0.3122161802341049,0.02981638696515755,-0.34203256719926245,0.7798674824018966,-0.3366395823498266,0.14166862950972225,-0.09502960010897975,0.0882029100834542,-0.029856178077073997,0.7116664011188607,0.0006062203934373991,0,27.981049722465386,2025.0,0.0,601394560770.0,2007711293863.0,0.0,0.0
00260930,(주)에스엠엔터테인먼트,2025,CFS,2007711293863.0,648965438984.0,1358745854879.0,601394560770.0,,23905997449.0,1174934814159.0,183033876467.0,359364113602.0,194860708063.0,성공,확정,False,0.0,184416197000.0,CFS,False,0.2995423508391328,0.1322943008148663,True,사용가능,140213032950.0,989725343114.0,87296655446.0,1419108143782.0,2024.0,3.2891487910717787,0.18713219009050566,3.102016600981273,0.49734171699872814,-0.2825257654031685,0.5118535543612,0.08193578730260667,0.15578215426190498,0.06757924417845078,0.4776209153858226,0.0,0,28.328016529464318,,,,,,
00265324,(주)씨제이이엔엠,2015,CFS,2988232404363.0,1638102960054.0,1350129444309.0,261194668095.0,787047335059.0,61572877092.0,2308605389638.0,209654718318.0,112018538766.0,440437886693.0,성공,확정,False,3352408000.0,116847837000.0,,False,0.08740774904710892,0.2678490478109289,True,사용가능,,,,,,,,,,,0.11313959036366823,-0.10990421877745783,0.0908144454912127,,1.213293263811742,0.012834902122813182,0,28.725703159412422,2016.0,0.0,225566535141.0,2753593503931.0,0.0,0.0
00265324,(주)씨제이이엔엠,2016,CFS,2753593503931.0,1390704879495.0,1362888624436.0,225566535141.0,708344578781.0,62168236753.0,2208596188143.0,178880156479.0,32583105673.0,416058713234.0,성공,확정,False,0.0,98273988000.0,CFS,False,0.08191715110417848,0.2678490478109289,True,사용가능,261194668095.0,2308605389638.0,209654718318.0,2988232404363.0,2015.0,-0.13640451856789654,-0.043320180202248385,-0.09308433836564815,0.4037872671308732,,0.10213118013694374,-0.13926369560850374,0.0809926945628768,-0.009821750928335898,1.020409778583713,0.0,0,28.643927903282297,2017.0,0.0,950308850066.0,2801818454439.0,0.0,0.0
00265324,(주)씨제이이엔엠,2017,CFS,2801818454439.0,1317714354251.0,1484104100188.0,950308850066.0,,76441756514.0,2260006796348.0,224481550757.0,143441965513.0,,성공,확정,False,0.0,78885070000.0,CFS,False,0.33917574086943386,0.2678490478109289,True,사용가능,225566535141.0,2208596188143.0,178880156479.0,2753593503931.0,2016.0,3.212986866478083,0.023277504724947627,3.189709361753135,0.13417249989651436,-0.26961476723435884,0.4204893771123287,,0.09932782110201846,0.018335126539141655,0.8878853943494109,0.0,0,28.66128977032354,2018.0,42029594000.0,1826952100677.0,6754948264541.0,0.0,1.0
00265324,(주)씨제이이엔엠,2018,CFS,6754948264541.0,3329299954479.0,3425648310062.0,1826952100677.0,,94249010732.0,3426817049096.0,251016488622.0,184218974433.0,,성공,확정,False,42029594000.0,346172667000.0,CFS,False,0.2704613017197019,0.2678490478109289,True,사용가능,950308850066.0,2260006796348.0,224481550757.0,2801818454439.0,2017.0,0.9224824650955489,0.5162861698617354,0.4061962952338135,0.24929070270288323,0.11511820280636886,0.5331338307538049,,0.07325062442076345,-0.026077196681255008,0.9718744170847894,0.02300530702716585,0,29.54129642847215,2019.0,158516031000.0,1037887243746.0,5434907587861.0,1.0,1.0
00265324,(주)씨제이이엔엠,2019,CFS,5434907587861.0,2283014093463.0,3151893494398.0,1037887243746.0,,120547198705.0,3789723949697.0,269385174265.0,58615849418.0,743378557941.0,성공,확정,False,158516031000.0,542234473000.0,CFS,False,0.19096686134353907,0.2678490478109289,True,사용가능,1826952100677.0,3426817049096.0,251016488622.0,6754948264541.0,2018.0,-0.4319023233496938,0.10590203544619793,-0.5378043587958917,0.378544419292182,0.1292537165892988,0.27386882462216866,-0.1259934410020944,0.0710830598325079,-0.002167564588255552,0.7243309767670456,0.15272953006713444,1,29.323863633203715,2020.0,53845675000.0,1072075322205.0,6279917456928.0,1.0,1.0
00265324,(주)씨제이이엔엠,2020,CFS,6279917456928.0,2494738813674.0,3785178643254.0,1072075322205.0,,58602426164.0,3391184002869.0,272067865192.0,65629506717.0,566412764825.0,성공,확정,False,53845675000.0,433189333000.0,CFS,False,0.17071487476675148,0.2678490478109289,True,사용가능,1037887243746.0,3789723949697.0,269385174265.0,5434907587861.0,2019.0,0.03294006999797637,-0.10516331852082907,0.13810338851880544,0.41061328763882915,0.03206886834664713,0.3161359930036252,-0.07974360515766593,0.08022798673319581,0.00914492690068791,0.6590808648147055,0.05022564542317087,1,29.468377952521003,2021.0,49602756000.0,1321883482916.0,7940624818521.0,0.0,1.0
00265324,(주)씨제이이엔엠,2021,CFS,7940624818521.0,3737319022978.0,4203305795543.0,1321883482916.0,,85414660028.0,3552396542302.0,296876105378.0,227562448542.0,782218621248.0,성공,확정,False,49602756000.0,452068575000.0,CFS,False,0.1664709658404703,0.2678490478109289,True,사용가능,1072075322205.0,3391184002869.0,272067865192.0,6279917456928.0,2020.0,0.23301362836820547,0.04753871783324391,0.18547491053496157,0.37767448130933956,-0.03293880632948959,0.3721103393652675,-0.06985044444012767,0.08357065486434134,0.003342668131145532,0.8891380272500964,0.03752430274004115,0,29.703013080600442,2022.0,117879852000.0,2768359639821.0,10332246645583.0,0.0,1.0
00265324,(주)씨제이이엔엠,2022,CFS,10332246645583.0,5987918870682.0,4344327774901.0,2768359639821.0,,97176006281.0,4792237788876.0,137375904912.0,-176815032777.0,1650761469423.0,성공,확정,False,117879852000.0,1219841378000.0,CFS,False,0.26793394842199825,0.2678490478109289,True,사용가능,1321883482916.0,3552396542302.0,296876105378.0,7940624818521.0,2021.0,1.0942539002863971,0.34901544121269934,0.7452384590736978,0.5964639956090136,0.21878951429967408,0.5776757668926749,-0.17688084352702543,0.028666337307152064,-0.054904317557189275,1.3783303610921611,0.04258111926802329,0,29.966290862884858,2023.0,186542009000.0,2856928686941.0,9949859715419.0,1.0,1.0
00265324,(주)씨제이이엔엠,2023,CFS,9949859715419.0,5772095217523.0,4177764497896.0,2856928686941.0,,115975579202.0,4368360656512.0,-14600377588.0,-396774722680.0,1296047106262.0,성공,확정,False,186542009000.0,899110917000.0,CFS,False,0.2871325595187742,0.2678490478109289,True,사용가능,2768359639821.0,4792237788876.0,137375904912.0,10332246645583.0,2022.0,0.031993331302043834,-0.0884507720689333,0.12044410337097713,0.3196674960543904,-0.27679649955462327,0.6540047655364996,-0.17013524585866116,-0.003342301319886428,-0.03200863862703849,1.3816229278672685,0.06529459760500224,1,29.928579568046793,2024.0,57801336000.0,2663714667920.0,9316636930911.0,0.0,1.0
00265324,(주)씨제이이엔엠,2024,CFS,9316636930911.0,5638566211854.0,3678070719057.0,2663714667920.0,,136995831794.0,5231360073502.0,104478244497.0,-580847429608.0,1402576859379.0,성공,확정,False,57801336000.0,1520744421000.0,CFS,False,0.28590946364800934,0.2678490478109289,True,사용가능,2856928686941.0,4368360656512.0,-14600377588.0,9949859715419.0,2023.0,-0.06762997617132688,0.1975568147523511,-0.265186790923678,0.550930144640104,0.23126264858571366,0.5091820540918807,-0.21289058527185267,0.01997152614789517,0.0233138274677816,1.533022783558561,0.021699522361054914,0,29.862822835183216,2025.0,52696484000.0,2321385044592.0,8666766089199.0,0.0,1.0
00265324,(주)씨제이이엔엠,2025,CFS,8666766089199.0,5220924631396.0,3445841457803.0,2321385044592.0,,142889383631.0,5134511101925.0,132887741945.0,17013682266.0,1166374650640.0,성공,확정,False,52696484000.0,1171757818000.0,CFS,False,0.2678490478109289,0.2678490478109289,True,사용가능,2663714667920.0,5231360073502.0,104478244497.0,9316636930911.0,2024.0,-0.12851587576206613,-0.018513153408720905,-0.11000272235334523,0.4701040643415934,-0.08082608029851063,0.45211413482418616,-0.1326170519135617,0.02588128437295199,0.005909758225056818,1.5151377958998606,0.02270044951084872,0,29.790516837046773,,,,,,
00301112,(주)삼화네트웍스,2015,CFS,35922983576.0,3723185080.0,32199798496.0,4225276600.0,,,19754541648.0,-2553615680.0,-2133301766.0,-297240054.0,성공,확정,False,14507920.0,,,False,0.11762042512590436,0.0116963864724827,True,사용가능,,,,,,,,,,,0.21388887048299488,-0.05111105841516642,-0.1292672705599593,,0.11562758942303662,0.0034336024297202225,0,24.30464313862363,2016.0,0.0,1118531960.0,44917657813.0,0.0,0.0
00301112,(주)삼화네트웍스,2016,CFS,44917657813.0,5653568354.0,39264089459.0,1118531960.0,,,45701998356.0,7017526329.0,7669221308.0,14257192617.0,성공,확정,False,0.0,,CFS,False,0.024901831806472246,0.0116963864724827,True,사용가능,4225276600.0,19754541648.0,-2553615680.0,35922983576.0,2015.0,-0.7352760384965094,1.3134932295747286,-2.048769268071238,,,0.024474465017636438,-0.14666773891966645,0.15354966044014795,0.28281693100010724,0.14398827101042339,0.0,0,24.52809682416161,2017.0,0.0,635708031.0,44058837941.0,0.0,0.0
00301112,(주)삼화네트웍스,2017,CFS,44058837941.0,5422412339.0,38636425602.0,635708031.0,,,21001396882.0,-178462998.0,708953936.0,4255709036.0,성공,확정,False,0.0,,CFS,False,0.014428615476678897,0.0116963864724827,True,사용가능,1118531960.0,45701998356.0,7017526329.0,44917657813.0,2016.0,-0.43165859024716646,-0.540470928242401,0.10881233799523449,,,0.0302697975078437,-0.08050042320111858,-0.0084976727501854,-0.16204733319033335,0.14034456486366356,0.0,0,24.50879180350616,2018.0,0.0,4512199862.0,54810390737.0,0.0,0.0
00301112,(주)삼화네트웍스,2018,CFS,54810390737.0,20296407504.0,34513983233.0,4512199862.0,,,12559042727.0,-3752501480.0,-3069686568.0,-5138514721.0,성공,확정,False,0.0,,CFS,False,0.08232380395993089,0.0116963864724827,True,사용가능,635708031.0,21001396882.0,-178462998.0,44058837941.0,2017.0,6.097912315032559,-0.401990124868114,6.499902439900673,,,0.3592789641761046,0.037745181619430204,-0.2987888138904649,-0.2902911411402795,0.5880633181913907,0.0,0,24.72714562491535,2019.0,0.0,9944210883.0,43303787276.0,0.0,0.0
00301112,(주)삼화네트웍스,2019,CFS,43303787276.0,8391494313.0,34912292963.0,9944210883.0,,,54197930136.0,173531136.0,720921869.0,6551700516.0,성공,확정,False,0.0,,CFS,False,0.22963836441417493,0.0116963864724827,True,사용가능,4512199862.0,12559042727.0,-3752501480.0,54810390737.0,2018.0,1.2038498264995514,3.315450732521423,-2.1116009060218714,,,0.1834795324848529,-0.1346482378050928,0.0032018037508914953,0.30199061764135643,0.24035930043017495,0.0,0,24.491505934088362,2020.0,0.0,335543800.0,37985059200.0,0.0,0.0
00301112,(주)삼화네트웍스,2020,CFS,37985059200.0,5768572653.0,32216486547.0,335543800.0,,,29296600231.0,-206716896.0,-959546106.0,1680388197.0,성공,확정,False,0.0,,CFS,False,0.008833573175002449,0.0116963864724827,True,사용가능,9944210883.0,54197930136.0,173531136.0,43303787276.0,2019.0,-0.9662573728626749,-0.4594516772598985,-0.5068056956027764,,,0.01145333579167137,-0.06949928099625023,-0.007056002893511989,-0.010257806644403483,0.17905654127070444,0.0,0,24.36045874041032,,,,,,
00303794,(주)쇼박스,2015,CFS,215777685987.0,99672724882.0,116104961105.0,115690002.0,,,142003138277.0,14059517633.0,11469705171.0,86949675617.0,성공,확정,False,0.0,75193958000.0,,False,0.0005361536873973614,0.0205148998954749,True,사용가능,,,,,,,,,,,0.0008147003186248462,-0.3498043372777084,0.09900849941481325,,0.8584708520065785,0.0,0,26.09751448306642,2016.0,0.0,846511152.0,197190687332.0,0.0,0.0
00303794,(주)쇼박스,2016,CFS,197190687332.0,70967595581.0,126223091751.0,846511152.0,,,125931981048.0,15295422410.0,13371305470.0,-5955781143.0,성공,확정,False,0.0,50270155000.0,CFS,False,0.004292855628495133,0.0205148998954749,True,사용가능,115690002.0,142003138277.0,14059517633.0,215777685987.0,2015.0,6.317064027710882,-0.11317466236309946,6.430238690073981,104.48990793873024,,0.006721971217758779,0.09801216717937578,0.12145780827643794,0.02244930886162469,0.5622394016539985,0.0,0,26.007437053517076,2017.0,0.0,2073984332.0,203267261164.0,0.0,0.0
00303794,(주)쇼박스,2017,CFS,203267261164.0,64344875794.0,138922385370.0,2073984332.0,,,102706677987.0,10397090276.0,15845912880.0,2544201294.0,성공,확정,False,0.0,57782787000.0,CFS,False,0.010203238436546202,0.0205148998954749,True,사용가능,846511152.0,125931981048.0,15295422410.0,197190687332.0,2016.0,1.4500378135597203,-0.1844273620387778,1.634465175598498,39.570536791831586,-64.91937114689865,0.020193276354070304,0.06543951795202238,0.10123090805561837,-0.020226900220819577,0.4631714005099076,0.0,0,26.03778750754448,2018.0,0.0,17112551056.0,179732880599.0,0.0,0.0
00303794,(주)쇼박스,2018,CFS,179732880599.0,39022361626.0,140710518973.0,17112551056.0,,,68510507817.0,5242482865.0,4352362751.0,-51873103959.0,성공,확정,False,0.0,39906015000.0,CFS,False,0.0952110209271036,0.0205148998954749,True,사용가능,2073984332.0,102706677987.0,10397090276.0,203267261164.0,2017.0,7.251051269754723,-0.33294982215594926,7.584001091910672,4.159793750460937,-35.41074304137065,0.24977994764992445,0.3128279395657381,0.07652085836238898,-0.02471004969322939,0.2773236991151155,0.0,0,25.91473758895075,2019.0,0.0,3390114690.0,165251339625.0,0.0,0.0
00303794,(주)쇼박스,2019,CFS,165251339625.0,24591014103.0,140660325522.0,3390114690.0,,,78650190860.0,1942203853.0,3259344790.0,-149056027.0,성공,확정,False,0.0,59874944000.0,CFS,False,0.020514899895474902,0.0205148998954749,True,사용가능,17112551056.0,68510507817.0,5242482865.0,179732880599.0,2018.0,-0.8018930854373487,0.14800186666378742,-0.9498949521011362,5.840698447876847,1.6809046974159108,0.043103705826150106,0.02062555634789154,0.024694203939786854,-0.05182665442260212,0.1748255168025602,0.0,0,25.83073342230193,2020.0,0.0,2721531871.0,150454358713.0,0.0,0.0
00303794,(주)쇼박스,2020,CFS,150454358713.0,15921927137.0,134532431576.0,2721531871.0,,,46799889150.0,-1951898944.0,-2628585769.0,-34401559790.0,성공,확정,False,0.0,30399281000.0,CFS,False,0.018088753920326578,0.0205148998954749,True,사용가능,3390114690.0,78650190860.0,1942203853.0,165251339625.0,2019.0,-0.19721539833804266,-0.40496153107491645,0.20774613273687378,9.947983966869318,4.10728551899247,0.058152528145464635,0.21118014986597167,-0.04170734118074294,-0.0664015451205298,0.1183501030233397,0.0,0,25.736925610775955,2021.0,0.0,2317087392.0,160149635328.0,0.0,0.0
00303794,(주)쇼박스,2021,CFS,160149635328.0,23002731439.0,137146903889.0,2317087392.0,,,50933935065.0,1924376679.0,2248106076.0,25526016812.0,성공,확정,False,0.0,19268441000.0,CFS,False,0.014468265177466117,0.0205148998954749,True,사용가능,2721531871.0,46799889150.0,-1951898944.0,150454358713.0,2020.0,-0.14860912830368248,0.08833452365132365,-0.2369436519550061,7.648302042384344,-2.2996819244849735,0.045492016060471645,-0.14535100681512556,0.037781818281744414,0.07948915946248736,0.16772330097671972,0.0,0,25.799374435933736,2022.0,1264000.0,4823689789.0,163178730062.0,0.0,0.0
00303794,(주)쇼박스,2022,CFS,163178730062.0,28013934454.0,135164795608.0,4823689789.0,,,56684307302.0,-3194257528.0,-2124882555.0,-21270501155.0,성공,확정,False,1264000.0,42243536000.0,CFS,False,0.029560775397426072,0.0205148998954749,True,사용가능,2317087392.0,50933935065.0,1924376679.0,160149635328.0,2021.0,1.0817901843729854,0.11289864467886858,0.9688915396941168,11.831635389044356,4.183333346660012,0.08509744616443086,0.11732913102538299,-0.0563517079071247,-0.09413352618886911,0.20725762450190793,0.0002620400679335642,0,25.818111940480208,2023.0,5938622000.0,10603149876.0,132069649608.0,1.0,1.0
00303794,(주)쇼박스,2023,CFS,132069649608.0,27148662661.0,104920986947.0,10603149876.0,,,40170208807.0,-28295165725.0,-30299585774.0,17252401061.0,성공,확정,False,5938622000.0,45820571000.0,CFS,False,0.08028453098400379,0.0205148998954749,True,사용가능,4823689789.0,56684307302.0,-3194257528.0,163178730062.0,2022.0,1.198140912829749,-0.29133457355343445,1.4894754863831836,5.940370418700401,-5.891264970343955,0.2639555578847853,-0.36005234341228676,-0.7043818432945095,-0.6480301353873847,0.25875340530978735,0.5600809258993822,1,25.606595268920692,2025.0,4222908000.0,3244469432.0,132897072384.0,,
00303794,(주)쇼박스,2025,CFS,132897072384.0,25446861840.0,107450210544.0,3244469432.0,,,62748042504.0,-11651067244.0,-15048131103.0,-19330361439.0,성공,확정,False,4222908000.0,20525318000.0,CFS,False,0.024413400339062807,0.0205148998954749,True,사용가능,10603149876.0,40170208807.0,-28295165725.0,132069649608.0,2023.0,,,,,,0.05170630512964886,0.032222157036136144,-0.18568017071221432,,0.23682468104219967,1.3015712086388367,1,25.612840773709657,,,,,,
00303873,씨제이씨지브이(주),2015,CFS,1417577426757.0,972407246956.0,445170179801.0,114546732478.0,,13587028385.0,1193516367213.0,66899399021.0,52199238517.0,151672649998.0,성공,확정,False,0.0,31324703000.0,,False,0.08080456863654299,0.0808045686365429,True,사용가능,,,,,,,,,,,0.09597416141471105,-0.0701714132882081,0.056052351571196216,,2.1843494714553557,0.0,0,27.97997049310738,2016.0,0.0,892703484350.0,2541773013510.0,0.0,0.0
00303873,씨제이씨지브이(주),2016,CFS,2541773013510.0,1621292084258.0,920480929252.0,892703484350.0,,16812064453.0,1432245446647.0,70336754221.0,5621660284.0,187811328056.0,성공,확정,False,0.0,30729379000.0,CFS,False,0.3512129051670285,0.0808045686365429,True,사용가능,114546732478.0,1193516367213.0,66899399021.0,1417577426757.0,2015.0,6.793356170342562,0.20002162181609645,6.593334548526465,0.061016376043624934,,0.6232894553373443,-0.07167818164864753,0.04910942770714608,-0.006942923864050134,1.7613532586443612,0.0,0,28.56388299025957,2017.0,6052000.0,727736094592.0,2460100845901.0,0.0,0.0
00303873,씨제이씨지브이(주),2017,CFS,2460100845901.0,1682438284658.0,777662561243.0,727736094592.0,,17886274593.0,1714387173382.0,86242893480.0,10036368802.0,194342876963.0,성공,확정,False,6052000.0,38430444000.0,CFS,False,0.2958155539861498,0.0808045686365429,True,사용가능,892703484350.0,1432245446647.0,70336754221.0,2541773013510.0,2016.0,-0.18479527933972043,0.1969925807029208,-0.3817878600426412,0.04743212212218563,-0.013584253921439304,0.4244875987705758,-0.07491827356105747,0.050305377232767796,0.0011959495256217145,2.163455422064841,8.316201498007337e-06,0,28.531223459301277,2018.0,0.0,460163901355.0,2234185992506.0,0.0,0.0
00303873,씨제이씨지브이(주),2018,CFS,2234185992506.0,1683905312410.0,550280680096.0,460163901355.0,,18772487500.0,1769356467477.0,77706738825.0,-188541087052.0,108733820274.0,성공,확정,False,0.0,20802706000.0,CFS,False,0.20596490305574422,0.0808045686365429,True,사용가능,727736094592.0,1714387173382.0,86242893480.0,2460100845901.0,2017.0,-0.36767750730711307,0.0320635238926579,-0.399741031199771,0.03502433886855261,-0.012407783253633023,0.26007416245024223,-0.13305736779441457,0.04391807996486164,-0.006387297267906156,3.06008437751482,0.0,0,28.434898068484237,2019.0,0.0,336280868943.0,4524046865181.0,0.0,0.0
00303873,씨제이씨지브이(주),2019,CFS,4524046865181.0,3922936967719.0,601109897462.0,336280868943.0,,21571387028.0,1942279329129.0,121975391246.0,-239075347803.0,283339456559.0,성공,확정,False,0.0,42240305000.0,CFS,False,0.07433187121273244,0.0808045686365429,True,사용가능,460163901355.0,1769356467477.0,77706738825.0,2234185992506.0,2018.0,-0.2692150167521043,0.0977320652059322,-0.3669470819580365,0.10607215107758257,0.07104781220902996,0.17313723309499593,-0.1154751088859684,0.06280012839383865,0.018882048428977012,6.5261560062184705,0.0,0,29.140428033364177,2020.0,23023000.0,241051823494.0,4354856895866.0,0.0,0.0
00303873,씨제이씨지브이(주),2020,CFS,4354856895866.0,4066971784892.0,287885110974.0,241051823494.0,,16205558012.0,583443792479.0,-388660290864.0,-751648434193.0,-268443869621.0,성공,확정,False,23023000.0,22801312000.0,CFS,False,0.0553524097939537,0.0808045686365429,True,사용가능,336280868943.0,1942279329129.0,121975391246.0,4524046865181.0,2019.0,-0.2831830598877792,-0.6996087103801693,0.41642565049239005,0.07898846643779188,-0.02708368463979069,0.4131534632835711,-0.11095762182924973,-0.6661486434067925,-0.7289487718006311,14.127065380811944,9.551058219052661e-05,0,29.102312865960858,2021.0,9049000.0,178290445823.0,3785492375609.0,0.0,0.0
00303873,씨제이씨지브이(주),2021,CFS,3785492375609.0,3484207008067.0,301285367542.0,178290445823.0,,12767617752.0,736315366659.0,-241445734017.0,-338788006843.0,-171876627587.0,성공,확정,False,9049000.0,12904674000.0,CFS,False,0.04709835026264374,0.0808045686365429,True,사용가능,241051823494.0,583443792479.0,-388660290864.0,4354856895866.0,2020.0,-0.2603646666566793,0.26201594078233736,-0.5223806074390167,0.061547213072597584,-0.017441253365194295,0.24213870020394304,-0.044092382890917256,-0.32791076344440545,0.338237879962387,11.564474692191256,5.0754262003380175e-05,0,28.962197080383664,2022.0,2783000.0,167726522496.0,3601468386488.0,0.0,0.0
00303873,씨제이씨지브이(주),2022,CFS,3601468386488.0,3208379045793.0,393089340695.0,167726522496.0,,17027414291.0,1281306043785.0,-76765794985.0,-214507519598.0,107641702022.0,성공,확정,False,2783000.0,14411165000.0,CFS,False,0.04657170478721315,0.0808045686365429,True,사용가능,178290445823.0,736315366659.0,-241445734017.0,3785492375609.0,2021.0,-0.05925120259942287,0.7401593146138893,-0.7994105172133121,0.08329744676980151,0.021750233697203927,0.13090277948001633,-0.0894494098097988,-0.05991214617097452,0.26799861727343094,8.161958907663175,1.6592486141041705e-05,0,28.91236276336364,2023.0,916000.0,203424638546.0,3194214710432.0,0.0,0.0
00303873,씨제이씨지브이(주),2023,CFS,3194214710432.0,2932973509969.0,261241200463.0,203424638546.0,,18966978727.0,1545839243146.0,49065796701.0,-123353396404.0,180112447168.0,성공,확정,False,916000.0,12730008000.0,CFS,False,0.06368533645582264,0.0808045686365429,True,사용가능,167726522496.0,1281306043785.0,-76765794985.0,3601468386488.0,2022.0,0.2128352482288622,0.2064559053975617,0.006379342831300511,0.06859743056850874,-0.01470001620129277,0.13159495041153327,-0.09500483564267284,0.03174055576512873,0.09165270193610325,11.227071016251902,4.502896043208978e-06,0,28.792362386515226,2024.0,98000.0,576099666331.0,3997014314732.0,0.0,0.0
00303873,씨제이씨지브이(주),2024,CFS,3997014314732.0,3420269607130.0,576744707602.0,576099666331.0,,21298947687.0,1957884214182.0,75933768898.0,-175469437302.0,190770411042.0,성공,확정,False,98000.0,20345498000.0,CFS,False,0.14413250015333695,0.0808045686365429,True,사용가능,203424638546.0,1545839243146.0,49065796701.0,3194214710432.0,2023.0,1.8320053580959308,0.2665509837862769,1.5654543743096538,0.05219977843592776,-0.01639765213258098,0.29424603465210186,-0.09162835544374487,0.03878358502917139,0.007043029264042662,5.930300810822975,1.7010945453957921e-07,0,29.01656877702035,2025.0,50815784000.0,534894515126.0,4122622000546.0,1.0,1.0
00303873,씨제이씨지브이(주),2025,CFS,4122622000546.0,3472281571266.0,650340429280.0,534894515126.0,,21378065104.0,2275369359771.0,96217499551.0,-143369293871.0,214869995007.0,성공,확정,False,50815784000.0,24773102000.0,CFS,False,0.12974619430429435,0.0808045686365429,True,사용가능,576099666331.0,1957884214182.0,75933768898.0,3997014314732.0,2024.0,-0.07152434485411668,0.1621572630747445,-0.2336816079288612,0.04459627676449504,-0.0076035016714327205,0.23508030150315173,-0.08689598241860515,0.042286540924803356,0.0035029558956319665,5.339175322546387,0.09500150508746535,1,29.04751048476787,,,,,,
00347877,(주)세영디앤씨,2015,OFS,20107489507.0,13818809726.0,6288679781.0,6125897092.0,,10784896.0,3181551826.0,-10239279647.0,-17710051338.0,-6498066160.0,성공,확정,False,921182000.0,3399273000.0,,False,0.304657480480962,0.0125836104699973,True,사용가능,,,,,,,,,,,1.9254431255648514,-0.5576024383400415,-3.2183287298114878,,2.197410300290817,0.1503750366951153,1,23.72435819489728,2016.0,361154000.0,8181036106.0,36908240894.0,0.0,1.0
00347877,(주)세영디앤씨,2016,CFS,36908240894.0,20095422401.0,16812818493.0,8181036106.0,,0.0,3016993670.0,-8837871673.0,-7189282879.0,-4896861597.0,성공,확정,False,361154000.0,3327280000.0,OFS,True,0.22165879239533068,0.0125836104699973,True,사용가능,6125897092.0,3181551826.0,-10239279647.0,20107489507.0,2015.0,,,,,,2.7116517304459573,-0.06211136663445448,-2.929363677783255,,1.195244117419498,0.0441452641597717,0,24.331700693519064,2018.0,3256878000.0,16882333566.0,79158930152.0,,
00347877,(주)세영디앤씨,2018,CFS,79158930152.0,43481706637.0,35677223515.0,16882333566.0,,101246191.0,19367172485.0,-8059101105.0,-15805015567.0,-8555384042.0,성공,확정,False,3256878000.0,647593000.0,CFS,False,0.21327137107061392,0.0125836104699973,True,사용가능,8181036106.0,3016993670.0,-8837871673.0,36908240894.0,2016.0,,,,,,0.8716984154024278,-0.09158324286444179,-0.4161217189159556,,1.2187525360183566,0.19291633986898324,1,25.094723442581866,2019.0,0.0,724159933.0,37402436300.0,0.0,0.0
00347877,(주)세영디앤씨,2019,CFS,37402436300.0,2614266994.0,34788169306.0,724159933.0,,9005518.0,2662330571.0,-9148935237.0,-25340928598.0,-4563088720.0,성공,확정,False,0.0,356186000.0,CFS,False,0.01936130382501313,0.0125836104699973,True,사용가능,16882333566.0,19367172485.0,-8059101105.0,79158930152.0,2018.0,-0.9571054599668369,-0.862533853454241,-0.09457160651259588,0.040460753871318034,,0.27200226030834246,-0.5555210283988907,-3.436438486135687,-3.0203167672197315,0.07514816232508996,0.0,0,24.3450016809565,2020.0,0.0,384424744.0,30549637953.0,0.0,0.0
00347877,(주)세영디앤씨,2020,CFS,30549637953.0,3810654067.0,26738983886.0,384424744.0,,7055602.0,888078398.0,-4706521234.0,-8775557188.0,-4827952001.0,성공,확정,False,0.0,339736000.0,CFS,False,0.012583610469997376,0.0125836104699973,True,사용가능,724159933.0,2662330571.0,-9148935237.0,37402436300.0,2019.0,-0.46914386383207973,-0.6664282010379995,0.19728433720591976,0.6129184482675292,0.5724576943962112,0.43287253114786384,-0.12921937710271103,-5.299668638038418,-1.863230151902731,0.14251304698961215,0.0,0,24.14261867152816,2023.0,0.0,2027340.0,3280355428.0,,
00347877,(주)세영디앤씨,2023,CFS,3280355428.0,1508322763.0,1772032665.0,2027340.0,,0.0,327272727.0,-266849267.0,-295348650.0,168112104.0,성공,확정,False,0.0,579000.0,CFS,False,0.0006180244929239418,0.0125836104699973,True,사용가능,384424744.0,888078398.0,-4706521234.0,30549637953.0,2020.0,,,,,,0.006194650005162209,-0.1412837005539267,-0.8153727609572551,,0.8511822568462641,0.0,0,21.91121761566683,2024.0,0.0,1448100.0,3083150608.0,0.0,0.0
00347877,(주)세영디앤씨,2024,CFS,3083150608.0,1511441307.0,1571709301.0,1448100.0,,,0.0,-226689948.0,-200323364.0,-214436905.0,성공,확정,False,0.0,579000.0,CFS,False,0.00046968188846906953,0.0125836104699973,True,사용가능,2027340.0,327272727.0,-266849267.0,3280355428.0,2023.0,-0.2857142857142857,-1.0,0.7142857142857143,0.33319522132449414,,,0.004577635929746316,,,0.961654490457202,0.0,0,21.849217835776287,2025.0,0.0,868860.0,2164144648.0,0.0,0.0
00347877,(주)세영디앤씨,2025,CFS,2164144648.0,1526192347.0,637952301.0,868860.0,,,0.0,-217449304.0,-284704143.0,-306518279.0,성공,확정,False,0.0,579000.0,CFS,False,0.00040147963344453857,0.0125836104699973,True,사용가능,1448100.0,0.0,-226689948.0,3083150608.0,2024.0,-0.4,,,0.49979283198674124,0.1665976106622471,,0.01007979573831148,,,2.392329872637296,0.0,0,21.49529103858031,,,,,,
00349097,(주)케이티스카이라이프,2015,CFS,711294112570.0,217850325351.0,493443787219.0,64332334467.0,,2559795361.0,660956583374.0,99601795061.0,72986739961.0,157762636660.0,성공,확정,False,1033156000.0,21166168000.0,,False,0.09044406994254281,0.0904440699425428,True,사용가능,,,,,,,,,,,0.0973321638444106,-0.11918543286221425,0.1506934003933518,,0.4414896508856312,0.016059669038280728,0,27.290351841651766,2016.0,0.0,64710043129.0,777948019150.0,0.0,0.0
00349097,(주)케이티스카이라이프,2016,CFS,777948019150.0,231452006180.0,546496012970.0,64710043129.0,,1481228175.0,665053007449.0,80637464285.0,68863322695.0,155398874244.0,성공,확정,False,0.0,18588417000.0,CFS,False,0.08318042020301479,0.0904440699425428,True,사용가능,64332334467.0,660956583374.0,99601795061.0,711294112570.0,2015.0,0.005871210257320134,0.006197720361735246,-0.0003265101044151123,0.28809786903021534,,0.0973005796593775,-0.11123564739396123,0.12124967992297025,-0.029443720470381546,0.4235200270211406,0.0,0,27.37992554546081,2017.0,557504000.0,69587103007.0,792893053830.0,0.0,0.0
00349097,(주)케이티스카이라이프,2017,CFS,792893053830.0,210550141663.0,582342912167.0,69587103007.0,,4086652370.0,685821509172.0,75372599401.0,57314012635.0,99269319775.0,성공,확정,False,557504000.0,19928300000.0,CFS,False,0.08776354222157154,0.0904440699425428,True,사용가능,64710043129.0,665053007449.0,80637464285.0,777948019150.0,2016.0,0.07536789719452885,0.031228340433589644,0.04413955676093921,0.29677920303412875,0.00868133400391341,0.10146532600153252,-0.05291420695053209,0.1099011891475935,-0.011348490775376752,0.3615569748750028,0.008011599504924336,0,27.398954186724794,2018.0,2282562000.0,61172824468.0,816001169633.0,0.0,0.0
00349097,(주)케이티스카이라이프,2018,CFS,816001169633.0,149840554044.0,666160615589.0,61172824468.0,,7498211300.0,690820835670.0,66734988575.0,52010216054.0,183474568331.0,성공,확정,False,2282562000.0,20603159000.0,CFS,False,0.07496658919681787,0.0904440699425428,True,사용가능,69587103007.0,685821509172.0,75372599401.0,792893053830.0,2017.0,-0.12091721275066702,0.0072895446280705645,-0.1282067573787376,0.31512955685814553,0.018350353824016785,0.0885509256660895,-0.1611080439212197,0.09660245483226683,-0.013298734315326674,0.2249315713621336,0.03731333349163936,0,27.427681625283267,2019.0,0.0,60980518794.0,848276023038.0,0.0,0.0
00349097,(주)케이티스카이라이프,2019,CFS,848276023038.0,142838692816.0,705437330222.0,60980518794.0,,2619783396.0,694637002537.0,69357292753.0,56007736739.0,152548955427.0,성공,확정,False,0.0,22373900000.0,CFS,False,0.07188758981493489,0.0904440699425428,True,사용가능,61172824468.0,690820835670.0,66734988575.0,816001169633.0,2018.0,-0.003143645494096756,0.005524105050043619,-0.008667750544140375,0.3663248078607468,0.05119525100260125,0.08778760499553413,-0.11380873214151341,0.0998468156745014,0.0032443608422345754,0.20248246966324973,0.0,0,27.466471918640618,2020.0,0.0,64290257363.0,919475827664.0,0.0,0.0
00349097,(주)케이티스카이라이프,2020,CFS,919475827664.0,175038681560.0,744437146104.0,64290257363.0,,2187264001.0,698715355151.0,73845539233.0,58190149540.0,160179034723.0,성공,확정,False,0.0,20069550000.0,CFS,False,0.06992055193700351,0.0904440699425428,True,사용가능,60980518794.0,694637002537.0,69357292753.0,848276023038.0,2019.0,0.05427534292026476,0.005871199776436853,0.048404143143827905,0.32041870603319533,-0.04590610182755145,0.09201208602193403,-0.11092068123434055,0.1056875860657752,0.0058407703912738,0.23512889231288653,0.0,0,27.547069592079712,2021.0,0.0,453572403832.0,1275644844175.0,0.0,0.0
00349097,(주)케이티스카이라이프,2021,CFS,1275644844175.0,469693812741.0,805951031434.0,453572403832.0,,2772781666.0,763222599361.0,73018655032.0,62308920273.0,102947299943.0,성공,확정,False,0.0,27162027000.0,CFS,False,0.35556323211993984,0.0904440699425428,True,사용가능,64290257363.0,698715355151.0,73845539233.0,919475827664.0,2020.0,6.055072143684366,0.09232263715752931,5.962749506526836,0.1049005036869117,-0.21551820234628363,0.5942858665502682,-0.031857126891993305,0.09567150539453902,-0.010016080671236188,0.5827820728826297,0.0,0,27.87447292682264,2022.0,25884000000.0,489822787164.0,1361298311421.0,1.0,1.0
00349097,(주)케이티스카이라이프,2022,CFS,1361298311421.0,503764190486.0,857534120935.0,489822787164.0,,5523928855.0,1034236194565.0,63195741120.0,23085655455.0,176406899582.0,성공,확정,False,25884000000.0,51189103000.0,CFS,False,0.3598203149555775,0.0904440699425428,True,사용가능,453572403832.0,763222599361.0,73018655032.0,1275644844175.0,2021.0,0.07992193313733188,0.3550911561461928,-0.27516922300886093,0.10852101746661764,0.0036205137797059445,0.47360824320214356,-0.1126286889807089,0.061103780212004806,-0.03456772518253421,0.5874567299278167,0.052843601151886896,1,27.939460001047557,2023.0,113334250000.0,384813967527.0,1215697591061.0,1.0,1.0
00349097,(주)케이티스카이라이프,2023,CFS,1215697591061.0,478564857967.0,737132733094.0,384813967527.0,,1837922038.0,1025595274656.0,14067496354.0,-113745084092.0,207207643441.0,성공,확정,False,113334250000.0,107479733000.0,CFS,False,0.3165375750980584,0.0904440699425428,True,사용가능,489822787164.0,1034236194565.0,63195741120.0,1361298311421.0,2022.0,-0.21438124641972092,-0.008354880591501995,-0.20602636582821893,0.2457699894808822,0.13724897201426456,0.37521035542609377,-0.2640070440979393,0.0137164207964184,-0.0473873594155864,0.6492248091579089,0.29451698629428785,1,27.82633917698197,2024.0,140022455000.0,204572487047.0,1040240740660.0,1.0,1.0
00349097,(주)케이티스카이라이프,2024,CFS,1040240740660.0,463595564711.0,576645175949.0,204572487047.0,,1022828040.0,1022927312705.0,-1075800064.0,-156078783566.0,162278450400.0,성공,확정,False,140022455000.0,115917151000.0,CFS,False,0.19665879161510746,0.0904440699425428,True,사용가능,384813967527.0,1025595274656.0,14067496354.0,1215697591061.0,2023.0,-0.4683860142559757,-0.0026013789424828176,-0.4657846353134929,0.39334854101383526,0.14757855153295307,0.19998731533136438,-0.3060418819628352,-0.0010516876914305718,-0.014768108487848972,0.8039529056114078,0.6844637664684118,1,27.67047328369799,2025.0,972280000.0,174019148474.0,976329059340.0,0.0,0.0
00349097,(주)케이티스카이라이프,2025,CFS,976329059340.0,413080111532.0,563248947808.0,174019148474.0,,955524631.0,984216356687.0,22980467279.0,1466653903.0,99935332947.0,성공,확정,False,972280000.0,85271960000.0,CFS,False,0.17823821467696271,0.0904440699425428,True,사용가능,204572487047.0,1022927312705.0,-1075800064.0,1040240740660.0,2024.0,-0.14935213925409457,-0.03784331060203471,-0.11150882865205985,0.4504693289520395,0.05712078793820424,0.17680985211399153,-0.1008560362943258,0.023348999559766753,0.024400687251197324,0.7333881636878096,0.005587201227715852,0,27.607065517500004,,,,,,
00353762,(주)키이스트,2019,CFS,108361217981.0,40347362673.0,68013855308.0,32714136875.0,,26365070.0,100245744378.0,-1524809510.0,-10713545959.0,23313284853.0,성공,확정,False,4440185000.0,25878088000.0,CFS,False,0.30189894027156544,0.0074350227016543,True,사용가능,,,,,,,,,,,0.3263394080016375,-0.31401299695585044,-0.01521071562150658,,0.5932226969091431,0.1357267965517736,1,25.40873609423487,2020.0,472820000.0,54176542.0,70068611656.0,1.0,1.0
00353762,(주)키이스트,2020,CFS,70068611656.0,28442806596.0,41625805060.0,54176542.0,,0.0,48110630557.0,1667575885.0,8738171503.0,6307235234.0,성공,확정,False,472820000.0,14815483000.0,CFS,False,0.0007731927423648453,0.0074350227016543,True,사용가능,32714136875.0,100245744378.0,-1524809510.0,108361217981.0,2019.0,-0.9983439409632904,-0.5200730878351542,-0.4782708531281362,0.9042566708553159,,0.0011260825595668154,0.034693655426407156,0.03466127684658606,0.049871992468092645,0.6832974534667174,8.727393490710426,1,24.972740765460518,2021.0,0.0,120967406.0,63568013149.0,0.0,0.0
00353762,(주)키이스트,2021,CFS,63568013149.0,17919908912.0,45648104237.0,120967406.0,,0.0,46525413577.0,1015064003.0,-236417931.0,7494469856.0,성공,확정,False,0.0,57076000.0,CFS,False,0.001902960309872497,0.0074350227016543,True,사용가능,54176542.0,48110630557.0,1667575885.0,70068611656.0,2020.0,1.2328373412980105,-0.03294941183782415,1.2657867531358347,0.651761030304056,-0.25249564055125995,0.0026000286015684265,-0.12161600471732875,0.021817409560907167,-0.012843867285678896,0.3925663335099696,0.0,0,24.87537624286799,2022.0,0.0,349412096.0,85623370734.0,0.0,0.0
00353762,(주)키이스트,2022,OFS,85623370734.0,26550396417.0,59072974317.0,349412096.0,,,62044179229.0,-2403490312.0,-1666743650.0,9927967758.0,성공,확정,False,0.0,69146000.0,CFS,True,0.004080802857966122,0.0074350227016543,True,사용가능,120967406.0,46525413577.0,1015064003.0,63568013149.0,2021.0,,,,,,0.005631666021567446,-0.13541526464801837,-0.0387383690439181,,0.4494508144202134,0.0,0,25.173224105423678,2023.0,0.0,337472949.0,83152932599.0,0.0,0.0
00353762,(주)키이스트,2023,OFS,83152932599.0,24552156363.0,58600776236.0,337472949.0,,,52023895531.0,-1475031245.0,-5389544597.0,-3235183093.0,성공,확정,False,0.0,81939000.0,OFS,False,0.004058461180526764,0.0074350227016543,True,사용가능,349412096.0,62044179229.0,-2403490312.0,85623370734.0,2022.0,-0.03416924352842095,-0.16150239752573647,0.12733315399731554,0.23858140629630392,,0.006486883489893728,-0.02590842483438652,-0.028352956462498243,0.010385412581419857,0.41897322766036954,0.0,0,25.143947310742732,2024.0,0.0,259525192.0,71448697174.0,0.0,0.0
00353762,(주)키이스트,2024,OFS,71448697174.0,29395792643.0,42052904531.0,259525192.0,,,75844854928.0,654372103.0,-10977869999.0,2434143989.0,성공,확정,False,0.0,77948000.0,OFS,False,0.0036323292413292674,0.0074350227016543,True,사용가능,337472949.0,52023895531.0,-1475031245.0,83152932599.0,2023.0,-0.23097482992629434,0.45788496139827833,-0.6888597913245726,0.26113314145144045,0.022551735155136532,0.0034217903409053774,-0.18771530508579515,0.008627771832660232,0.03698072829515847,0.6990193179481907,0.0,0,24.99224550706227,2025.0,0.0,433867190.0,58354521218.0,0.0,0.0
00353762,(주)키이스트,2025,OFS,58354521218.0,19163918281.0,39190602937.0,433867190.0,,,15701782037.0,-3940417878.0,-2636286278.0,-6799466579.0,성공,확정,False,0.0,82925000.0,OFS,False,0.007435022701654343,0.0074350227016543,True,사용가능,259525192.0,75844854928.0,654372103.0,71448697174.0,2024.0,0.6717729275391501,-0.792974987533356,1.4647479150725062,0.23918636014088773,-0.02194678131055272,0.027631716513299348,0.07134289193201071,-0.2509535458277741,-0.25958131766043435,0.48899268816574576,0.0,0,24.789802677133082,,,,,,
00359474,(주)제이웨이,2015,CFS,8904595054.0,1800789753.0,7103805301.0,1728056880.0,,0.0,13815789138.0,537355445.0,156582565.0,2605384966.0,성공,확정,False,253003000.0,1687650000.0,,False,0.19406349974598183,0.1323667138819459,True,사용가능,,,,,,,,,,,0.12507840578190504,-0.2750043529379792,0.038894299821210836,,0.25349649613095443,0.14640895385341715,1,22.909833278650694,2016.0,400000000.0,1213441164.0,10418151072.0,1.0,1.0
00359474,(주)제이웨이,2016,CFS,10418151072.0,1253930643.0,9164220429.0,1213441164.0,,17600000.0,7477631226.0,-1047982517.0,-1623940743.0,1386423387.0,성공,확정,False,400000000.0,1559732000.0,CFS,False,0.1164737538948984,0.1323667138819459,True,사용가능,1728056880.0,13815789138.0,537355445.0,8904595054.0,2015.0,-0.29780021824281616,-0.4587619171580324,0.16096169891521622,1.0605018100770154,,0.1622761443197172,-0.2889537797249558,-0.1401489970989912,-0.17904329692020204,0.13682894826841577,0.32964103400072226,1,23.066815417220138,2019.0,0.0,3363352007.0,21075399394.0,,
00359474,(주)제이웨이,2019,CFS,21075399394.0,8287974406.0,12787424988.0,3363352007.0,,604826277.0,11406518008.0,-1247158934.0,-3039307511.0,1018158431.0,성공,확정,False,0.0,1401415000.0,CFS,False,0.1595866319837108,0.1323667138819459,True,사용가능,1213441164.0,7477631226.0,-1047982517.0,10418151072.0,2016.0,,,,,,0.29486228879322346,-0.19252142586465662,-0.10933739228091349,,0.6481347428256757,0.0,0,23.771372291734238,2020.0,5345879000.0,2408864708.0,17552968542.0,1.0,1.0
00359474,(주)제이웨이,2020,CFS,17552968542.0,11783079073.0,5769889469.0,2408864708.0,,3584639750.0,11051473777.0,-7611689204.0,-16805565410.0,-4059977490.0,성공,확정,False,5345879000.0,975595000.0,CFS,False,0.13723403549867766,0.1323667138819459,True,사용가능,3363352007.0,11406518008.0,-1247158934.0,21075399394.0,2019.0,-0.2837904855077514,-0.031126434092418786,-0.2526640514153326,0.33803131385028046,,0.2179677350375891,-0.7261215041491641,-0.6887487911197168,-0.5794113988388032,2.0421672089746576,2.2192524894594454,1,23.588488920246736,2021.0,566839000.0,225389000.0,3017670925.0,1.0,1.0
00359474,(주)제이웨이,2021,CFS,3017670925.0,6366364818.0,-3348693893.0,225389000.0,,425644979.0,4975972330.0,-3811863516.0,-9429823840.0,-2187009625.0,성공,확정,False,566839000.0,49463000.0,CFS,False,0.07468972117958819,0.1323667138819459,True,사용가능,2408864708.0,11051473777.0,-7611689204.0,17552968542.0,2020.0,-0.9064335164812419,-0.5497458139605013,-0.35668770252074067,0.03755371006959972,-0.3004776037806807,0.04529546891592141,-2.400133876426569,-0.7660540017512517,-0.07730521063153495,-1.9011486332949215,2.5149363988482136,1,21.82775115390504,2022.0,0.0,22000.0,1104641719.0,0.0,0.0
00359474,(주)제이웨이,2022,OFS,1104641719.0,5985718666.0,-4881076947.0,22000.0,,0.0,1390105992.0,-1468266254.0,-1256144325.0,-658471181.0,성공,확정,False,0.0,379000.0,CFS,True,1.9915959737530064e-05,0.1323667138819459,True,사용가능,225389000.0,4975972330.0,-3811863516.0,3017670925.0,2021.0,,,,,,1.5826131335746376e-05,-0.5410561032775913,-1.0562261168931066,,-1.2263110643397936,0.0,0,20.82278688314111,,,,,,
00364467,(주)드림어스컴퍼니,2015,CFS,60433973516.0,12377051748.0,48056921768.0,5102906583.0,,16206224602.0,55637376029.0,302396995.0,635014720.0,-6893895398.0,성공,확정,False,0.0,1612000000.0,,False,0.08443771418817922,0.0844377141881792,True,사용가능,,,,,,,,,,,0.09171724022966504,0.12458075615376685,0.005435141205120474,,0.2575498240971729,0.0,0,24.824817259187633,2016.0,410018000.0,4607322551.0,50075192360.0,1.0,1.0
00364467,(주)드림어스컴퍼니,2016,CFS,50075192360.0,11940563863.0,38134628497.0,4607322551.0,,16244466829.0,52327952517.0,-9442255959.0,-9986956689.0,4124497080.0,성공,확정,False,410018000.0,2315142000.0,CFS,False,0.09200808491911702,0.0844377141881792,True,사용가능,5102906583.0,55637376029.0,302396995.0,60433973516.0,2015.0,-0.09711799029419936,-0.05948201996936415,-0.03763597032483521,0.47684600807072985,,0.08804706336452205,-0.28180528329377347,-0.1804438260016471,-0.18587896720676758,0.31311604003010934,0.08899268402882002,1,24.636791559928756,2017.0,1298853000.0,52843411928.0,130877587748.0,0.0,1.0
00364467,(주)드림어스컴퍼니,2017,CFS,130877587748.0,17203966057.0,113673621691.0,52843411928.0,,14931855752.0,69451992770.0,-7958490183.0,-14092021202.0,-7552531769.0,성공,확정,False,1298853000.0,2533595000.0,CFS,False,0.4037621172369715,0.0844377141881792,True,사용가능,4607322551.0,52327952517.0,-9442255959.0,50075192360.0,2016.0,10.469440514107388,0.32724460693234353,10.142195907175045,0.08820061302875445,-0.38864539504197537,0.7608624291458181,-0.04996645755415012,-0.114589803194786,0.0658540228068611,0.15134527959147542,0.024579279660626535,0,25.597528278610213,2018.0,18961997000.0,49430124489.0,204478522045.0,1.0,1.0
00364467,(주)드림어스컴퍼니,2018,CFS,204478522045.0,44619710716.0,159858811329.0,49430124489.0,,16457154007.0,137849260234.0,-3118023689.0,-21314253571.0,13641616776.0,성공,확정,False,18961997000.0,6624198000.0,CFS,False,0.24173748907536516,0.0844377141881792,True,사용가능,52843411928.0,69451992770.0,-7958490183.0,130877587748.0,2017.0,-0.06459248777597214,0.9848136062921496,-1.0494060940681218,0.12953884713619662,0.04133823410744217,0.3585809920567731,-0.1709513057772747,-0.02261908176878958,0.09197072142599641,0.2791194951660793,0.38361216355463024,1,26.043728780238762,2019.0,21824682000.0,26598624855.0,171585554854.0,1.0,1.0
00364467,(주)드림어스컴퍼니,2019,CFS,171585554854.0,53668515015.0,117917039839.0,26598624855.0,,7130214686.0,196961162684.0,-26743471135.0,-48005522146.0,-1387694872.0,성공,확정,False,21824682000.0,7923879000.0,CFS,False,0.15501669052288486,0.0844377141881792,True,사용가능,49430124489.0,137849260234.0,-3118023689.0,204478522045.0,2018.0,-0.46189443927216567,0.42881552174931636,-0.890709961021482,0.20844428110076055,0.07890543396456393,0.13504502355966605,-0.2716885306205789,-0.13578042884478,-0.11316134707599043,0.4551379095699587,0.8205191854456868,1,25.868347841284514,2020.0,5548640000.0,16860524553.0,172443439357.0,1.0,1.0
00364467,(주)드림어스컴퍼니,2020,CFS,172443439357.0,76642040389.0,95801398968.0,16860524553.0,,4636197058.0,226329072223.0,-11888921989.0,-23067872601.0,15223219402.0,성공,확정,False,5548640000.0,6564080000.0,CFS,False,0.09777423029759108,0.0844377141881792,True,사용가능,26598624855.0,196961162684.0,-26743471135.0,171585554854.0,2019.0,-0.3661129233216519,0.14910507807123988,-0.5152180013928918,0.3020804635808946,0.09363618248013403,0.07449561997226532,-0.222050152477695,-0.05252936298561747,0.08325106585916253,0.8000096158783684,0.3290905916098991,1,25.873335131865364,2021.0,585423000.0,15767310137.0,254904569179.0,0.0,0.0
00364467,(주)드림어스컴퍼니,2021,CFS,254904569179.0,175265354702.0,79639214477.0,15767310137.0,,7658442824.0,244189264502.0,4848508839.0,-16103093025.0,2393118644.0,성공,확정,False,585423000.0,3872968000.0,CFS,False,0.0618557375718433,0.0844377141881792,True,사용가능,16860524553.0,226329072223.0,-11888921989.0,172443439357.0,2020.0,-0.0648386954132743,0.07891249720408218,-0.14375119261735647,0.23740269845041317,-0.0646777651304814,0.06457003820031106,-0.07256131864788788,0.01985553643764011,0.07238489942325758,2.200741881408399,0.037128907525338165,0,26.2641550735464,2022.0,1202041000.0,13278535066.0,271847458583.0,1.0,0.0
00364467,(주)드림어스컴퍼니,2022,CFS,271847458583.0,104063881260.0,167783577323.0,13278535066.0,,13483141248.0,274372337086.0,-8667349352.0,27270183922.0,21438232056.0,성공,확정,False,1202041000.0,3868771000.0,CFS,False,0.04884553688754026,0.0844377141881792,True,사용가능,15767310137.0,244189264502.0,4848508839.0,254904569179.0,2021.0,-0.15784398539607417,0.1236052397534978,-0.28144922514957194,0.26639066434192893,0.028987965891515755,0.048396041696572134,0.02145303066800383,-0.0315897347526084,-0.05144527119024851,0.6202268596268318,0.09052512148556614,1,26.32850693189431,2023.0,849711000.0,11711248311.0,236448698787.0,1.0,0.0
00364467,(주)드림어스컴퍼니,2023,CFS,236448698787.0,71571467930.0,164877230857.0,11711248311.0,,20287888173.0,270330896112.0,-3493557752.0,-2901527269.0,-26350233867.0,성공,확정,False,849711000.0,2364748000.0,CFS,False,0.049529764262098305,0.0844377141881792,True,사용가능,13278535066.0,274372337086.0,-8667349352.0,271847458583.0,2022.0,-0.11803160116759223,-0.014729768375786514,-0.10330183279180571,0.18925718277145673,-0.0771334815704722,0.04332190097186652,0.09917037699210723,-0.012923264792318057,0.018666469960290345,0.43408945891428025,0.07255511773257285,1,26.188997102899986,2024.0,1097593000.0,8635686846.0,247300675294.0,1.0,0.0
00364467,(주)드림어스컴퍼니,2024,CFS,247300675294.0,100603886390.0,146696788904.0,8635686846.0,,7982555162.0,225062659788.0,-3154088947.0,-17773265429.0,31955177639.0,성공,확정,False,1097593000.0,2493312000.0,CFS,False,0.034919786756480074,0.0844377141881792,True,사용가능,11711248311.0,270330896112.0,-3493557752.0,236448698787.0,2023.0,-0.26261602378554505,-0.16745491164740953,-0.09516111213813552,0.24507985903146898,0.05582267626001225,0.038370144803826944,-0.2010849465286782,-0.01401427029242001,-0.0010910055001019537,0.6857947412593761,0.12709967598100186,1,26.23387074213726,2025.0,5241444000.0,3188293813.0,222693228320.0,1.0,1.0
00364467,(주)드림어스컴퍼니,2025,CFS,222693228320.0,78810681898.0,143882546422.0,3188293813.0,,8155286654.0,224997032269.0,593044495.0,2601411618.0,-16533903119.0,성공,확정,False,5241444000.0,993883000.0,CFS,False,0.01431697693303259,0.0844377141881792,True,사용가능,8635686846.0,225062659788.0,-3154088947.0,247300675294.0,2024.0,-0.6308002050263322,-0.00029159665606821893,-0.6305086083702639,0.16811309636970542,-0.07696676266176355,0.014170381630581541,0.08592679212276462,0.0026357880769332684,0.01665005836935328,0.5477431687013127,1.643965176179326,1,26.12906100356287,,,,,,
00364795,(주)레드로버,2015,CFS,118158442676.0,17550264329.0,100608178347.0,2430261727.0,,10289038008.0,38580775834.0,-2565162134.0,-8949073520.0,-2427524659.0,성공,확정,False,1153788237.0,534535172.0,,False,0.02056782124036599,0.0134655516094884,True,사용가능,,,,,,,,,,,0.06299152037420379,-0.0551932533410466,-0.06648809098699889,,0.17444172648140713,0.4747588394210843,1,25.495292295292565,2016.0,0.0,2222152538.0,165024991359.0,0.0,0.0
00364795,(주)레드로버,2016,CFS,165024991359.0,20259024809.0,144765966550.0,2222152538.0,,8676905620.0,41898015457.0,1859711735.0,709285989.0,-13391220709.0,성공,확정,False,0.0,730693992.0,CFS,False,0.01346555160948845,0.0134655516094884,True,사용가능,2430261727.0,38580775834.0,-2565162134.0,118158442676.0,2015.0,-0.08563241838849071,0.08598167225234032,-0.17161409064083105,0.314113898883422,,0.053037178820094684,0.08544467466339908,0.04438663060088431,0.1108747215878832,0.139943284266353,0.0,0,25.82936276215948,2017.0,0.0,1540799327.0,163349499556.0,0.0,0.0
00364795,(주)레드로버,2017,CFS,163349499556.0,19621520704.0,143727978852.0,1540799327.0,,8552358481.0,35653275963.0,-3997337158.0,-10607048529.0,-22177913427.0,성공,확정,False,0.0,743532065.0,CFS,False,0.00943253166485385,0.0134655516094884,True,사용가능,2222152538.0,41898015457.0,1859711735.0,165024991359.0,2016.0,-0.3066185598641384,-0.1490461881281462,-0.15757237173599217,0.39518553076149965,0.08107163187807764,0.04321620623583088,0.0708350189590464,-0.11211696681528867,-0.15650359741617298,0.13651844867452517,0.0,0,25.819157911358555,2018.0,561012451.0,530560026.0,113883154084.0,1.0,0.0
00364795,(주)레드로버,2018,CFS,113883154084.0,12524474527.0,101358679557.0,530560026.0,,162697832.0,12275976021.0,-24026184151.0,-49940729047.0,,성공,확정,False,561012451.0,557911850.0,CFS,False,0.0046588104295799525,0.0134655516094884,True,사용가능,1540799327.0,35653275963.0,-3997337158.0,163349499556.0,2017.0,-0.6556592304378648,-0.655684486504419,2.5256066554235623e-05,0.5386915111489107,0.14350598038741103,0.043219376210282025,,-1.957170990713847,-1.8450540238985584,0.12356588090669378,1.0573967572144232,1,25.458438795530487,2019.0,0.0,330565461.0,28775239849.0,0.0,0.0
00364795,(주)레드로버,2019,CFS,28775239849.0,22251847696.0,6523392153.0,330565461.0,,100039430.0,12084598483.0,-41340698023.0,-93252770775.0,-4707406530.0,성공,확정,False,0.0,199994565.0,CFS,False,0.011487843810674192,0.0134655516094884,True,사용가능,530560026.0,12275976021.0,-24026184151.0,113883154084.0,2018.0,-0.3769499306380085,-0.015589598551888536,-0.36136033208612,0.4644957512446731,-0.07419575990423755,0.027354277551299922,-3.077137313525369,-3.4209409672283275,-1.4637699765144805,3.411085394546876,0.0,0,24.082781126845422,2020.0,128999994.0,6885266232.0,45037535983.0,0.0,0.0
00364795,(주)레드로버,2020,CFS,45037535983.0,21346667948.0,23690868035.0,6885266232.0,,75665321.0,14896326058.0,97696268.0,1123099043.0,-4937785481.0,성공,확정,False,128999994.0,327250146.0,CFS,False,0.15287839535890535,0.0134655516094884,True,사용가능,330565461.0,12084598483.0,-41340698023.0,28775239849.0,2019.0,19.828752680849497,0.2326703348030467,19.59608234604645,0.0907033755561294,-0.37379237568854373,0.46221237405731336,0.1345740700887313,0.006558413639686189,3.4274993808680136,0.9010504771907569,0.018735658092705106,0,24.530762111976728,2021.0,0.0,632661628.0,18766709540.0,0.0,0.0
00364795,(주)레드로버,2021,CFS,18766709540.0,10535322683.0,8231386857.0,632661628.0,,0.0,7188188777.0,-2412831603.0,-13115331762.0,-106777537.0,성공,확정,False,0.0,241322869.0,CFS,False,0.033711910265969834,0.0134655516094884,True,사용가능,6885266232.0,14896326058.0,97696268.0,45037535983.0,2020.0,-0.9081137015356591,-0.5174522396319583,-0.39066146190370077,0.06419930424817884,-0.026504071307950558,0.08801405300099008,-0.6931718209456552,-0.3356661431486498,-0.34222455678833597,1.2798964337389542,0.0,0,23.655350367968406,,,,,,
00370006,(주)아이엠비씨,2015,CFS,68370450979.0,16007385748.0,52363065231.0,4124502567.0,,,64470533013.0,536470899.0,926938680.0,-5848491719.0,성공,확정,False,0.0,743379000.0,,False,0.06032580607471555,0.0524067550737611,True,사용가능,,,,,,,,,,,0.06397500337353074,0.09909881099191631,0.008321179830975255,,0.30569993710993265,0.0,0,24.94820656500364,2016.0,0.0,5299408701.0,70835539837.0,0.0,0.0
00370006,(주)아이엠비씨,2016,CFS,70835539837.0,17373686894.0,53461852943.0,5299408701.0,,,67239151156.0,1909834242.0,1774105933.0,14305335469.0,성공,확정,False,0.0,1016543000.0,CFS,False,0.07481285119298159,0.0524067550737611,True,사용가능,4124502567.0,64470533013.0,536470899.0,68370450979.0,2015.0,0.2848600806798819,0.04294393133746434,0.24191614934241756,0.2157369633671725,,0.07881433078631472,-0.17690596506832124,0.02840360428657164,0.020082424455596385,0.32497352668497087,0.0,0,24.983626686797603,2017.0,138611000.0,7797409867.0,65406292579.0,0.0,0.0
00370006,(주)아이엠비씨,2017,CFS,65406292579.0,13020561382.0,52385731197.0,7797409867.0,,,57402131582.0,143550023.0,-175504055.0,3222768279.0,성공,확정,False,138611000.0,2905710000.0,CFS,False,0.11921498008134335,0.0524067550737611,True,사용가능,5299408701.0,67239151156.0,1909834242.0,70835539837.0,2016.0,0.4713735639088615,-0.14629898511326175,0.6176725490221232,0.4437276098639164,0.22799064649674392,0.13583833303927498,-0.05195635159866993,0.0025007786129847137,-0.025902825673586927,0.24855167780392945,0.01777654405299713,0,24.903884307585304,2018.0,843124000.0,4926914356.0,62433021885.0,1.0,1.0
00370006,(주)아이엠비씨,2018,CFS,62433021885.0,11176044540.0,51256977345.0,4926914356.0,,,58074993049.0,937817261.0,-1603631587.0,1241245012.0,성공,확정,False,843124000.0,3168320000.0,CFS,False,0.07891519915654968,0.0524067550737611,True,사용가능,7797409867.0,57402131582.0,143550023.0,65406292579.0,2017.0,-0.3681344908068047,0.011721889909938362,-0.3798563807167431,0.49799422656537884,0.05426661670146243,0.08483710625402885,-0.045566857299334136,0.0161483835255689,0.013647604912584186,0.21803947713842703,0.1711261733164172,1,24.857360169221508,2019.0,147527000.0,3246528179.0,66610004189.0,0.0,0.0
00370006,(주)아이엠비씨,2019,CFS,66610004189.0,13173172141.0,53436832048.0,3246528179.0,,,51552466253.0,1726915616.0,2274106063.0,12774122869.0,성공,확정,False,147527000.0,1817018000.0,CFS,False,0.048739348068321135,0.0524067550737611,True,사용가능,4926914356.0,58074993049.0,937817261.0,62433021885.0,2018.0,-0.3410625912247946,-0.11231214079520777,-0.22875045042958683,0.444615103665129,-0.05337912290024982,0.0629752253377611,-0.15763423128164247,0.033498215342888764,0.017349831817319864,0.24651858345882308,0.045441466041869216,0,24.922120616259953,2020.0,74530000.0,3369105769.0,69532673238.0,0.0,0.0
00370006,(주)아이엠비씨,2020,CFS,69532673238.0,14237652985.0,55295020253.0,3369105769.0,,,43731791255.0,1118515098.0,1299529747.0,3394937698.0,성공,확정,False,74530000.0,669136000.0,CFS,False,0.04845356308203558,0.0524067550737611,True,사용가능,3246528179.0,51552466253.0,1726915616.0,66610004189.0,2019.0,0.03775651503439484,-0.15170321744878482,0.18945973248317965,0.20228930598625075,-0.24232579767887827,0.07704019598362093,-0.030135587392530274,0.025576704404307163,-0.007921510938581601,0.2574852657591267,0.022121596978572033,0,24.965062597578434,2021.0,21407000.0,3112612943.0,71723971098.0,0.0,0.0
00370006,(주)아이엠비씨,2021,CFS,71723971098.0,14755604228.0,56968366870.0,3112612943.0,,,46832866825.0,2341141221.0,1343660665.0,3930934649.0,성공,확정,False,21407000.0,513157000.0,CFS,False,0.04339710832166673,0.0524067550737611,True,사용가능,3369105769.0,43731791255.0,1118515098.0,69532673238.0,2020.0,-0.07613083221074737,0.07091124056450451,-0.1470420727752519,0.158339793132325,-0.04394951285392576,0.06646214835899061,-0.036072653875576406,0.04998927846437682,0.024412574060069657,0.2590139938831636,0.006877501440756555,0,24.996090853615094,2022.0,92986000.0,3673403883.0,70094091455.0,0.0,0.0
00370006,(주)아이엠비씨,2022,CFS,70094091455.0,12321239163.0,57772852292.0,3673403883.0,,,47460159206.0,2558248419.0,1785803939.0,4035394195.0,성공,확정,False,92986000.0,534088000.0,CFS,False,0.05240675507376116,0.0524067550737611,True,사용가능,3112612943.0,46832866825.0,2341141221.0,71723971098.0,2021.0,0.1801672582712768,0.01339427678736812,0.16677298148390868,0.1574083924913628,-0.0009314006409621989,0.07739973789501324,-0.03209386425165699,0.05390307284676326,0.00391379438238644,0.21327039732649938,0.02531330693864789,0,24.973104340059397,2023.0,517876000.0,3141160394.0,74008499100.0,1.0,1.0
00370006,(주)아이엠비씨,2023,CFS,74008499100.0,13611010517.0,60397488583.0,3141160394.0,,,46303655129.0,1156866116.0,2136461793.0,-5025397711.0,성공,확정,False,517876000.0,803818000.0,CFS,False,0.042443238711754934,0.0524067550737611,True,사용가능,3673403883.0,47460159206.0,2558248419.0,70094091455.0,2022.0,-0.14489108901505454,-0.024367892909507825,-0.12052319610554671,0.23591178168587695,0.07850338919451416,0.06783828156219766,0.09677077080461965,0.024984336825613886,-0.028918736021149374,0.22535722653923515,0.16486773518130637,1,25.027445776258215,2024.0,49482000.0,4106466250.0,73752314930.0,0.0,0.0
00370006,(주)아이엠비씨,2024,CFS,73752314930.0,10686520563.0,63065794367.0,4106466250.0,,,45442807948.0,634528436.0,2012796967.0,6690415539.0,성공,확정,False,49482000.0,1298672000.0,CFS,False,0.0556791505988326,0.0524067550737611,True,사용가능,3141160394.0,46303655129.0,1156866116.0,74008499100.0,2023.0,0.30730868052578664,-0.018591344000850833,0.32590002452663747,0.35837166117686675,0.1224598794909898,0.09036559216805023,-0.06342334578161558,0.013963231249400082,-0.011021105576213804,0.16945034420420876,0.012049776374029618,0,25.023978220555076,2025.0,156910000.0,3070600998.0,67045841217.0,1.0,0.0
00370006,(주)아이엠비씨,2025,CFS,67045841217.0,9670195937.0,57375645280.0,3070600998.0,,,40045648499.0,-7632134757.0,-5433678446.0,8588920328.0,성공,확정,False,156910000.0,1655775000.0,CFS,False,0.04579853041237441,0.0524067550737611,True,사용가능,4106466250.0,45442807948.0,634528436.0,73752314930.0,2024.0,-0.25225222586451307,-0.11876817680755875,-0.13348404905695432,0.4614071299001433,0.10303546872327657,0.07667751960807122,-0.20914941955332586,-0.1905858699526513,-0.2045491012020514,0.16854182449379504,0.051100745457388144,1,24.92864241964979,,,,,,
00543204,(주)아이오케이이엔엠,2021,CFS,166507012744.0,15100544612.0,151406468132.0,8639814146.0,,0.0,24307746912.0,-8353332102.0,-36108285938.0,-3870604881.0,성공,확정,False,5435595000.0,1670503000.0,CFS,False,0.051888590177781156,0.0647427696869642,True,사용가능,,,,,,,,,,,0.355434593641206,-0.1936115514039313,-0.34364896640733955,,0.09973513548202552,0.6291333248778891,1,25.838303264062528,2022.0,1419942000.0,6430482314.0,135690961803.0,1.0,1.0
00543204,(주)아이오케이이엔엠,2022,CFS,135690961803.0,37410200900.0,98280760903.0,6430482314.0,,,18966224254.0,-10813506356.0,-58390933815.0,-3732158676.0,성공,확정,False,1419942000.0,889768000.0,CFS,False,0.04739064583635244,0.0647427696869642,True,사용가능,8639814146.0,24307746912.0,-8353332102.0,166507012744.0,2021.0,-0.25571520343673837,-0.21974569166519714,-0.03596951177154123,0.11808234859369184,,0.3390491553765006,-0.40281809792427564,-0.5701454444059638,-0.22649647799862427,0.3806462277690614,0.22081422989199437,1,25.633645797317048,2023.0,0.0,5717642251.0,111974414415.0,0.0,0.0
00543204,(주)아이오케이이엔엠,2023,CFS,111974414415.0,35323314009.0,76651100406.0,5717642251.0,,20047768.0,22401905047.0,-7673728875.0,-21648765344.0,-263019423.0,성공,확정,False,0.0,717790000.0,CFS,False,0.051062041992997194,0.0647427696869642,True,사용가능,6430482314.0,18966224254.0,-10813506356.0,135690961803.0,2022.0,-0.11085328101253837,0.18114732521289317,-0.29200060622543156,0.11817297331112772,9.062471743588596e-05,0.2552301797103497,-0.19098778977972652,-0.3425480493243874,0.2275973950815764,0.46083244496037273,0.0,0,25.44153623942128,2024.0,405500000.0,6362009939.0,98265952627.0,1.0,0.0
00543204,(주)아이오케이이엔엠,2024,CFS,98265952627.0,18795747437.0,79470205190.0,6362009939.0,,30195874.0,25103872700.0,-7275827823.0,-21384231151.0,-7415064215.0,성공,확정,False,405500000.0,443465000.0,CFS,False,0.06474276968696424,0.0647427696869642,True,사용가능,5717642251.0,22401905047.0,-7673728875.0,111974414415.0,2023.0,0.11269814719298009,0.1206132981695608,-0.007915150976580715,0.0734234716405357,-0.04474950167059202,0.25342742990407213,-0.14215673447978938,-0.28982890050267024,0.05271914882171719,0.23651313586094944,0.06373771872222786,1,25.310943442220406,2025.0,3554072000.0,3784059213.0,84822678465.0,1.0,1.0
00543204,(주)아이오케이이엔엠,2025,CFS,84822678465.0,16195930550.0,68626747915.0,3784059213.0,,0.0,12227719936.0,-8022887227.0,-17409328374.0,-10229956240.0,성공,확정,False,3554072000.0,438278000.0,CFS,False,0.04461140913584095,0.0647427696869642,True,사용가능,6362009939.0,25103872700.0,-7275827823.0,98265952627.0,2024.0,-0.4052101066672037,-0.5129149959400487,0.10770488927284505,0.08639365520460825,0.012970183564072549,0.3094656430475838,-0.08463977162619772,-0.6561229132652585,-0.3662940127625883,0.2360002629012819,0.9392220892818254,1,25.16382877871875,,,,,,
00608699,주식회사 탑코미디어,2019,OFS,29557321884.0,5024013274.0,24533308610.0,77583888.0,,8885797476.0,32429047462.0,-4476577776.0,-4326467371.0,-30245807.0,성공,확정,False,0.0,40483000.0,CFS,True,0.00262486189731546,0.0376671508788011,True,사용가능,,,,,,,,,,,0.002392419576643808,-0.14535219330292692,-0.13804222221591936,,0.20478335612474896,0.0,0,24.109597329598635,2020.0,21773000.0,42000000.0,24449013092.0,1.0,0.0
00608699,주식회사 탑코미디어,2020,OFS,24449013092.0,4250053215.0,20198959877.0,42000000.0,,6946314850.0,19966274150.0,-3473429423.0,-4260168043.0,692706277.0,성공,확정,False,21773000.0,13811000.0,OFS,False,0.0017178607513504455,0.0376671508788011,True,사용가능,77583888.0,32429047462.0,-4476577776.0,29557321884.0,2019.0,-0.4586504868124165,-0.38430895408210003,-0.07434153273031646,0.23098429447284738,,0.0021035471958597745,-0.20257972382617923,-0.17396482673258296,-0.0359226045166636,0.2104095082558889,0.5184047619047619,1,23.919855687717252,2021.0,27000000.0,15000000.0,55294572757.0,1.0,0.0
00608699,주식회사 탑코미디어,2021,OFS,55294572757.0,32369363431.0,22925209326.0,15000000.0,,2924539922.0,22256958341.0,-4826955807.0,-3893845588.0,-3728130470.0,성공,확정,False,27000000.0,0.0,OFS,False,0.00027127436296360715,0.0376671508788011,True,사용가능,42000000.0,19966274150.0,-3473429423.0,24449013092.0,2020.0,-0.6428571428571429,0.11472767396615156,-0.7575848168232945,0.0,-0.23098429447284738,0.0006739465370867048,-0.0029969508712592656,-0.21687401005321402,-0.04290918332063107,1.4119549780637846,1.8,1,24.735940598832073,2022.0,11000000.0,18526000000.0,58867894045.0,0.0,0.0
00608699,주식회사 탑코미디어,2022,CFS,58867894045.0,23721177629.0,35146716416.0,18526000000.0,,1953091056.0,22615183360.0,341102831.0,-3028958668.0,5763883260.0,성공,확정,False,11000000.0,1500000000.0,OFS,True,0.3147046501415235,0.0376671508788011,True,사용가능,15000000.0,22256958341.0,-4826955807.0,55294572757.0,2021.0,,,,,,0.8191841607071543,-0.1493656613786548,0.01508291246505286,,0.6749187420023482,0.0005937601209111519,0,24.798561686372363,2023.0,0.0,16539000000.0,41870851622.0,0.0,0.0
00608699,주식회사 탑코미디어,2023,CFS,41870851622.0,4639034747.0,37231816875.0,16539000000.0,,0.0,19178342271.0,-2653050366.0,-11865220642.0,-5329975149.0,성공,확정,False,0.0,2002000000.0,CFS,False,0.39500032503064714,0.0376671508788011,True,사용가능,18526000000.0,22615183360.0,341102831.0,58867894045.0,2022.0,-0.10725466911367808,-0.15197051619218002,0.044715847078501944,0.11418793668900613,,0.862379019327911,-0.15608102629482265,-0.13833575021818945,-0.1534186626832423,0.12459866684923901,0.0,0,24.457855756441024,2024.0,0.0,14536000000.0,38557960524.0,0.0,0.0
00608699,주식회사 탑코미디어,2024,CFS,38557960524.0,6086477043.0,32471483481.0,14536000000.0,,0.0,23340259807.0,-3726430593.0,-4723548955.0,-2054037179.0,성공,확정,False,0.0,2003000000.0,CFS,False,0.37699089377282335,0.0376671508788011,True,사용가능,16539000000.0,19178342271.0,-2653050366.0,41870851622.0,2023.0,-0.12110768486607412,0.21701132857000516,-0.3381190134360793,0.1289139179404666,0.014725981251460477,0.6227865550854106,-0.06923373901839,-0.15965677433815037,-0.021321024119960924,0.18744068303997793,0.0,0,24.375428414314875,2025.0,3501412000.0,27955814282.0,60367477963.0,1.0,1.0
00608699,주식회사 탑코미디어,2025,CFS,60367477963.0,27925493596.0,32441984367.0,27955814282.0,,,48604543452.0,3670011557.0,-2324402052.0,8251655493.0,성공,확정,False,3501412000.0,6255543000.0,CFS,False,0.46309395762954475,0.0376671508788011,True,사용가능,14536000000.0,23340259807.0,-3726430593.0,38557960524.0,2024.0,0.9232123198954321,1.0824336941366421,-0.15922137424121008,0.2944352038481876,0.165521285907721,0.575168745481749,-0.17519462303000635,0.0755075821383728,0.23516435647652317,0.8607825366072805,0.12524807772293955,1,24.82371635255279,,,,,,
00613318,(주)와이지엔터테인먼트,2015,CFS,375356133225.0,106079889288.0,269276243937.0,35867046101.0,,15047684632.0,193112056418.0,21811698913.0,23977549879.0,5737846973.0,성공,확정,False,0.0,2478946676.0,,False,0.09555470905147083,0.0715532835780323,True,사용가능,,,,,,,,,,,0.18573178063706244,0.04859305947471108,0.1129484057991054,,0.3939444777490973,0.0,0,26.651141100847912,2016.0,0.0,33201521932.0,486835565057.0,0.0,0.0
00613318,(주)와이지엔터테인먼트,2016,CFS,486835565057.0,136465097184.0,350370467873.0,33201521932.0,,16384020934.0,321839059110.0,31919018629.0,14099412923.0,32448157701.0,성공,확정,False,0.0,4422753849.0,CFS,False,0.06819863690137896,0.0715532835780323,True,사용가능,35867046101.0,193112056418.0,21811698913.0,375356133225.0,2015.0,-0.07431680215577283,0.6665922629572357,-0.7409090651130086,0.1280684970010344,,0.10316187856071314,-0.03768981992071939,0.09917695731918771,-0.01377144847991768,0.38948801253838833,0.0,0,26.911192254259234,2017.0,837196954.0,63102810862.0,583599527930.0,0.0,0.0
00613318,(주)와이지엔터테인먼트,2017,CFS,583599527930.0,151494662748.0,432104865182.0,63102810862.0,,18492054765.0,349860731337.0,25197829293.0,11910569345.0,21905965798.0,성공,확정,False,837196954.0,5890333261.0,CFS,False,0.10812690525268705,0.0715532835780323,True,사용가능,33201521932.0,321839059110.0,31919018629.0,486835565057.0,2016.0,0.9005999481361365,0.0870673444810892,0.8135326036550473,0.12232748185068122,-0.0057410151503531764,0.18036551464593156,-0.01712714965423841,0.07202245646919554,-0.027154500849992172,0.35059698456343774,0.013267189568320058,0,27.092480844701637,2018.0,520547586.0,60675845141.0,594324154591.0,0.0,0.0
00613318,(주)와이지엔터테인먼트,2018,CFS,594324154591.0,144879538715.0,449444615876.0,60675845141.0,,23160720517.0,285846340838.0,9484079518.0,15944943943.0,22450910984.0,성공,확정,False,520547586.0,4393889918.0,CFS,False,0.10209217423235255,0.0715532835780323,True,사용가능,63102810862.0,349860731337.0,25197829293.0,583599527930.0,2017.0,-0.03846050101171482,-0.18297106467012655,0.14451056365841175,0.07099592223547016,-0.05133155961521106,0.21226734952464307,-0.010946832617761018,0.03317894323991011,-0.038843513229285434,0.32235237356802976,0.008579156743352134,0,27.110690722260546,2019.0,3651625964.0,52321628699.0,516346905463.0,1.0,1.0
00613318,(주)와이지엔터테인먼트,2019,CFS,516346905463.0,94683750039.0,421663155424.0,52321628699.0,,16051927937.0,264459739114.0,2024905248.0,-24642188675.0,59559817666.0,성공,확정,False,3651625964.0,3465920831.0,CFS,False,0.1013303810779771,0.0715532835780323,True,사용가능,60675845141.0,285846340838.0,9484079518.0,594324154591.0,2018.0,-0.13768603342213478,-0.07481852544028401,-0.06286750798185077,0.06134510291632905,-0.009650819319141107,0.19784345577247145,-0.16307254957884837,0.0076567618753005315,-0.025522181364609577,0.22454831260699434,0.06979190164372295,1,26.970044673946223,2020.0,2110112359.0,46979110341.0,542817503814.0,0.0,0.0
00613318,(주)와이지엔터테인먼트,2020,CFS,542817503814.0,120265898833.0,422551604981.0,46979110341.0,,33311587294.0,255262402297.0,10748005141.0,3150284532.0,25765086273.0,성공,확정,False,2110112359.0,2013949219.0,CFS,False,0.08654678600249727,0.0715532835780323,True,사용가능,52321628699.0,264459739114.0,2024905248.0,516346905463.0,2019.0,-0.10210917532278786,-0.03477783366123388,-0.06733134166155398,0.040562622966758534,-0.02078247994957052,0.18404242034179166,-0.0416618874338089,0.042105711786315496,0.034448949911014964,0.28461825115634753,0.0449159710280517,0,27.020039011649537,2021.0,0.0,44469186264.0,621483516064.0,0.0,0.0
00613318,(주)와이지엔터테인먼트,2021,CFS,621483516064.0,138720463804.0,482763052260.0,44469186264.0,,11297507936.0,355630812379.0,50561443511.0,22861681902.0,36865797260.0,성공,확정,False,0.0,1355411584.0,CFS,False,0.07155328357803233,0.0715532835780323,True,사용가능,46979110341.0,255262402297.0,10748005141.0,542817503814.0,2020.0,-0.0534263858719674,0.3931969972029821,-0.44662338307494953,0.029643233046855722,-0.010919389919902812,0.12504311976378654,-0.02253336572253972,0.1421739673589252,0.1000682555726097,0.28734689441247835,0.0,0,27.155375224720018,2022.0,0.0,10853636441.0,712872500384.0,0.0,0.0
00613318,(주)와이지엔터테인먼트,2022,CFS,712872500384.0,186584445794.0,526288054590.0,10853636441.0,,16204397611.0,391174512956.0,46639449138.0,46774637912.0,55087918734.0,성공,확정,False,0.0,1216707246.0,CFS,False,0.01522521409530248,0.0715532835780323,True,사용가능,44469186264.0,355630812379.0,50561443511.0,621483516064.0,2021.0,-0.7559290521628781,0.09994550342595358,-0.8558745555888316,0.0439857254749236,0.014342492428067875,0.02774627712573093,-0.011661665750217494,0.11922926364899977,-0.022944703709925435,0.35452912937451514,0.0,0,27.29256842002945,2023.0,0.0,47082657725.0,742203534745.0,0.0,0.0
00613318,(주)와이지엔터테인먼트,2023,CFS,742203534745.0,157044777911.0,585158756834.0,47082657725.0,,17233524788.0,569195078742.0,86932081062.0,76984258248.0,93596369913.0,성공,확정,False,0.0,6327758964.0,CFS,False,0.0634363156747512,0.0715532835780323,True,사용가능,10853636441.0,391174512956.0,46639449138.0,712872500384.0,2022.0,3.337961565318659,0.45509244567276824,2.882869119645891,0.21843851268324493,0.17445278720832133,0.08271796346001303,-0.022382151104558465,0.15272809676101196,0.03349883311201218,0.2683797791230031,0.0,0,27.332889348085146,2024.0,0.0,47382577696.0,734324597111.0,0.0,0.0
00613318,(주)와이지엔터테인먼트,2024,CFS,734324597111.0,131074491602.0,603250105509.0,47382577696.0,,9598965816.0,364948984163.0,-20558087283.0,20029618338.0,48805135.0,성공,확정,False,0.0,15423744925.0,CFS,False,0.06452538547995511,0.0715532835780323,True,사용가능,47082657725.0,569195078742.0,86932081062.0,742203534745.0,2023.0,0.00637007309043109,-0.3588332053580157,0.3652032784484468,0.3265485944381871,0.10811008175494219,0.12983342810138404,0.0272097833595784,-0.056331400209674184,-0.20905949697068615,0.21728051168993037,0.0,0,27.322216998202343,2025.0,0.0,34692548888.0,838779404539.0,0.0,0.0
00613318,(주)와이지엔터테인먼트,2025,CFS,838779404539.0,187934244359.0,650845160180.0,34692548888.0,,21005093420.0,545404261988.0,71341515441.0,53744637813.0,90908918011.0,성공,확정,False,0.0,16351062730.0,CFS,False,0.04136075432976005,0.0715532835780323,True,사용가능,47382577696.0,364948984163.0,-20558087283.0,734324597111.0,2024.0,-0.26782056665252474,0.4944671328209585,-0.7622876994734833,0.3984413648942829,0.07189277045609577,0.063608870164574,-0.044307573596690526,0.1308048367296581,0.1871362369393323,0.2887541551465548,0.0,0,27.455213582190378,,,,,,
00814786,(주)티엔엔터테인먼트,2015,CFS,102386013943.0,67736035659.0,34649978284.0,6194544925.0,0.0,5581178755.0,56447508360.0,-9486605346.0,-10839876717.0,-240286837.0,성공,확정,False,0.0,0.0,,False,0.060501866284672495,0.0302905398702348,True,사용가능,,,,,,,,,,,0.10973991775675251,-0.10352575973805336,-0.16806065708867365,,1.9548651691443582,0.0,0,25.352015957635675,2017.0,9677000.0,111511621.0,30346571346.0,,
00814786,(주)티엔엔터테인먼트,2017,CFS,30346571346.0,24946943613.0,5399627733.0,111511621.0,,2713570999.0,24000916428.0,-4434273391.0,-9567127060.0,-3198655724.0,성공,확정,False,9677000.0,888000.0,CFS,False,0.0036746036225505396,0.0302905398702348,True,사용가능,6194544925.0,56447508360.0,-9486605346.0,102386013943.0,2015.0,,,,,,0.00464614013112883,-0.209858018666726,-0.18475433653970308,,4.620122876348669,0.0867801930706397,1,24.135949377592514,2018.0,31368000.0,1178308398.0,52599825336.0,0.0,0.0
00814786,(주)티엔엔터테인먼트,2018,CFS,52599825336.0,21342420034.0,31257405302.0,1178308398.0,,6283483904.0,41740437112.0,475005532.0,-13055479239.0,-10281982376.0,성공,확정,False,31368000.0,23706000.0,CFS,False,0.022401374728397636,0.0302905398702348,True,사용가능,111511621.0,24000916428.0,-4434273391.0,30346571346.0,2017.0,9.566687018207725,0.7391184722973613,8.827568545910363,0.03675861694002751,,0.028229421623887283,-0.05272825233322178,0.01137998461121626,0.19613432115091933,0.6827956392347899,0.02662121398204615,0,24.685978636076197,2022.0,0.0,64246045938.0,142789279467.0,,
00814786,(주)티엔엔터테인먼트,2022,CFS,142789279467.0,65809762178.0,76979517289.0,64246045938.0,,1390453865.0,71907402901.0,3250496402.0,-2378767829.0,8027845291.0,성공,확정,False,0.0,2252027000.0,CFS,False,0.44993606087106763,0.0302905398702348,True,사용가능,1178308398.0,41740437112.0,475005532.0,52599825336.0,2018.0,,,,,,0.8934552402963583,-0.07288091346104922,0.04520391880200691,,0.8548996472780416,0.0,0,25.684635810273214,2023.0,12538000000.0,49792642096.0,122810204134.0,1.0,1.0
00814786,(주)티엔엔터테인먼트,2023,OFS,122810204134.0,59800202304.0,63010001830.0,49792642096.0,,3406824007.0,150268840513.0,13524360041.0,-17847696964.0,22476591229.0,성공,확정,False,12538000000.0,4138392000.0,CFS,True,0.4054438509170665,0.0302905398702348,True,사용가능,64246045938.0,71907402901.0,3250496402.0,142789279467.0,2022.0,,,,,,0.33135706594936,-0.328346398227639,0.09000109400478129,,0.9490588885450283,0.2518042721217081,1,25.533905944760956,2024.0,84424000.0,46604496889.0,124449358983.0,0.0,0.0
00814786,(주)티엔엔터테인먼트,2024,OFS,124449358983.0,57808719789.0,66640639194.0,46604496889.0,,1893054025.0,142931436282.0,9698217890.0,2190776813.0,18694983291.0,성공,확정,False,84424000.0,4034965000.0,OFS,False,0.3744856323074051,0.0302905398702348,True,사용가능,49792642096.0,150268840513.0,13524360041.0,122810204134.0,2023.0,-0.06402844020313825,-0.04882851432107263,-0.015199925882065618,0.08371545136060243,,0.32606190843175004,-0.13261785044834584,0.06785223840377332,-0.022148855601007975,0.8674694674027799,0.0018114990105155815,0,25.54716471494723,2025.0,0.0,45948867467.0,89123037948.0,0.0,0.0
00814786,(주)티엔엔터테인먼트,2025,OFS,89123037948.0,22152081497.0,66970956451.0,45948867467.0,,3200878797.0,118299495759.0,3350618177.0,316647665.0,3502841562.0,성공,확정,False,0.0,5534250000.0,OFS,False,0.5155666651961468,0.0302905398702348,True,사용가능,46604496889.0,142931436282.0,9698217890.0,124449358983.0,2024.0,-0.014067943348075224,-0.17233396069988285,0.15826601735180762,0.11959046628954291,0.03587501492894048,0.38841135519805714,-0.03575050817790824,0.028323182237613986,-0.03952905616615933,0.33077146678064545,0.0,0,25.21328370082985,,,,,,
00838421,씨제이이앤엠(주),2015,CFS,2364855621498.0,804773286173.0,1560082335325.0,653159648557.0,,3915888761.0,1347313885448.0,52675809987.0,52920339642.0,295450649275.0,성공,확정,False,97352651000.0,306069098000.0,,False,0.27619430235798537,0.2590537062774709,True,사용가능,,,,,,,,,,,0.48478654871119037,-0.10255607464077278,0.03909691019734765,,0.5158530854112566,0.14904878342542655,1,28.49173808801655,2016.0,1674441000.0,723525340026.0,2792954983825.0,0.0,0.0
00838421,씨제이이앤엠(주),2016,CFS,2792954983825.0,1177425367390.0,1615529616435.0,723525340026.0,,4700810471.0,1538423390983.0,27971484085.0,60857852801.0,258777878860.0,성공,확정,False,1674441000.0,383812795000.0,CFS,False,0.2590537062774709,0.2590537062774709,True,사용가능,653159648557.0,1347313885448.0,52675809987.0,2364855621498.0,2015.0,0.1077312286888147,0.14184482740000376,-0.03411359871118906,0.5575898599650635,,0.47030313258802703,-0.0708640229453126,0.01818191549150015,-0.0209149947058475,0.7288169498175047,0.002314281072643328,0,28.658121285262595,2017.0,3208587000.0,783393360340.0,3758919984666.0,0.0,0.0
00838421,씨제이이앤엠(주),2017,CFS,3758919984666.0,1510219216175.0,2248700768491.0,783393360340.0,,6206059275.0,1750120615318.0,63164415059.0,421948665596.0,239177535259.0,성공,확정,False,3208587000.0,339565893000.0,CFS,False,0.2084091610185229,0.2590537062774709,True,사용가능,723525340026.0,1538423390983.0,27971484085.0,2792954983825.0,2016.0,0.0827448839757964,0.13760660789207885,-0.054861723916282454,0.4506757967998225,-0.10691406316524099,0.4476224972629421,0.04862330964282023,0.03609146392891493,0.01790954843741478,0.6715963445809817,0.004095754652053017,0,28.955152793948837,,,,,,
00925295,(주)에프엔씨엔터테인먼트,2016,CFS,134050053997.0,27906458817.0,106143595180.0,20231811325.0,,1009971326.0,91417168969.0,-2517635073.0,-6340255562.0,-248546952.0,성공,확정,False,624663333.0,3398553156.0,CFS,False,0.15092728963356317,0.0729128118731339,True,사용가능,,,,,,,,,,,0.22131303729019114,-0.04544353715915945,-0.027540068254068798,,0.2629123195768504,0.03087530438899049,0,25.62147910444068,2017.0,5863790481.0,10557424021.0,123872016547.0,1.0,1.0
00925295,(주)에프엔씨엔터테인먼트,2017,CFS,123872016547.0,26742962182.0,97129054365.0,10557424021.0,,992689900.0,116687389018.0,3070237258.0,-6498024201.0,6993938826.0,성공,확정,False,5863790481.0,4843586553.0,CFS,False,0.08522848271380373,0.0729128118731339,True,사용가능,20231811325.0,91417168969.0,-2517635073.0,134050053997.0,2016.0,-0.4781770227387191,0.2764275062769582,-0.7546045290156773,0.31462857057469973,,0.09047613550913741,-0.10891857098233988,0.026311645875685765,0.05385171412975456,0.2753343204753438,0.5554186768795312,1,25.54251474492308,2018.0,3333085605.0,8616563645.0,84364232208.0,1.0,1.0
00925295,(주)에프엔씨엔터테인먼트,2018,CFS,84364232208.0,18815211104.0,65549021104.0,8616563645.0,,716434749.0,74014341736.0,-6003543206.0,-1436902847.0,-10442273666.0,성공,확정,False,3333085605.0,3609250116.0,CFS,False,0.10213527011963866,0.0729128118731339,True,사용가능,10557424021.0,116687389018.0,3070237258.0,123872016547.0,2017.0,-0.1838384412844831,-0.36570402029834886,0.18186557901386577,0.37647360359994925,0.06184503302524952,0.11641748670459323,0.10674394329574718,-0.08111324190943825,-0.10742488778512402,0.2870403064318506,0.38682307034708846,1,25.158409359719645,2019.0,1653400539.0,6282558311.0,115339954397.0,1.0,1.0
00925295,(주)에프엔씨엔터테인먼트,2019,CFS,115339954397.0,48438312777.0,66901641620.0,6282558311.0,,691107246.0,84190079127.0,-4937578584.0,-7567799456.0,865602742.0,성공,확정,False,1653400539.0,2091048321.0,CFS,False,0.05446992192640757,0.0729128118731339,True,사용가능,8616563645.0,74014341736.0,-6003543206.0,84364232208.0,2018.0,-0.27087426382028423,0.13748331948010287,-0.4083575833003871,0.28069416804228753,-0.09577943555766172,0.0746234993023681,-0.07311778682495607,-0.058647986024002965,0.022465255885435284,0.7240227833590192,0.26317313061863595,1,25.47114972975472,2020.0,522366601.0,5657176133.0,131962461511.0,1.0,0.0
00925295,(주)에프엔씨엔터테인먼트,2020,CFS,131962461511.0,72942234450.0,59020227061.0,5657176133.0,,1279206675.0,72424739151.0,-7322138804.0,-7853151729.0,22383428984.0,성공,확정,False,522366601.0,2023226555.0,CFS,False,0.04286958630677281,0.0729128118731339,True,사용가능,6282558311.0,84190079127.0,-4937578584.0,115339954397.0,2019.0,-0.09954259826049389,-0.1397473443189439,0.04020474605845001,0.3389064580103319,0.058212289968044395,0.07811110125236659,-0.22913016600921443,-0.10109996790922374,-0.04245198188522077,1.2358853579911002,0.0923369873447778,1,25.605783336595987,2021.0,1348839917.0,28588014961.0,130680727152.0,0.0,1.0
00925295,(주)에프엔씨엔터테인먼트,2021,CFS,130680727152.0,72668377340.0,58012349812.0,28588014961.0,,1116593643.0,74189472530.0,-4192207812.0,-9416052486.0,-2765676370.0,성공,확정,False,1348839917.0,3756427649.0,CFS,False,0.21876228870189965,0.0729128118731339,True,사용가능,5657176133.0,72424739151.0,-7322138804.0,131962461511.0,2020.0,4.053407263429109,0.02436644439023338,4.029040819038875,0.21938424222478073,-0.1195222157855512,0.3853378921037599,-0.05089025949683216,-0.05650677473552325,0.04459319317370049,1.2526363364955158,0.04718200682489142,0,25.596022988034782,2022.0,0.0,5795171578.0,95634405836.0,0.0,0.0
00925295,(주)에프엔씨엔터테인먼트,2022,CFS,95634405836.0,51225237898.0,44409167938.0,5795171578.0,,1614221283.0,65786471717.0,-13183189634.0,-17600437229.0,-16101029022.0,성공,확정,False,0.0,1688953339.0,CFS,False,0.0605971410324641,0.0729128118731339,True,사용가능,28588014961.0,74189472530.0,-4192207812.0,130680727152.0,2021.0,-0.7972866746464972,-0.11326405925857039,-0.6840226153879267,0.09824297914239344,-0.12114126308238729,0.0880906275522671,-0.01567854365688517,-0.20039362637825292,-0.14388685164272969,1.1534833971561,0.0,0,25.283798485939577,2023.0,0.0,4918311359.0,111794386922.0,0.0,0.0
00925295,(주)에프엔씨엔터테인먼트,2023,CFS,111794386922.0,75774662897.0,36019724025.0,4918311359.0,,1181820302.0,92154263323.0,-7568800920.0,-8280174528.0,14834348550.0,성공,확정,False,0.0,828098681.0,CFS,False,0.043994260306034434,0.0729128118731339,True,사용가능,5795171578.0,65786471717.0,-13183189634.0,95634405836.0,2022.0,-0.1513087588862412,0.40080872127371214,-0.5521174801599533,0.1545900032453657,0.056347024102972265,0.053370415883651046,-0.20675924538257204,-0.0821318585497386,0.11826176782851432,2.1036991522868838,0.0,0,25.439927189984843,2024.0,0.0,3716097369.0,118380430317.0,0.0,0.0
00925295,(주)에프엔씨엔터테인먼트,2024,CFS,118380430317.0,87565409135.0,30815021182.0,3716097369.0,,1365480352.0,86224155388.0,-4181824362.0,-6652959786.0,-12167129680.0,성공,확정,False,0.0,1001192340.0,CFS,False,0.03139114597783609,0.0729128118731339,True,사용가능,4918311359.0,92154263323.0,-7568800920.0,111794386922.0,2023.0,-0.24443633236030757,-0.06434979480238495,-0.18008653755792262,0.2319075622985727,0.077317559053207,0.043098101132773486,0.04658007982598234,-0.048499452887444505,0.0336324056622941,2.8416468909049346,0.0,0,25.497169261250534,,,,,,
00974927,(주)넥스트엔터테인먼트월드,2015,CFS,200430115717.0,67475675018.0,132954440699.0,1406358874.0,,,82586149640.0,-2526524145.0,917303560.0,,성공,확정,False,0.0,248885000.0,,False,0.0070167043957891405,0.0211065696821193,True,사용가능,,,,,,,,,,,0.01702899190881809,,-0.03059258914495145,,0.5075097504321833,0.0,0,26.023731472895452,2016.0,24424000.0,1558479997.0,230523944772.0,0.0,0.0
00974927,(주)넥스트엔터테인먼트월드,2016,CFS,230523944772.0,93866679519.0,136657265253.0,1558479997.0,,,125723993057.0,6642150005.0,3565696914.0,3908954037.0,성공,확정,False,24424000.0,93586000.0,CFS,False,0.006760599201707296,0.0211065696821193,True,사용가능,1406358874.0,82586149640.0,-2526524145.0,200430115717.0,2015.0,0.10816664637478585,0.5223375058050472,-0.4141708594302614,0.06313058083216153,,0.012396042784716722,-0.0014890302321500654,0.05283120463719778,0.08342379378214923,0.686876613147645,0.01567168012872481,0,26.163620575861952,2017.0,0.0,5902438607.0,256463072069.0,0.0,0.0
00974927,(주)넥스트엔터테인먼트월드,2017,CFS,256463072069.0,125719614945.0,130743457124.0,5902438607.0,,66102543.0,94538543693.0,-5157020946.0,-7461325176.0,-21472814181.0,성공,확정,False,0.0,83922000.0,CFS,False,0.023014769960378472,0.0211065696821193,True,사용가능,1558479997.0,125723993057.0,6642150005.0,230523944772.0,2016.0,2.787304693266461,-0.2480469209235291,3.03535161418999,0.02249642556213042,-0.04063415527003111,0.06243420277519083,0.05463355364171215,-0.054549401170666076,-0.10738060580786385,0.9615748100171829,0.0,0,26.27025052265086,2018.0,0.0,11421058923.0,256522672351.0,0.0,0.0
00974927,(주)넥스트엔터테인먼트월드,2018,CFS,256522672351.0,127429814574.0,129092857777.0,11421058923.0,,200059193.0,161222834105.0,-10606137995.0,-14763932813.0,17697350733.0,성공,확정,False,0.0,982504000.0,CFS,False,0.04452261010041469,0.0211065696821193,True,사용가능,5902438607.0,94538543693.0,-5157020946.0,256463072069.0,2017.0,0.9349729295710403,0.7053661692584076,0.22960676031263272,0.11343021214954392,0.0909337865874135,0.07084020688757883,-0.12654352634212082,-0.06578558213467774,-0.01123618096401166,0.9871174654304051,0.0,0,26.27048288888293,2019.0,0.0,15707934592.0,313341345715.0,0.0,0.0
00974927,(주)넥스트엔터테인먼트월드,2019,CFS,313341345715.0,191470118582.0,121871227133.0,15707934592.0,,512829487.0,149180097149.0,-8149288316.0,-11086370881.0,-24223313739.0,성공,확정,False,0.0,1851020000.0,CFS,False,0.050130424238003915,0.0211065696821193,True,사용가능,11421058923.0,161222834105.0,-10606137995.0,256522672351.0,2018.0,0.3753483541151327,-0.07469622415989101,0.4500445782750237,0.13646064672296412,0.023030434573420203,0.10529510901384538,0.04192534128563015,-0.05462718198836236,0.011158400146315375,1.571085506286448,0.0,0,26.470558994646257,2020.0,2886055000.0,12324167736.0,275767772365.0,1.0,1.0
00974927,(주)넥스트엔터테인먼트월드,2020,CFS,275767772365.0,162408293719.0,113359478646.0,12324167736.0,,903384014.0,140432232547.0,-3843251961.0,-9780602158.0,1315089786.0,성공,확정,False,2886055000.0,2023686000.0,CFS,False,0.044690384341532156,0.0211065696821193,True,사용가능,15707934592.0,149180097149.0,-8149288316.0,313341345715.0,2019.0,-0.21541768182071128,-0.058639622638552755,-0.15677805918215854,0.1443834626687012,0.007922815945737072,0.08775882511071904,-0.04023563685068316,-0.027367306574106742,0.02725987541425562,1.4326838448699124,0.2341784907365042,1,26.342824944009493,2021.0,3929057000.0,7335380054.0,347540133924.0,1.0,1.0
00974927,(주)넥스트엔터테인먼트월드,2021,CFS,347540133924.0,172721497084.0,174818636840.0,7335380054.0,,87799171.0,146057166294.0,-499604543.0,-38177741361.0,-41946024527.0,성공,확정,False,3929057000.0,1962616000.0,CFS,False,0.02110656968211936,0.0211065696821193,True,사용가능,12324167736.0,140432232547.0,-3843251961.0,275767772365.0,2020.0,-0.4047971261724476,0.040054435117788514,-0.4448515612902361,0.1996603402035831,0.05527687753488189,0.050222664454782975,0.010842728071296789,-0.0034206095851150556,0.023946696988991687,0.9880039119746747,0.5356310063113193,1,26.574145988588896,2022.0,1831597000.0,7249077510.0,332918824057.0,1.0,1.0
00974927,(주)넥스트엔터테인먼트월드,2022,CFS,332918824057.0,170168619803.0,162750204254.0,7249077510.0,,133503938.0,155617110146.0,7215470726.0,-21117979053.0,-9078074719.0,성공,확정,False,1831597000.0,1226097000.0,CFS,False,0.021774309489807835,0.0211065696821193,True,사용가능,7335380054.0,146057166294.0,-499604543.0,347540133924.0,2021.0,-0.01176524506769612,0.06545343918802785,-0.07721868425572397,0.16813748397835168,-0.031522856225231405,0.046582779382028844,-0.03616468479396831,0.04636682122698747,0.04978743081210253,1.0455816051537623,0.2526662182151229,1,26.531164525609128,2023.0,1780777000.0,5095401756.0,313440238508.0,1.0,1.0
00974927,(주)넥스트엔터테인먼트월드,2023,CFS,313440238508.0,168296307049.0,145143931459.0,5095401756.0,,154106617.0,129147737184.0,-5582630804.0,-17506374625.0,-4118295612.0,성공,확정,False,1780777000.0,659710000.0,CFS,False,0.016256374038810428,0.0211065696821193,True,사용가능,7249077510.0,155617110146.0,7215470726.0,332918824057.0,2022.0,-0.2970965272517827,-0.17009294760175425,-0.12700357965002845,0.1068834068711214,-0.061254077107230284,0.03945405368380906,-0.04271333851942016,-0.04322670242411051,-0.08959352365109799,1.1595132180675431,0.34948706407754354,1,26.470874552079053,2024.0,359327000.0,4612135480.0,259877391121.0,1.0,0.0
00974927,(주)넥스트엔터테인먼트월드,2024,CFS,259877391121.0,138755971710.0,121121419411.0,4612135480.0,,122828435.0,113244615452.0,-18957171701.0,-24072120042.0,-19000474473.0,성공,확정,False,359327000.0,431045000.0,CFS,False,0.017747351780411594,0.0211065696821193,True,사용가능,5095401756.0,129147737184.0,-5582630804.0,313440238508.0,2023.0,-0.09484360589053421,-0.1231389885627065,0.028295382672172284,0.08880625219782572,-0.01807715467329568,0.04072719450360892,-0.019515532101977352,-0.16740020375657694,-0.12417350133246643,1.1455940029827496,0.07790902968010818,1,26.283475784125066,2025.0,240032000.0,3876249393.0,239554621692.0,1.0,0.0
00974927,(주)넥스트엔터테인먼트월드,2025,CFS,239554621692.0,116800700894.0,122753920798.0,3876249393.0,,119522671.0,142653217026.0,2654398845.0,523557121.0,35425396683.0,성공,확정,False,240032000.0,364137000.0,CFS,False,0.016181067038580323,0.0211065696821193,True,사용가능,4612135480.0,113244615452.0,-18957171701.0,259877391121.0,2024.0,-0.15955430845236143,0.2596909482770522,-0.4192452567294136,0.08579653383961258,-0.0030097183582131343,0.02717253402209299,-0.14569470342707047,0.018607353555273896,0.18600755731185084,0.9515028125757675,0.06192377622385867,1,26.202047293314227,,,,,,
00985686,(주)큐브엔터테인먼트,2015,CFS,27649411862.0,6792290724.0,20857121138.0,34042272.0,,,22398853346.0,710694719.0,-5715585199.0,654399713.0,성공,확정,False,0.0,21376000.0,,False,0.0012312114329920353,0.0429437716049915,True,사용가능,,,,,,,,,,,0.0015198220852711323,-0.23038410161463854,0.031729067020607835,,0.32565811355551805,0.0,0,24.042870293874785,2016.0,0.0,922029948.0,21470632726.0,0.0,0.0
00985686,(주)큐브엔터테인먼트,2016,CFS,21470632726.0,4247532952.0,17223099774.0,922029948.0,,,19465306410.0,-5701794035.0,-5182169110.0,-6632646405.0,성공,확정,False,0.0,221042000.0,CFS,False,0.0429437716049915,0.0429437716049915,True,사용가능,34042272.0,22398853346.0,710694719.0,27649411862.0,2015.0,26.08485344338944,-0.1309686210577326,26.215822064447174,0.46239603112827604,,0.047367862009422126,0.06755633676521956,-0.2929208467055413,-0.32464991372614915,0.2466183792543592,0.0,0,23.7899519186404,2017.0,66852000.0,760435791.0,22136132141.0,1.0,0.0
00985686,(주)큐브엔터테인먼트,2017,CFS,22136132141.0,6348136802.0,15787995339.0,760435791.0,,,24416090096.0,211106805.0,-979000023.0,2010510893.0,성공,확정,False,66852000.0,384743000.0,CFS,False,0.03435269477776289,0.0429437716049915,True,사용가능,922029948.0,19465306410.0,-5701794035.0,21470632726.0,2016.0,-0.17525911967449456,0.2543388519924152,-0.4295979716669097,0.45735611856046243,-0.005039912567813609,0.03114486340810888,-0.135051186763694,0.008646216661634324,0.30156706336717565,0.4020863108768872,0.0879127479153595,1,23.820477048919905,2018.0,111836000.0,1289361493.0,28829632101.0,1.0,0.0
00985686,(주)큐브엔터테인먼트,2018,CFS,28829632101.0,12104725631.0,16724906470.0,1289361493.0,,,34459463906.0,1930704390.0,1101720145.0,7403120943.0,성공,확정,False,111836000.0,472198000.0,CFS,False,0.04472348063558108,0.0429437716049915,True,사용가능,760435791.0,24416090096.0,211106805.0,22136132141.0,2017.0,0.6955560328169772,0.41134242913222907,0.28421360368474813,0.4607265349464674,0.003370416386004993,0.037416760066760625,-0.2185737499501919,0.05602827702911044,0.047382060367476116,0.723754458819404,0.08673750581754035,1,24.084669587537153,2019.0,0.0,3432863998.0,32002668986.0,0.0,0.0
00985686,(주)큐브엔터테인먼트,2019,CFS,32002668986.0,14387028006.0,17615640980.0,3432863998.0,,,29829671581.0,960751722.0,986622964.0,-404486527.0,성공,확정,False,0.0,1152267000.0,CFS,False,0.10726805315837103,0.0429437716049915,True,사용가능,1289361493.0,34459463906.0,1930704390.0,28829632101.0,2018.0,1.6624527075123376,-0.13435474032995248,1.7968074478422902,0.48801862689364744,0.02729209194718002,0.1150821921950546,0.04346854606434731,0.03220792154520234,-0.023820355483908096,0.8167189614237926,0.0,0,24.189085142080565,2020.0,231220000.0,6676550952.0,58849477346.0,0.0,0.0
00985686,(주)큐브엔터테인먼트,2020,CFS,58849477346.0,21633078732.0,37216398614.0,6676550952.0,,2714701021.0,36938498752.0,537392369.0,-624538048.0,5332432196.0,성공,확정,False,231220000.0,1407463000.0,CFS,False,0.11345132111787234,0.0429437716049915,True,사용가능,3432863998.0,29829671581.0,960751722.0,32002668986.0,2019.0,0.9448923569036771,0.2383139603698475,0.7065783965338296,0.27844598465116915,-0.2095726422424783,0.18074776121318423,-0.10122384280452569,0.014548300205917367,-0.017659621339284975,0.5812781337703672,0.03463165362809621,0,24.798248789491765,2021.0,107980000.0,4730296574.0,60730592911.0,0.0,0.0
00985686,(주)큐브엔터테인먼트,2021,CFS,60730592911.0,23953501534.0,36777091377.0,4730296574.0,,5429038090.0,71943559242.0,1182398157.0,-2858693139.0,2826347695.0,성공,확정,False,107980000.0,2236708000.0,CFS,False,0.07788984673560155,0.0429437716049915,True,사용가능,6676550952.0,36938498752.0,537392369.0,58849477346.0,2020.0,-0.2915059574909689,0.9476579090292532,-1.239163866520222,0.39216935176906653,0.11372336711789738,0.0657501049967305,-0.09361082382863219,0.016435080074683413,0.0018867798687660468,0.6513158228978452,0.022827321355178946,0,24.829713409874266,2022.0,724774000.0,3448677691.0,105911201026.0,1.0,1.0
00985686,(주)큐브엔터테인먼트,2022,CFS,105911201026.0,66613826823.0,39297374203.0,3448677691.0,,7545029274.0,120637928352.0,6927857971.0,6110261110.0,41392854109.0,성공,확정,False,724774000.0,1949615000.0,CFS,False,0.03256197321521629,0.0429437716049915,True,사용가능,4730296574.0,71943559242.0,1182398157.0,60730592911.0,2021.0,-0.2709383783766113,0.676841257550303,-0.9477796359269143,0.4767382649296061,0.08456891316053955,0.028587010222335486,-0.33313372577408995,0.05742686454947853,0.04099178447479512,1.695121574253036,0.21015996997673622,1,25.385866853800007,2023.0,1564338000.0,2580524725.0,153219970083.0,1.0,1.0
00985686,(주)큐브엔터테인먼트,2023,CFS,153219970083.0,73598839660.0,79621130423.0,2580524725.0,,7971269557.0,142272172633.0,15423770911.0,11223257792.0,3836889287.0,성공,확정,False,1564338000.0,1540774000.0,CFS,False,0.016841960767921552,0.0429437716049915,True,사용가능,3448677691.0,120637928352.0,6927857971.0,105911201026.0,2022.0,-0.25173502535931824,0.1793320274688001,-0.4310670528281183,0.5111037559167594,0.0343654909871533,0.01813794417589043,0.04820760962816249,0.10841031401682875,0.05098344946735022,0.9243631592391917,0.6062092662181332,1,25.75514043877988,2024.0,45853000.0,15784270636.0,269962749592.0,0.0,0.0
00985686,(주)큐브엔터테인먼트,2024,CFS,269962749592.0,111740423973.0,158222325619.0,15784270636.0,,21294917111.0,218283220461.0,16568348309.0,16605800279.0,2310037854.0,성공,확정,False,45853000.0,1860107000.0,CFS,False,0.05846832816696036,0.0429437716049915,True,사용가능,2580524725.0,142272172633.0,15423770911.0,153219970083.0,2023.0,5.116690331653381,0.5342650387723766,4.5824252928810045,0.20257312574799238,-0.30853063016876703,0.07231096647128737,0.05295457409070498,0.07590298637709635,-0.03250732763973241,0.7062241282059739,0.0029049806010941486,0,26.32154982195274,2025.0,1140551000.0,9218800764.0,258263677790.0,1.0,0.0
00985686,(주)큐브엔터테인먼트,2025,CFS,258263677790.0,97353309309.0,160910368481.0,9218800764.0,,4223956846.0,87228103184.0,-7261994709.0,-5858853002.0,42699881790.0,성공,확정,False,1140551000.0,5417853000.0,CFS,False,0.03569530505755445,0.0429437716049915,True,사용가능,15784270636.0,218283220461.0,16568348309.0,269962749592.0,2024.0,-0.4159501584460795,-0.6003902498791254,0.18444009143304585,0.433374997281334,0.2308018715333416,0.10568613127530416,-0.18801999261965208,-0.08325292473323032,-0.15915591111032668,0.6050157626759478,0.12372010516312748,1,26.277246906912477,,,,,,
01021949,(주)덱스터스튜디오,2015,CFS,80140075102.0,6444135592.0,73695939510.0,1065969736.0,,,26054826787.0,4535666351.0,4127486813.0,5300740610.0,성공,확정,False,0.0,555783000.0,,False,0.013301331882248227,0.0158407062048242,True,사용가능,,,,,,,,,,,0.040912562755238246,-0.01464003865115819,0.174081615973861,,0.08744220692275154,0.0,0,25.107041879288985,2016.0,0.0,1085831225.0,85681520652.0,0.0,0.0
01021949,(주)덱스터스튜디오,2016,CFS,85681520652.0,7499686421.0,78181834231.0,1085831225.0,,,31776984491.0,2407177115.0,5131098638.0,2987936390.0,성공,확정,False,0.0,561233000.0,CFS,False,0.012672875279725259,0.0158407062048242,True,사용가능,1065969736.0,26054826787.0,4535666351.0,80140075102.0,2015.0,0.018632319782857325,0.21961987123457133,-0.200987551451714,0.5216402540680899,,0.034170367087774906,0.025013121052141058,0.07575221983954361,-0.09832939613431738,0.09592620197220043,0.0,0,25.173903010967624,2017.0,0.0,1418253817.0,89532234148.0,0.0,0.0
01021949,(주)덱스터스튜디오,2017,CFS,89532234148.0,48652867580.0,40879366568.0,1418253817.0,,,25334023341.0,-21867728432.0,-34180578482.0,-13829476959.0,성공,확정,False,0.0,486462000.0,CFS,False,0.015840706204824237,0.0158407062048242,True,사용가능,1085831225.0,31776984491.0,2407177115.0,85681520652.0,2016.0,0.30614572904734805,-0.20275558720258055,0.5089013162499286,0.3885347277275098,-0.1331055263405801,0.05598217850793288,-0.2273047435559231,-0.8631762960686064,-0.93892851590815,1.1901570808116442,0.0,0,25.217864555464082,2018.0,0.0,1190644226.0,80815032958.0,0.0,0.0
01021949,(주)덱스터스튜디오,2018,CFS,80815032958.0,17589976176.0,63225056782.0,1190644226.0,,,39216741380.0,2067364239.0,2818373099.0,11937506906.0,성공,확정,False,0.0,333393000.0,CFS,False,0.014732954778584129,0.0158407062048242,True,사용가능,1418253817.0,25334023341.0,-21867728432.0,89532234148.0,2017.0,-0.1604857947651834,0.5479871022512453,-0.7084728970164287,0.2555814711843839,-0.1329532565431259,0.030360610904995085,-0.11283957295097884,0.05271636975055575,0.9158926658191621,0.2782121056316365,0.0,0,25.115428836628432,2019.0,66785000.0,978580143.0,66525819237.0,1.0,0.0
01021949,(주)덱스터스튜디오,2019,CFS,66525819237.0,11194472666.0,55331346571.0,978580143.0,,,55482724496.0,-5357793769.0,-7707267056.0,8160368757.0,성공,확정,False,66785000.0,248516000.0,CFS,False,0.014709779664851359,0.0158407062048242,True,사용가능,1190644226.0,39216741380.0,2067364239.0,80815032958.0,2018.0,-0.17810868970694527,0.4147714099544086,-0.5928800996613539,0.22912890298624522,-0.026452568198138682,0.01763756469945073,-0.23851845787078738,-0.09656688307341986,-0.14928325282397562,0.2023170112376624,0.0682468374999512,1,24.920855968458127,2020.0,34616000.0,802999745.0,68566008956.0,0.0,0.0
01021949,(주)덱스터스튜디오,2020,CFS,68566008956.0,11275174355.0,57290834601.0,802999745.0,,,26329132002.0,202551854.0,-3042768017.0,16565170021.0,성공,확정,False,34616000.0,202850000.0,CFS,False,0.011711338565954727,0.0158407062048242,True,사용가능,978580143.0,55482724496.0,-5357793769.0,66525819237.0,2019.0,-0.1794236264203452,-0.5254535129417052,0.34602988652135996,0.22771922984348372,-0.0014096731427614972,0.030498527066482973,-0.2859716984633414,0.007693069941865682,0.10425995301528554,0.1968059015639335,0.04310835740053691,0,24.951062752611186,2021.0,57301000.0,5707908949.0,94721172636.0,0.0,0.0
01021949,(주)덱스터스튜디오,2021,CFS,94721172636.0,32398609981.0,62322562655.0,5707908949.0,,,43025492366.0,-569745007.0,-447246624.0,-1534038749.0,성공,확정,False,57301000.0,340844000.0,CFS,False,0.06026011703776813,0.0158407062048242,True,사용가능,802999745.0,26329132002.0,202551854.0,68566008956.0,2020.0,6.108232579824792,0.634140174569056,5.474092405255735,0.10469936410384563,-0.12301986573963809,0.13266341964073736,0.011473592384422727,-0.013242033400882801,-0.020935103342748482,0.5198536228420115,0.010038877724221386,0,25.274203388030813,2022.0,30148000.0,4627341269.0,91913825993.0,0.0,0.0
01021949,(주)덱스터스튜디오,2022,CFS,91913825993.0,34282975881.0,57630850112.0,4627341269.0,,,65905730689.0,-2512357680.0,-6173487763.0,3389766243.0,성공,확정,False,30148000.0,1137416000.0,CFS,False,0.05034434394399392,0.0158407062048242,True,사용가능,5707908949.0,43025492366.0,-569745007.0,94721172636.0,2021.0,-0.18931060212327153,0.5317833001971788,-0.7210939023204503,0.2201042018352032,0.11540483773135758,0.07021151606429768,-0.10404587016895936,-0.03812047380000182,-0.024878440399119017,0.5948719447027823,0.0065151883657189585,0,25.244117301053116,2023.0,0.0,3649066058.0,85927997593.0,0.0,0.0
01021949,(주)덱스터스튜디오,2023,CFS,85927997593.0,27397729229.0,58530268364.0,3649066058.0,,,67717191460.0,-41361146.0,-886106340.0,11791522172.0,성공,확정,False,0.0,987424000.0,CFS,False,0.04246655525808815,0.0158407062048242,True,사용가능,4627341269.0,65905730689.0,-2512357680.0,91913825993.0,2022.0,-0.21141194351792686,0.027485633678018564,-0.23889757719594543,0.23861174564928467,0.018507543814081456,0.053886848809367324,-0.14753780917888823,-0.0006107924015784337,0.03750968139842338,0.46809505568321336,0.0,0,25.17677554523033,2024.0,537068000.0,2577922547.0,103565610601.0,1.0,1.0
01021949,(주)덱스터스튜디오,2024,CFS,103565610601.0,54676679449.0,48888931152.0,2577922547.0,,,53688139351.0,-8895513452.0,-10736203823.0,2621608354.0,성공,확정,False,537068000.0,552343000.0,CFS,False,0.024891684913941003,0.0158407062048242,True,사용가능,3649066058.0,67717191460.0,-41361146.0,85927997593.0,2023.0,-0.29353908478902085,-0.20717120433570918,-0.08636788045331167,0.1774029262094659,-0.06120881943981876,0.04801661182828798,-0.12897922485546587,-0.16568861501873433,-0.1650778226171559,1.1183856582792817,0.20833364471132035,1,25.363471167660396,2025.0,0.0,6974834259.0,110955446744.0,0.0,0.0
01021949,(주)덱스터스튜디오,2025,CFS,110955446744.0,67638691099.0,43316755645.0,6974834259.0,,,55416993715.0,-6505871065.0,-6793621017.0,-7708424218.0,성공,확정,False,0.0,696304000.0,CFS,False,0.0628615760981303,0.0158407062048242,True,사용가능,2577922547.0,53688139351.0,-8895513452.0,103565610601.0,2024.0,1.7056027215079863,0.03220179326195625,1.67340092824603,0.14578074458310458,-0.03162218162636132,0.1258609280552165,0.008244779574549986,-0.11739848427106256,0.04829013074767177,1.5614902384040263,0.0,0,25.432394576999272,,,,,,
01046203,(주)로아앤코홀딩스,2015,OFS,23879113571.0,4594330577.0,19284782994.0,190494984.0,,1900778671.0,20666173999.0,1141407590.0,-6790556048.0,-2959346192.0,성공,확정,False,0.0,106467000.0,,False,0.007977473009356039,0.0502813992901037,True,사용가능,,,,,,,,,,,0.00921771896477876,-0.16044187924349146,0.05523071614780901,,0.2382360526654314,0.0,0,23.896270004639465,2016.0,0.0,2038448417.0,57229480368.0,0.0,0.0
01046203,(주)로아앤코홀딩스,2016,CFS,57229480368.0,14007037786.0,43222442582.0,2038448417.0,,2554718293.0,29076104755.0,-579324047.0,-569867184.0,-842353337.0,성공,확정,False,0.0,69154000.0,OFS,True,0.035618852449686114,0.0502813992901037,True,사용가능,190494984.0,20666173999.0,1141407590.0,23879113571.0,2015.0,,,,,,0.07010734189384371,0.004761290007315204,-0.01992440362563964,,0.3240686307680639,0.0,0,24.770334993612764,2017.0,0.0,2077130375.0,54659441846.0,0.0,0.0
01046203,(주)로아앤코홀딩스,2017,CFS,54659441846.0,8796847213.0,45862594633.0,2077130375.0,,3081888082.0,46522004738.0,-510442803.0,-2465152718.0,-9171845993.0,성공,확정,False,0.0,77034000.0,CFS,False,0.03800130965208539,0.0502813992901037,True,사용가능,2038448417.0,29076104755.0,-579324047.0,57229480368.0,2016.0,0.01897617701650186,0.6000081554940732,-0.5810319784775713,0.037435317797701394,,0.044648341934056056,0.12269962971622987,-0.010972072374668353,0.008952331250971288,0.19180875577131676,0.0,0,24.72438780601476,2018.0,0.0,4049426694.0,58843721642.0,0.0,0.0
01046203,(주)로아앤코홀딩스,2018,CFS,58843721642.0,12152463727.0,46691257915.0,4049426694.0,,2776390332.0,27311088490.0,-1217222836.0,-359930994.0,-2748507182.0,성공,확정,False,0.0,87836000.0,CFS,False,0.06881663125654006,0.0502813992901037,True,사용가능,2077130375.0,46522004738.0,-510442803.0,54659441846.0,2017.0,0.9495293808892472,-0.41294257107342974,1.362471951962677,0.028673853523521302,-0.008761464274180092,0.14827042486727338,0.0405918613124419,-0.04456881447422677,-0.033596742099558416,0.26027278487812827,0.0,0,24.79815098088338,2019.0,0.0,3986048508.0,79274812640.0,0.0,0.0
01046203,(주)로아앤코홀딩스,2019,CFS,79274812640.0,37971327510.0,41303485130.0,3986048508.0,,2806399807.0,40606058762.0,-8620470668.0,-5670826187.0,-717461939.0,성공,확정,False,0.0,81636000.0,CFS,False,0.0502813992901037,0.0502813992901037,True,사용가능,4049426694.0,27311088490.0,-1217222836.0,58843721642.0,2018.0,-0.015651150345283915,0.4867975246342882,-0.5024486749795721,0.020318897874186982,-0.00835495564933432,0.09816388562512321,-0.06248345575402422,-0.21229518280821721,-0.16772636833399046,0.9193250252487835,0.0,0,25.09618629394955,2020.0,1842319000.0,3466005931.0,62033756276.0,1.0,1.0
01046203,(주)로아앤코홀딩스,2020,CFS,62033756276.0,29629926957.0,32403829319.0,3466005931.0,,9527968298.0,14962003987.0,-4702417450.0,-10561290992.0,-4759724095.0,성공,확정,False,1842319000.0,64325000.0,CFS,False,0.05587290112788075,0.0502813992901037,True,사용가능,3986048508.0,40606058762.0,-8620470668.0,79274812640.0,2019.0,-0.13046569201460406,-0.6315327209002181,0.501067028885614,0.017263695676552747,-0.0030552021976342353,0.2316538569306291,-0.0935227406057393,-0.3142906160221437,-0.10199543321392648,0.9143958470249836,0.531539482815732,1,24.850944529893592,2021.0,160333000.0,7896913909.0,114225444220.0,0.0,0.0
01046203,(주)로아앤코홀딩스,2021,CFS,114225444220.0,56084512045.0,58140932175.0,7896913909.0,,868891328.0,34525693061.0,-1039406226.0,7833589878.0,946450371.0,성공,확정,False,160333000.0,4188800000.0,CFS,False,0.06913445566287682,0.0502813992901037,True,사용가능,3466005931.0,14962003987.0,-4702417450.0,62033756276.0,2020.0,1.2783901892290213,1.307558071164682,-0.029167881935660667,0.7372752882150051,0.7200115925384524,0.22872571725201088,0.060294267656646285,-0.0301052964864044,0.2841853195357393,0.964630423815526,0.02030324780637038,0,25.46143991337921,2022.0,0.0,3069137107.0,120313884906.0,0.0,0.0
01046203,(주)로아앤코홀딩스,2022,CFS,120313884906.0,54631183358.0,65682701548.0,3069137107.0,,39506898772.0,18481103877.0,-3949483310.0,-32951620305.0,8432588735.0,성공,확정,False,0.0,4872918000.0,CFS,False,0.02550941738268933,0.0502813992901037,True,사용가능,7896913909.0,34525693061.0,-1039406226.0,114225444220.0,2021.0,-0.6113498079924427,-0.46471447092032064,-0.146635337072122,0.888727946439457,0.15145265822445186,0.1660689278858275,-0.34396868717466034,-0.21370386402703948,-0.18359856754063508,0.8317438544770619,0.0,0,25.513369872269276,2023.0,300000000.0,2201777943.0,85719189484.0,1.0,0.0
01046203,(주)로아앤코홀딩스,2023,CFS,85719189484.0,34844287652.0,50874901832.0,2201777943.0,,20368385407.0,5702630850.0,-22246032011.0,-42980913412.0,-12152234838.0,성공,확정,False,300000000.0,1265841000.0,CFS,False,0.025685939825772327,0.0502813992901037,True,사용가능,3069137107.0,18481103877.0,-3949483310.0,120313884906.0,2022.0,-0.28260684803613106,-0.6914345112741341,0.40882766323800307,0.480311668085032,-0.40841627835442496,0.3860986272677987,-0.35964734103971385,-3.901012111103071,-3.6873082470760314,0.6849013245679259,0.1362535222744758,1,25.174342552117444,2024.0,626504000.0,7069552820.0,87169549240.0,1.0,1.0
01046203,(주)로아앤코홀딩스,2024,CFS,87169549240.0,44426428480.0,42743120760.0,7069552820.0,,21587062932.0,7126651825.0,-7003453500.0,-10634676320.0,-3539438582.0,성공,확정,False,626504000.0,755828000.0,CFS,False,0.0811011744541172,0.0502813992901037,True,사용가능,2201777943.0,5702630850.0,-22246032011.0,85719189484.0,2023.0,2.2108382421015107,0.2497129855424536,1.9611252565590571,0.16304628091068785,-0.31726538717434416,0.9919879620329284,-0.08139582916122465,-0.9827130147472863,2.9182990963557844,1.039381956442808,0.0886200324053877,1,25.191120900911443,2025.0,1000000000.0,6563833423.0,79649870540.0,1.0,1.0
01046203,(주)로아앤코홀딩스,2025,CFS,79649870540.0,51857616650.0,27792253890.0,6563833423.0,,23555434861.0,12973995794.0,-4740034684.0,-15059256032.0,-4249088172.0,성공,확정,False,1000000000.0,1907588000.0,CFS,False,0.08240858872085242,0.0502813992901037,True,사용가능,7069552820.0,7126651825.0,-7003453500.0,87169549240.0,2024.0,-0.07153484949844395,0.8204896370112763,-0.8920244865097202,0.27984067435622495,0.1167943934455371,0.5059222715360778,-0.1357210976830296,-0.3653488685569093,0.617364146190377,1.8659018032596133,0.15234999664920656,1,25.100906247940195,,,,,,
01047840,미스터블루(주),2015,OFS,30026957033.0,8624299598.0,21402657435.0,4132460078.0,,62177282.0,17091215394.0,3684223789.0,-6057867884.0,3491387822.0,성공,확정,False,0.0,,,False,0.13762500387429785,0.2156395713458931,True,사용가능,,,,,,,,,,,0.24178854357254964,-0.31802275853344875,0.21556242221915795,,0.4029546155280974,0.0,0,24.125361382904895,,,,,,
01082418,(주)에스에이엠지엔터테인먼트,2022,CFS,76681028784.0,29592333346.0,47088695438.0,11072321136.0,,11420600627.0,68322017040.0,-363931469.0,-22963177973.0,-1932404451.0,성공,확정,False,1984601000.0,2570434000.0,,False,0.14439453032365043,0.1370794567253658,True,사용가능,,,,,,,,,,,0.16206080580902008,-0.2742630590056482,-0.005326708501403459,,0.6284381648449608,0.1792398337822199,1,25.062920171622274,2023.0,3542464000.0,13272551802.0,100134482698.0,1.0,1.0
01082418,(주)에스에이엠지엔터테인먼트,2023,CFS,100134482698.0,53042963767.0,47091518931.0,13272551802.0,,18473332153.0,95122568514.0,-9418335494.0,-17103166950.0,-11866675332.0,성공,확정,False,3542464000.0,3200180000.0,CFS,False,0.1325472648820614,0.1370794567253658,True,사용가능,11072321136.0,68322017040.0,-363931469.0,76681028784.0,2022.0,0.19871449165670224,0.39226815359255673,-0.1935536619358545,0.2629038161875002,,0.13953104935393504,-0.05229458900579699,-0.09901262803488978,-0.09368591953348632,1.1263803965363752,0.26690150114661426,1,25.329779946444617,2024.0,287608000.0,13785955745.0,97350436100.0,0.0,0.0
01082418,(주)에스에이엠지엔터테인먼트,2024,CFS,97350436100.0,66575968649.0,30774467451.0,13785955745.0,,7669044713.0,116438413800.0,-6109144833.0,-19377563851.0,32766501710.0,성공,확정,False,287608000.0,6752120000.0,CFS,False,0.14161164856867037,0.1370794567253658,True,사용가능,13272551802.0,95122568514.0,-9418335494.0,100134482698.0,2023.0,0.03868163037967098,0.22408820134900756,-0.18540657096933658,0.49907556714070234,0.23617175095320214,0.11839697308724417,-0.5356325831703183,-0.0524667473012244,0.046545880733665376,2.1633507957531415,0.020862391068121044,0,25.301583048466963,2025.0,1379000.0,14322393460.0,135675924046.0,0.0,0.0
01082418,(주)에스에이엠지엔터테인먼트,2025,CFS,135675924046.0,52252771949.0,83423152097.0,14322393460.0,,16489721828.0,141251628528.0,22632697773.0,30139738980.0,23807507937.0,성공,확정,False,1379000.0,,CFS,False,0.10556326452690376,0.1370794567253658,True,사용가능,13785955745.0,116438413800.0,-6109144833.0,97350436100.0,2024.0,0.038911898813730014,0.2131016210047341,-0.1741897221910041,,,0.10139630678424995,0.04667173699036758,0.160229641306497,0.2126963886077214,0.6263581588027657,9.628278987386512e-05,0,25.633534967604213,,,,,,
01116502,(주)아티스트컴퍼니,2020,CFS,7459471188.0,9059623686.0,-1600152498.0,873607095.0,,,29012708970.0,-4033201141.0,-4120275600.0,-2639334819.0,성공,확정,False,0.0,252445000.0,,False,0.11711381048101181,0.0708968824083108,True,사용가능,,,,,,,,,,,0.0301111866493865,-0.19853160414137389,-0.13901497944126656,,-5.661725177646162,0.0,0,22.73275036232245,2021.0,0.0,4324765940.0,62091631695.0,0.0,0.0
01116502,(주)아티스트컴퍼니,2021,CFS,62091631695.0,36478501900.0,25613129795.0,4324765940.0,5363632960.0,1732351594.0,35420948949.0,-5475563541.0,-7951297311.0,-3693322851.0,성공,확정,False,0.0,412474000.0,CFS,False,0.06965134949655795,0.0708968824083108,True,사용가능,873607095.0,29012708970.0,-4033201141.0,7459471188.0,2020.0,3.9504702568836167,0.2208769951687831,3.7295932617148337,0.15869349783975248,,0.1220962754619282,-0.06857565735936165,-0.15458545588046943,-0.015570476439202868,1.4242110273895952,0.0,0,24.85187706149152,2022.0,5161921000.0,3533612293.0,48981064431.0,1.0,1.0
01116502,(주)아티스트컴퍼니,2022,CFS,48981064431.0,41554710295.0,7426354136.0,3533612293.0,201711866.0,607411245.0,35760012569.0,-6306382768.0,-18952081115.0,-4425980191.0,성공,확정,False,5161921000.0,791730000.0,CFS,False,0.07214241532006367,0.0708968824083108,True,사용가능,4324765940.0,35420948949.0,-5475563541.0,62091631695.0,2021.0,-0.1829355988222567,0.009572403621602362,-0.19250800244385907,0.2014995910161862,0.04280609317643372,0.09881462670578739,-0.29656564414730163,-0.17635292369743014,-0.021767467816960706,5.595573485185598,1.4608057058850628,1,24.614699620186116,2025.0,4416667000.0,13937942949.0,71642914566.0,,
01116502,(주)아티스트컴퍼니,2025,CFS,71642914566.0,32024074331.0,39618840235.0,13937942949.0,,,46650140282.0,-3958696884.0,1120755257.0,6157884480.0,성공,확정,False,4416667000.0,1956904000.0,CFS,False,0.19454740267664392,0.0708968824083108,True,사용가능,3533612293.0,35760012569.0,-6306382768.0,48981064431.0,2022.0,,,,,,0.2987760136356539,-0.07030882612068522,-0.08485927073465772,,0.8083041840964682,0.3168808350099382,1,24.994960096812207,,,,,,
01168684,스튜디오드래곤(주),2025,CFS,1034472891355.0,234222074125.0,800250817230.0,228995860812.0,,,530685384145.0,30359009641.0,10319624051.0,-9806949401.0,성공,확정,False,18822098000.0,131348912000.0,CFS,False,0.2213647769078325,0.3285815954474356,True,사용가능,,,,,,,,,,,0.43150964329070557,0.019455873247328205,0.05720717123180645,,0.2926858293450293,0.08219405334776982,1,27.664913129201906,,,,,,
01186404,주식회사 디앤씨미디어,2017,OFS,35747219967.0,3771774963.0,31975445004.0,93505450.0,,277297657.0,26536904342.0,5432589183.0,4536199332.0,3511342780.0,성공,확정,False,0.0,2321000.0,,False,0.002615740471184037,0.158393510203744,True,사용가능,,,,,,,,,,,0.0035236005223114432,0.028669545574343824,0.20471827131704404,,0.11795848228314465,0.0,0,24.29973833990188,2018.0,0.0,111305693.0,43639727144.0,0.0,0.0
01186404,주식회사 디앤씨미디어,2018,CFS,43639727144.0,7118077605.0,36521649539.0,111305693.0,,726234537.0,32910221877.0,5801455623.0,4917413308.0,4378481065.0,성공,확정,False,0.0,7712000.0,OFS,True,0.002550558866528187,0.158393510203744,True,사용가능,93505450.0,26536904342.0,5432589183.0,35747219967.0,2017.0,,,,,,0.0033821009598780103,0.012349578658492998,0.17628126740325836,,0.19490022205593127,0.0,0,24.49923374546277,2019.0,0.0,107546930.0,53449595113.0,0.0,0.0
01186404,주식회사 디앤씨미디어,2019,CFS,53449595113.0,11928154790.0,41521440323.0,107546930.0,,1015476050.0,42139941288.0,7913751789.0,4852476454.0,5035332419.0,성공,확정,False,0.0,10098000.0,CFS,False,0.0020121187031001933,0.158393510203744,True,사용가능,111305693.0,32910221877.0,5801455623.0,43639727144.0,2018.0,-0.033769728202491855,0.2804514489600079,-0.31422117716249975,0.0922812791693157,,0.002552137632679276,-0.0034210916773722354,0.18779693438380662,0.011515666980548261,0.2872769994780896,0.0,0,24.70200489932797,2020.0,0.0,244643866.0,63725229592.0,0.0,0.0
01186404,주식회사 디앤씨미디어,2020,CFS,63725229592.0,11696158408.0,52029071184.0,244643866.0,,585362314.0,57733988624.0,13147011574.0,10867446534.0,12383257527.0,성공,확정,False,0.0,26067000.0,CFS,False,0.0038390425199929345,0.158393510203744,True,사용가능,107546930.0,42139941288.0,7913751789.0,53449595113.0,2019.0,1.274763826359339,0.3700538458139866,0.9047099805453525,0.14802771847564125,0.05574643930632556,0.004237432261839287,-0.023786669780634158,0.22771701535505537,0.039920080971248745,0.22480044601674165,0.0,0,24.87784639005812,2021.0,0.0,21144291517.0,88176266873.0,0.0,0.0
01186404,주식회사 디앤씨미디어,2021,CFS,88176266873.0,18224645552.0,69951621321.0,21144291517.0,,694962587.0,67421822042.0,15145627513.0,15503064978.0,13019943003.0,성공,확정,False,0.0,,CFS,False,0.23979572130734517,0.158393510203744,True,사용가능,244643866.0,57733988624.0,13147011574.0,63725229592.0,2020.0,85.42886438444363,0.16780121465525719,85.26106316978837,,,0.3136119860989265,0.028160887992416745,0.22463984292155625,-0.0030771724334991146,0.26053213932482255,0.0,0,25.20260368067725,2022.0,0.0,21697695755.0,93947407896.0,0.0,0.0
01186404,주식회사 디앤씨미디어,2022,CFS,93947407896.0,17536314518.0,76411093378.0,21697695755.0,,1087596789.0,61214379663.0,5859879124.0,6142385719.0,5444271784.0,성공,확정,False,0.0,1677494000.0,CFS,False,0.23095576813592772,0.158393510203744,True,사용가능,21144291517.0,67421822042.0,15145627513.0,88176266873.0,2021.0,0.026172749158091358,-0.09206874259691636,0.11824149175500771,0.07831074638763784,,0.3544542291280427,0.007430901507924665,0.09572716666018762,-0.12891267626136865,0.22949958890457378,0.0,0,25.266000972175135,2023.0,0.0,20681047354.0,98660403959.0,0.0,0.0
01186404,주식회사 디앤씨미디어,2023,CFS,98660403959.0,17631986431.0,81028417528.0,20681047354.0,,1052636483.0,60372245944.0,3486546807.0,3961963285.0,4678368740.0,성공,확정,False,0.0,1421281000.0,CFS,False,0.20961851486635266,0.158393510203744,True,사용가능,21697695755.0,61214379663.0,5859879124.0,93947407896.0,2022.0,-0.04685513210616959,-0.013757122487169687,-0.033098009618999905,0.06707518419526518,-0.011235562192372664,0.342558853503368,-0.007261326999002705,0.057750821631417294,-0.03797634502877032,0.21760250254063188,0.0,0,25.314949527199328,2024.0,0.0,25073798964.0,115265240226.0,0.0,0.0
01186404,주식회사 디앤씨미디어,2024,CFS,115265240226.0,27168502128.0,88096738098.0,25073798964.0,,862666751.0,83514767448.0,10278991964.0,10796993994.0,14051094812.0,성공,확정,False,0.0,1773007000.0,CFS,False,0.21753131225717245,0.158393510203744,True,사용가능,20681047354.0,60372245944.0,3486546807.0,98660403959.0,2023.0,0.2124046976349281,0.3833304715127959,-0.1709257738778678,0.07750029309146635,0.010425108896201171,0.3002319198171995,-0.02823141487945282,0.12307993278434448,0.0653291111529272,0.3083939623028652,0.0,0,25.470501746315,2025.0,5477953000.0,18600617456.0,117432951843.0,1.0,1.0
01186404,주식회사 디앤씨미디어,2025,CFS,117432951843.0,21770740930.0,95662210913.0,18600617456.0,,959834643.0,85471656697.0,17336284379.0,7983639019.0,15054205467.0,성공,확정,False,5477953000.0,1613881000.0,CFS,False,0.158393510203744,0.158393510203744,True,사용가능,25073798964.0,83514767448.0,10278991964.0,115265240226.0,2024.0,-0.25816516744406964,0.023431655368237072,-0.2815968228123067,0.0739050974135489,-0.00359519567791744,0.21762322359024625,-0.06020939043968574,0.20283079852374608,0.0797508657394016,0.22757932021662558,0.294503825636873,1,25.489133385050817,,,,,,
01204056,(주)하이브,2020,CFS,1924442638000.0,725503228000.0,1198939410000.0,288374913000.0,,61961013000.0,796283397000.0,145515649000.0,87061118000.0,116677031000.0,성공,확정,False,0.0,13521264000.0,,False,0.149848536561057,0.3320140518140024,True,사용가능,,,,,,,,,,,0.3621511061092738,-0.015389345681292268,0.18274354274901453,,0.6051208442635145,0.0,0,28.285657503042575,2021.0,0.0,1330038427000.0,4728915303000.0,0.0,0.0
01204056,(주)하이브,2021,CFS,4728915303000.0,1842330260000.0,2886585043000.0,1330038427000.0,,83184815000.0,1255926483000.0,190247657000.0,140834607000.0,177258248000.0,성공,확정,False,0.0,47156825000.0,CFS,False,0.28125655499818963,0.3320140518140024,True,사용가능,288374913000.0,796283397000.0,145515649000.0,1924442638000.0,2020.0,3.6121849267796744,0.5772355517290787,3.0349493750505956,0.05827537852598274,,1.059009778839101,-0.007702324669865207,0.15147993101121668,-0.03126361173779785,0.6382386912409426,0.0,0,29.184716969300908,2022.0,83383590000.0,1470169884000.0,4870434315000.0,1.0,1.0
01204056,(주)하이브,2022,CFS,4870434315000.0,1941754310000.0,2928680005000.0,1470169884000.0,,79181815000.0,1776153957000.0,236907930000.0,48032125000.0,347125164000.0,성공,확정,False,83383590000.0,68746044000.0,CFS,False,0.30185601301965204,0.3320140518140024,True,사용가능,1330038427000.0,1255926483000.0,190247657000.0,4728915303000.0,2021.0,0.10535895366277263,0.4142180940060645,-0.30885914034329187,0.04910066421126339,-0.009174714314719348,0.8277266045580755,-0.06140993177525278,0.1333825421306088,-0.018097388880607884,0.663013475929406,0.05671697598180429,1,29.21420423077144,2023.0,95562539000.0,2165250407000.0,5345681487000.0,0.0,1.0
01204056,(주)하이브,2023,CFS,5345681487000.0,2235766519000.0,3109914968000.0,2165250407000.0,,125860185000.0,2178088207000.0,295643307000.0,183449559000.0,310627196000.0,성공,확정,False,95562539000.0,74222154000.0,CFS,False,0.40504665537324036,0.3320140518140024,True,사용가능,1470169884000.0,1776153957000.0,236907930000.0,4870434315000.0,2022.0,0.47278925419751017,0.22629471303201898,0.2464945411654912,0.04083277753812812,-0.008267886673135272,0.994105932000944,-0.02379072477649097,0.13573523149790417,0.0023526893672953797,0.7189156430337487,0.044134636202379895,0,29.307310152184588,2024.0,89746480000.0,2244256804000.0,5479186860000.0,0.0,1.0
01204056,(주)하이브,2024,CFS,5479186860000.0,1965408202000.0,3513778658000.0,2244256804000.0,,163151790000.0,2255648536000.0,184045287000.0,-3431847000.0,151599247000.0,성공,확정,False,89746480000.0,84506106000.0,CFS,False,0.40959669041110236,0.3320140518140024,True,사용가능,2165250407000.0,2178088207000.0,295643307000.0,5345681487000.0,2023.0,0.03648834183084857,0.03560936088388637,0.0008789809469621976,0.03832904764922041,-0.0025037298889077075,0.9949496866119927,-0.028294544055757938,0.08159306916066467,-0.05414216233723951,0.5593432009512763,0.03998939864637701,0,29.331977822666914,2025.0,163683556000.0,1986685747000.0,5485474443000.0,1.0,1.0
01204056,(주)하이브,2025,CFS,5485474443000.0,1934017978000.0,3551456465000.0,1986685747000.0,,184400391000.0,2649870246000.0,49318276000.0,-254385318000.0,107483561000.0,성공,확정,False,163683556000.0,87516114000.0,CFS,False,0.36217209060835287,0.3320140518140024,True,사용가능,2244256804000.0,2255648536000.0,184045287000.0,5479186860000.0,2024.0,-0.11476897676813282,0.17477089347398225,-0.2895398702421151,0.041369559120728414,0.003040511471508002,0.7497294442997418,-0.06596856530099779,0.018611581481940986,-0.06298148767872368,0.5445703747349752,0.08239026038575592,1,29.333124704182985,,,,,,
01264438,(주)자이언트스텝,2020,CFS,22663934746.0,7849042726.0,14814892020.0,765033036.0,,461563692.0,20223107408.0,,-1422167643.0,332920822.0,성공,확정,False,0.0,261955000.0,,False,0.03375552588612276,0.0288037419812651,True,사용가능,,,,,,,,,,,0.03782964806374726,-0.07743970694716895,,,0.5298076229920439,0.0,0,23.844040720278812,2021.0,0.0,1972687152.0,143724545361.0,0.0,0.0
01264438,(주)자이언트스텝,2021,CFS,143724545361.0,16573953529.0,127150591832.0,1972687152.0,,31188409.0,33157055213.0,-2908565928.0,-3471517212.0,485804808.0,성공,확정,False,0.0,288497000.0,CFS,False,0.013725471505546285,0.0288037419812651,True,사용가능,765033036.0,20223107408.0,,22663934746.0,2020.0,1.578564662140943,0.6395628299874181,0.939001832153525,0.21075711189517662,,0.05949524586328649,-0.02753407227735666,-0.08772087597392028,,0.13034900813437528,0.0,0,25.691164425194543,2022.0,0.0,10908619183.0,146288744916.0,0.0,0.0
01264438,(주)자이언트스텝,2022,CFS,146288744916.0,23324552269.0,122964192647.0,10908619183.0,,168595903.0,40619850156.0,-17860766009.0,-12676277323.0,-7470247940.0,성공,확정,False,0.0,486674000.0,CFS,False,0.07456909408351137,0.0288037419812651,True,사용가능,1972687152.0,33157055213.0,-2908565928.0,143724545361.0,2021.0,4.5298272571706795,0.22507411756138213,4.304753139609297,0.07556283304553521,-0.1351942788496414,0.2685539001524031,-0.03558735421504462,-0.4397053642592467,-0.35198448828532647,0.18968572693319805,0.0,0,25.70884821047517,,,,,,
01267222,(주)에피소드컴퍼니,2019,CFS,21133741428.0,3383563350.0,17750178078.0,150366707.0,,882680137.0,9724378450.0,-1712999816.0,-1956383231.0,-1666869566.0,성공,확정,False,0.0,30597000.0,,False,0.00711500647021165,0.0655110465732686,True,사용가능,,,,,,,,,,,0.015462860456649545,-0.013699120242685691,-0.1761551984846908,,0.1906213749029183,0.0,0,23.774136720008222,2020.0,668977000.0,1255632656.0,18551829870.0,1.0,1.0
01267222,(주)에피소드컴퍼니,2020,CFS,18551829870.0,4908532816.0,13643297054.0,1255632656.0,,770910698.0,6235193370.0,-2442776818.0,-4020570719.0,-166165832.0,성공,확정,False,668977000.0,131204000.0,CFS,False,0.06768241541663081,0.0655110465732686,True,사용가능,150366707.0,9724378450.0,-1712999816.0,21133741428.0,2019.0,7.350469868306686,-0.35880803055335636,7.709277898860042,0.18663450845389892,,0.20137830240219157,-0.20776413507504854,-0.3917724235712035,-0.2156172250865127,0.3597761447670668,0.5327808231199747,1,23.64383426641775,2021.0,25000000.0,1113493946.0,16997041022.0,0.0,0.0
01267222,(주)에피소드컴퍼니,2021,CFS,16997041022.0,4655916849.0,12341124173.0,1113493946.0,,727287438.0,6686099596.0,-2282770363.0,-2011425211.0,-693318566.0,성공,확정,False,25000000.0,131546000.0,CFS,False,0.06551104657326866,0.0655110465732686,True,사용가능,1255632656.0,6235193370.0,-2442776818.0,18551829870.0,2020.0,-0.11320087074893662,0.07231631791397032,-0.18551718866290695,0.11105020718517093,-0.07558430126872799,0.1665386418512453,-0.07754918301920423,-0.3414203348639439,0.0503520887072596,0.37726845494239886,0.022451850851823132,0,23.556305108323446,2022.0,318000.0,1005272802.0,14947005721.0,0.0,0.0
01267222,(주)에피소드컴퍼니,2022,CFS,14947005721.0,3839751259.0,11107254462.0,1005272802.0,,593985578.0,10088032993.0,-2088411993.0,-1404429349.0,-1121782163.0,성공,확정,False,318000.0,119770000.0,CFS,False,0.0672557983026412,0.0655110465732686,True,사용가능,1113493946.0,6686099596.0,-2282770363.0,16997041022.0,2021.0,-0.09719059936406695,0.5088068683624197,-0.6059974677264867,0.11305633346667945,0.002006126281508522,0.09965003115052758,-0.018909953690784433,-0.20701875127184172,0.1344015835921022,0.3456976044022858,0.00031633204376696147,0,23.427776830502406,2023.0,80999000.0,1099965199.0,12023879916.0,1.0,1.0
01267222,(주)에피소드컴퍼니,2023,CFS,12023879916.0,6225832586.0,5798047330.0,1099965199.0,,377569862.0,8483510899.0,-3677587098.0,-5522902385.0,-2376221356.0,성공,확정,False,80999000.0,111580000.0,CFS,False,0.09148171860368404,0.0655110465732686,True,사용가능,1005272802.0,10088032993.0,-2088411993.0,14947005721.0,2022.0,0.09419572161069965,-0.15905202680377475,0.2532477484144744,0.1060022666767357,-0.007054066789943747,0.1296591955966791,-0.26170263267622607,-0.433498246396253,-0.2264794951244113,1.0737809182388995,0.07363778424411771,1,23.210160502321266,2024.0,904428000.0,183849728.0,18341922592.0,1.0,1.0
01267222,(주)에피소드컴퍼니,2024,CFS,18341922592.0,6279297819.0,12062624773.0,183849728.0,,305040378.0,5677574243.0,-3610777923.0,-4895289645.0,-2470097348.0,성공,확정,False,904428000.0,260622000.0,CFS,False,0.010023470935385354,0.0655110465732686,True,사용가능,1099965199.0,8483510899.0,-3677587098.0,12023879916.0,2023.0,-0.832858595738173,-0.33075181836929707,-0.5021067773688759,0.40601179269510085,0.30000952601836517,0.03238173912506247,-0.1322212698715548,-0.6359719430268663,-0.20247369663061332,0.5205581651727301,4.919387207361003,1,23.632455128814744,2025.0,0.0,133282928.0,28151686504.0,0.0,0.0
01267222,(주)에피소드컴퍼니,2025,CFS,28151686504.0,6889406510.0,21262279994.0,133282928.0,,319814151.0,5683497607.0,-3555910328.0,-6321233881.0,-9013423143.0,성공,확정,False,0.0,204240000.0,CFS,False,0.0047344562458473734,0.0655110465732686,True,사용가능,183849728.0,5677574243.0,-3610777923.0,18341922592.0,2024.0,-0.27504419261365454,0.0010432913329672508,-0.2760874839466218,1.288041430838961,0.8820296381438602,0.023450863749083655,0.09563154454769429,-0.6256552872689544,0.010316655757911963,0.32402011975875217,0.0,0,24.060873101069646,,,,,,
01276327,(주)위지윅스튜디오,2022,CFS,386550617429.0,140948468189.0,245602149240.0,57841641461.0,,9554734636.0,186344639061.0,-24913262401.0,-27191529964.0,-24084233396.0,성공,확정,False,166666000.0,6440248000.0,CFS,False,0.14963536171721187,0.1252693169437111,True,사용가능,,,,,,,,,,,0.3104014247604167,-0.008038524394727516,-0.1336945485877092,,0.5738893923573386,0.0028814189187970287,0,26.680528659992696,2023.0,0.0,40581996058.0,337160026663.0,0.0,0.0
01276327,(주)위지윅스튜디오,2023,CFS,337160026663.0,103250999242.0,233909027421.0,40581996058.0,,7145667881.0,147335163984.0,-20281322515.0,46673309727.0,-2070996508.0,성공,확정,False,0.0,6343047000.0,CFS,False,0.12036419755821984,0.1252693169437111,True,사용가능,57841641461.0,186344639061.0,-24913262401.0,386550617429.0,2022.0,-0.29839480635481963,-0.20934047404621192,-0.08905433230860771,0.12889275706306869,,0.27543998975293527,0.14457320672750204,-0.13765432478293144,-0.0039597761952222255,0.4414151962427863,0.0,0,26.543823511156837,2024.0,2474083000.0,36451154087.0,293502455885.0,1.0,1.0
01276327,(주)위지윅스튜디오,2024,CFS,293502455885.0,119907609891.0,173594845994.0,36451154087.0,,14576764459.0,80432665935.0,-11816014440.0,-60298960409.0,-7591004494.0,성공,확정,False,2474083000.0,4499270000.0,CFS,False,0.12419369363397176,0.1252693169437111,True,사용가능,40581996058.0,147335163984.0,-20281322515.0,337160026663.0,2023.0,-0.10179001459406233,-0.4540837111788557,0.35229369658479337,0.11681386497971315,-0.012078892083355539,0.45318843610700715,-0.17958267420989488,-0.14690566702773308,-0.009251342244801647,0.6907325456836685,0.06787392778003594,1,26.405151843760475,2025.0,9451567000.0,27176089663.0,242562329443.0,1.0,1.0
01276327,(주)위지윅스튜디오,2025,CFS,242562329443.0,110331848085.0,132230481358.0,27176089663.0,,8174646028.0,101995172098.0,-9556606628.0,-41781737653.0,-9287958765.0,성공,확정,False,9451567000.0,3699835000.0,CFS,False,0.11203755226710148,0.1252693169437111,True,사용가능,36451154087.0,80432665935.0,-11816014440.0,293502455885.0,2024.0,-0.254451872823085,0.2680814556168671,-0.522533328439952,0.11629719541324623,-0.0005166695664669124,0.2664448630655616,-0.13396053279425546,-0.09369665672820011,0.05320901029953297,0.8343904291347789,0.34778980777606955,1,26.21452454292868,,,,,,
01303029,주식회사 알비더블유,2021,CFS,101747835431.0,46295607232.0,55452228199.0,23417579406.0,,999237467.0,59620243030.0,9577730579.0,7644786835.0,-6730802913.0,성공,확정,False,0.0,1792144000.0,,False,0.23015309669049977,0.2235273677299566,True,사용가능,,,,,,,,,,,0.3927789994786943,0.14128644297056092,0.16064561451352408,,0.8348737054507555,0.0,0,25.34576338763743,2022.0,0.0,32373023548.0,144828008654.0,0.0,0.0
01303029,주식회사 알비더블유,2022,CFS,144828008654.0,56090682891.0,88737325763.0,32373023548.0,,1536419397.0,63086449910.0,2815259566.0,1114161495.0,11182839985.0,성공,확정,False,0.0,3109270000.0,CFS,False,0.22352736772995663,0.2235273677299566,True,사용가능,23417579406.0,59620243030.0,9577730579.0,101747835431.0,2021.0,0.38242398954801693,0.058138087063077847,0.3242859024849391,0.11146214005120644,,0.5131533569282121,-0.06952162488165174,0.04462542384325458,-0.1160201906702695,0.6320979633847341,0.0,0,25.69881272812381,2023.0,530780000.0,42989671043.0,182020249457.0,0.0,0.0
01303029,주식회사 알비더블유,2023,CFS,182020249457.0,96166871900.0,85853377557.0,42989671043.0,,2383141669.0,91434324727.0,-2247765168.0,-5537504670.0,-1798293968.0,성공,확정,False,530780000.0,3373277000.0,CFS,False,0.23618070610960112,0.2235273677299566,True,사용가능,32373023548.0,63086449910.0,2815259566.0,144828008654.0,2022.0,0.32794735651609824,0.4493496599894505,-0.12140230347335224,0.0895211355779427,-0.021941004473263748,0.4701699407892648,-0.0205428281367307,-0.024583384573695535,-0.06920880841695012,1.1201291624916287,0.012346686706885764,0,25.927383778586936,2024.0,5829728000.0,32382472891.0,164140277468.0,1.0,1.0
01303029,주식회사 알비더블유,2024,CFS,164140277468.0,94044015202.0,70096262266.0,32382472891.0,,1998746770.0,62519905445.0,-12208367924.0,-11494490662.0,21448125109.0,성공,확정,False,5829728000.0,2846945000.0,CFS,False,0.19728535488380133,0.2235273677299566,True,사용가능,42989671043.0,91434324727.0,-2247765168.0,182020249457.0,2023.0,-0.24673829537774908,-0.3162315614877806,0.06949326611003151,0.07554369164536283,-0.013977443932579867,0.5179546043857585,-0.20069794129245538,-0.1952716952641578,-0.17068831069046225,1.3416409400707203,0.18002726411979011,1,25.823987249581542,2025.0,3388003000.0,39044620671.0,181624822255.0,1.0,1.0
01303029,주식회사 알비더블유,2025,CFS,181624822255.0,114089652583.0,67535169672.0,39044620671.0,,2414446420.0,46476881443.0,169191031.0,-3822576836.0,252266757.0,성공,확정,False,3388003000.0,3115036000.0,CFS,False,0.21497403375944737,0.2235273677299566,True,사용가능,32382472891.0,62519905445.0,-12208367924.0,164140277468.0,2024.0,0.205733138492076,-0.25660665811648364,0.4623397966085596,0.08722281265150716,0.011679121006144336,0.8400869305072663,-0.022435499412513934,0.0036403266688084185,0.19891202193296623,1.689336876431976,0.08677259355515791,1,25.925208980199077,,,,,,
01335578,(주)애니플러스,2020,CFS,29132885269.0,12392800509.0,16740084760.0,9343689017.0,,312891091.0,15885920927.0,-1032501836.0,-4031987365.0,4117010483.0,성공,확정,False,0.0,4720425000.0,OFS,True,0.32072652367675103,0.5097925541371531,True,사용가능,,,,,,,,,,,0.5881742116139642,-0.27971818694769873,-0.064994773720996,,0.7403069152082358,0.0,0,24.09513345103891,2021.0,0.0,14530795596.0,101344429359.0,0.0,0.0
01335578,(주)애니플러스,2021,CFS,101344429359.0,55126325349.0,46218104010.0,14530795596.0,,2410186284.0,49036805412.0,13009415839.0,21299407030.0,16198929982.0,성공,확정,False,0.0,5085637000.0,CFS,False,0.1433803089909014,0.5097925541371531,True,사용가능,9343689017.0,15885920927.0,-1032501836.0,29132885269.0,2020.0,0.5551454644479848,2.0868091083505367,-1.5316636439025517,0.4260311443314506,,0.2963242705945952,0.05032814413441706,0.26529900815717516,0.33029378187817116,1.1927431150588212,0.0,0,25.341790743943097,2022.0,258000000.0,70355491909.0,141531814054.0,0.0,0.0
01335578,(주)애니플러스,2022,CFS,141531814054.0,61008563067.0,80523250987.0,70355491909.0,,4797858558.0,58131424584.0,9626892101.0,5446041060.0,21205872687.0,성공,확정,False,258000000.0,7301780000.0,CFS,False,0.497100191778483,0.5097925541371531,True,사용가능,14530795596.0,49036805412.0,13009415839.0,101344429359.0,2021.0,3.8418196680412517,0.1854651642901358,3.656354503751116,0.17203673796123803,-0.2539944063702126,1.2102832919110076,-0.11135186623826498,0.16560564565365374,-0.09969336250352143,0.7576515145526038,0.0036670911253623996,0,25.675790363062145,2023.0,0.0,126894960073.0,199639542919.0,0.0,0.0
01335578,(주)애니플러스,2023,CFS,199639542919.0,98515906429.0,101123636490.0,126894960073.0,,3189694397.0,111346904329.0,22862982635.0,10393572993.0,33735883028.0,성공,확정,False,0.0,12793430000.0,CFS,False,0.6356203696803957,0.5097925541371531,True,사용가능,70355491909.0,58131424584.0,9626892101.0,141531814054.0,2022.0,0.8036255113833888,0.9154339520460839,-0.11180844066269513,0.12971762418235128,-0.04231911377888675,1.1396361743300891,-0.11692227748923821,0.205331102582305,0.03972545692865126,0.9742124576259886,0.0,0,26.019779292019052,2024.0,1516159000.0,138023911205.0,255587888312.0,0.0,1.0
01335578,(주)애니플러스,2024,CFS,255587888312.0,131747055312.0,123840833000.0,138023911205.0,,2461473376.0,130975963475.0,25139081598.0,18029079938.0,44565683980.0,성공,확정,False,1516159000.0,21072373000.0,CFS,False,0.540025241871055,0.5097925541371531,True,사용가능,126894960073.0,111346904329.0,22862982635.0,199639542919.0,2023.0,0.08770207363316675,0.176287425899165,-0.08858535226599824,0.15908548076129403,0.029367856578942753,1.0538110012173743,-0.10382574940173364,0.19193660371735624,-0.013394498864948756,1.0638418050046548,0.010984756095979088,0,26.266832173006257,2025.0,1125679000.0,141773730256.0,271345115964.0,0.0,0.0
01335578,(주)애니플러스,2025,CFS,271345115964.0,143193477369.0,128151638595.0,141773730256.0,,3781092780.0,150299705151.0,22683638558.0,14044673132.0,85644590005.0,성공,확정,False,1125679000.0,25251863000.0,CFS,False,0.5224849164958232,0.5097925541371531,True,사용가능,138023911205.0,130975963475.0,25139081598.0,255587888312.0,2024.0,0.027167894448597255,0.14753654917521117,-0.12036865472661391,0.18050089963692398,0.02141541887562995,0.9432735088439841,-0.2638702989682679,0.1509227082994652,-0.04101389541789105,1.1173753136433706,0.007939968836027435,0,26.326657338266752,,,,,,
01364297,(주)코퍼스코리아,2020,CFS,50351393445.0,12210217409.0,38141176036.0,16184745349.0,,686851263.0,21653561984.0,5350053659.0,2120741942.0,9807507440.0,성공,확정,False,894435304.0,4275000064.0,,False,0.32143589763169067,0.351857185404449,True,사용가능,,,,,,,,,,,0.7474403223339904,-0.15266241849684722,0.24707499223237267,,0.3201321689052074,0.055264094967998,1,24.642292130901815,2021.0,1636268742.0,23946300892.0,108707590562.0,1.0,1.0
01364297,(주)코퍼스코리아,2021,CFS,108707590562.0,59870741349.0,48836849213.0,23946300892.0,,742703352.0,33859196914.0,10292152960.0,8092226091.0,5945229921.0,성공,확정,False,1636268742.0,4983259632.0,CFS,False,0.22028177396078455,0.351857185404449,True,사용가능,16184745349.0,21653561984.0,5350053659.0,50351393445.0,2020.0,0.47955994213276637,0.5636779269396346,-0.08411798480686822,0.24834935037944952,,0.7072318033065561,0.019750195537408106,0.30396919886024915,0.056894206627876476,1.2259337429381678,0.0683307517674534,1,25.411927459012734,2022.0,990000000.0,43361249314.0,140299100400.0,0.0,1.0
01364297,(주)코퍼스코리아,2022,CFS,140299100400.0,92691796475.0,47607303925.0,43361249314.0,,18981354759.0,29268713289.0,9124945624.0,-1431942513.0,17100943254.0,성공,확정,False,990000000.0,7910329300.0,CFS,False,0.3090629176550301,0.351857185404449,True,사용가능,23946300892.0,33859196914.0,10292152960.0,108707590562.0,2021.0,0.8107702525564674,-0.1355756793836401,0.9463459319401075,0.23505028115834914,-0.013299069221100385,1.4814880615300696,-0.1320955424101921,0.3117644952102971,0.007795296350047942,1.9470078923399148,0.02283144548790387,0,25.667042412059928,2023.0,0.0,64182298394.0,136087723361.0,0.0,0.0
01364297,(주)코퍼스코리아,2023,CFS,136087723361.0,79171740609.0,56915982752.0,64182298394.0,,6523004075.0,44653729856.0,1698159467.0,3182189140.0,35373967693.0,성공,확정,False,0.0,23070218685.0,CFS,False,0.4716244552327734,0.351857185404449,True,사용가능,43361249314.0,29268713289.0,9124945624.0,140299100400.0,2022.0,0.4801764111828192,0.5256471787839788,-0.045470767601159645,0.4290395691174291,0.19398928795907994,1.4373334232319677,-0.2365516723915268,0.03802951002024354,-0.27373498519005357,1.3910282627285029,0.0,0,25.636565539456672,2024.0,2223491780.0,34954447207.0,86670908071.0,1.0,1.0
01364297,(주)코퍼스코리아,2024,CFS,86670908071.0,54497575555.0,32173332516.0,34954447207.0,,0.0,41832380954.0,-29362271394.0,-25120238593.0,-576502562.0,성공,확정,False,2223491780.0,33714158007.0,CFS,False,0.40330080744470387,0.351857185404449,True,사용가능,64182298394.0,44653729856.0,1698159467.0,136087723361.0,2023.0,-0.45538804184881493,-0.06318282730464683,-0.3922052145441681,0.6801546248590982,0.2511150557416691,0.8355834979949346,-0.28318309542682996,-0.701902945144039,-0.7399324551642825,1.6938741278323597,0.06361112698571648,1,25.18538411737711,2025.0,828547456.0,25586940682.0,66932726997.0,0.0,1.0
01364297,(주)코퍼스코리아,2025,CFS,66932726997.0,41494844518.0,25437882479.0,25586940682.0,,1956940471.0,32900432613.0,-7093848478.0,-13595975484.0,661443047.0,성공,확정,False,828547456.0,11899241388.0,CFS,False,0.38227847317720726,0.351857185404449,True,사용가능,34954447207.0,41832380954.0,-29362271394.0,86670908071.0,2024.0,-0.26799183719100717,-0.2135175702961256,-0.05447426689488158,0.3930944368112849,-0.28706018804781325,0.7777083354183553,-0.2130111706286677,-0.2156156595702938,0.4862872855737451,1.6312224318299948,0.03238165384042453,0,24.926953877245083,,,,,,
01406265,주식회사 와이랩,2023,CFS,46289785553.0,14166641778.0,32123143775.0,297875106.0,,66336905.0,19417877182.0,-5513759393.0,-6088783916.0,-1666146000.0,성공,확정,False,0.0,49652000.0,,False,0.006435007257895905,0.0064350072578959,True,사용가능,,,,,,,,,,,0.015340250801262896,-0.09554241531182407,-0.28395273805270277,,0.4410104402367137,0.0,0,24.558187159293613,2024.0,0.0,318723362.0,54063419425.0,0.0,0.0
01406265,주식회사 와이랩,2024,CFS,54063419425.0,14664899334.0,39398520091.0,318723362.0,,208581247.0,24966419682.0,-10038794764.0,-9501595225.0,-14617949788.0,성공,확정,False,0.0,60163000.0,CFS,False,0.005895360770551187,0.0064350072578959,True,사용가능,297875106.0,19417877182.0,-5513759393.0,46289785553.0,2023.0,0.06998992389783656,0.285744031028448,-0.2157541071306114,0.19514482478409273,,0.012766082043785777,0.09463616281426135,-0.40209188549520597,-0.1181391474425032,0.37221954784413275,0.0,0,24.7134236281991,2025.0,0.0,480861770.0,40799773038.0,0.0,0.0
01406265,주식회사 와이랩,2025,CFS,40799773038.0,9807071946.0,30992701092.0,480861770.0,,296697603.0,37069228892.0,-8738323305.0,-8629634182.0,-11496412566.0,성공,확정,False,0.0,99284000.0,CFS,False,0.011785893258576121,0.0064350072578959,True,사용가능,318723362.0,24966419682.0,-10038794764.0,54063419425.0,2024.0,0.5087120284580834,0.48476350891136155,0.023948519546721836,0.24833878476869928,0.05319395998460655,0.012971992792215215,0.07026456694575106,-0.23572983755499263,0.16636204794021334,0.3164316629547159,0.0,0,24.431942355546937,,,,,,
01467451,(주)케이티밀리의서재,2023,OFS,78732177143.0,21010083742.0,57722093401.0,1173954080.0,,180899079.0,56572748963.0,10406126329.0,14537918835.0,9586004706.0,성공,확정,False,0.0,127907000.0,,False,0.014910728022518237,0.0375299637505732,True,사용가능,,,,,,,,,,,0.02075122919637148,0.06289568393372277,0.1839423842706648,,0.36398686367871774,0.0,0,25.089317767043816,2024.0,384500000.0,3310184135.0,88201101312.0,1.0,0.0
01467451,(주)케이티밀리의서재,2024,OFS,88201101312.0,17766820329.0,70434280983.0,3310184135.0,,260726208.0,72598807189.0,11001459438.0,11502934354.0,14012589199.0,성공,확정,False,384500000.0,881368000.0,OFS,False,0.03752996375057326,0.0375299637505732,True,사용가능,1173954080.0,56572748963.0,10406126329.0,78732177143.0,2023.0,1.8196879174354077,0.28328229615431,1.5364056212810977,0.39310474286975117,,0.04559557192699375,-0.028453781275614917,0.15153774371746034,-0.03240464055320447,0.2522467764424002,0.1161566802083655,1,25.202885286411814,2025.0,1525356000.0,4862760044.0,110102759082.0,1.0,1.0
01467451,(주)케이티밀리의서재,2025,OFS,110102759082.0,23163106818.0,86939652264.0,4862760044.0,,74005903.0,88189777012.0,14370840675.0,15762338474.0,12772373694.0,성공,확정,False,1525356000.0,2726851000.0,OFS,False,0.04416565111123525,0.0375299637505732,True,사용가능,3310184135.0,72598807189.0,11001459438.0,88201101312.0,2024.0,0.4690300737605342,0.21475517886142773,0.2542748948991065,0.6672873178325424,0.2741825749627912,0.055139724906417706,0.027156129464232567,0.16295358897488263,0.011415845257422286,0.2664274150495008,0.31368111652601216,1,25.424679940143072,,,,,,
01508855,(주)블리츠웨이엔터테인먼트,2021,OFS,20557689115.0,4254460295.0,16303228820.0,190654320.0,,1143558732.0,15850396278.0,3062840559.0,-11035681507.0,4435974664.0,성공,확정,False,0.0,366248000.0,,False,0.009274112422533344,0.1929251118001091,True,사용가능,,,,,,,,,,,0.012028362992073832,-0.752597049427654,0.19323432078800168,,0.2609581416032656,0.0,0,23.746500874085996,2022.0,0.0,9630099756.0,49916258522.0,0.0,0.0
01508855,(주)블리츠웨이엔터테인먼트,2022,CFS,49916258522.0,11645965720.0,38270292802.0,9630099756.0,,2654600141.0,19148249408.0,-3643136406.0,-3505245600.0,-3368706883.0,성공,확정,False,0.0,1013570000.0,OFS,True,0.19292511180010913,0.1929251118001091,True,사용가능,190654320.0,15850396278.0,3062840559.0,20557689115.0,2021.0,,,,,,0.5029232464444825,-0.0027353555944066234,-0.19025950249415094,,0.3043082471370949,0.0,0,24.633612608719563,2023.0,0.0,8283932948.0,43598752431.0,0.0,0.0
01508855,(주)블리츠웨이엔터테인먼트,2023,CFS,43598752431.0,15502537947.0,28096214484.0,8283932948.0,,913144345.0,8939744033.0,-8087740075.0,-10041181452.0,-6397418198.0,성공,확정,False,0.0,1828117000.0,CFS,False,0.19000389887555313,0.1929251118001091,True,사용가능,9630099756.0,19148249408.0,-3643136406.0,49916258522.0,2022.0,-0.13978742091028448,-0.533129956555452,0.3933425356451675,0.20409887937647922,,0.9266409549782241,-0.0835749431079862,-0.9046948151026551,-0.7144353126085042,0.5517660735337943,0.0,0,24.49829437292412,2024.0,620387000.0,18044597194.0,53512255891.0,0.0,1.0
01508855,(주)블리츠웨이엔터테인먼트,2024,CFS,53512255891.0,22019109341.0,31493146550.0,18044597194.0,,1268932535.0,36265077360.0,-6620604948.0,-8028412938.0,-953422777.0,성공,확정,False,620387000.0,3120482000.0,CFS,False,0.33720494293410724,0.1929251118001091,True,사용가능,8283932948.0,8939744033.0,-8087740075.0,43598752431.0,2023.0,1.17826451605412,3.056612496524709,-1.8783479804705887,0.23704186927033352,0.0329429898938543,0.49757503658059204,-0.13221251922944838,-0.18256144560999774,0.7221333694926574,0.6991714627829082,0.03438076191616428,0,24.703176546687846,,,,,,
01513699,주식회사 포바이포,2022,CFS,66168527395.0,7993301645.0,58175225750.0,3411101173.0,,80963337.0,16194298353.0,-10498782236.0,-8775800027.0,121118521.0,성공,확정,False,0.0,278685000.0,,False,0.05155171661350527,0.229264022386794,True,사용가능,,,,,,,,,,,0.21063593486086984,-0.13445846383869037,-0.6483011494014557,,0.13740044051311653,0.0,0,24.915470769848927,2023.0,0.0,18099190533.0,67013711064.0,0.0,0.0
01513699,주식회사 포바이포,2023,CFS,67013711064.0,24777618753.0,42236092311.0,18099190533.0,,1016358053.0,33751399462.0,-16258350170.0,-20571978089.0,-10210779553.0,성공,확정,False,0.0,1208540000.0,CFS,False,0.27008190183222,0.229264022386794,True,사용가능,3411101173.0,16194298353.0,-10498782236.0,66168527395.0,2022.0,4.3059670807365995,1.084153244944233,3.2218138357923665,0.11236853656084025,,0.5362500761895074,-0.15461311381643617,-0.4817089196050949,0.1665922297963608,0.5866456245656727,0.0,0,24.928163078147175,2024.0,962530000.0,16388470667.0,59001944111.0,1.0,1.0
01513699,주식회사 포바이포,2024,CFS,59001944111.0,28490873991.0,30511070120.0,16388470667.0,,42496159.0,33275914511.0,-13890623243.0,-12295790748.0,-2629806839.0,성공,확정,False,962530000.0,1187023000.0,CFS,False,0.2777615367413736,0.229264022386794,True,사용가능,18099190533.0,33751399462.0,-16258350170.0,67013711064.0,2023.0,-0.09451913680232651,-0.014087858831908249,-0.08043127797041827,0.06883754703551774,-0.043530989525322514,0.49250248739467317,-0.1638248375479873,-0.41743776082872747,0.06427115877636741,0.9337880932705876,0.058732142831250306,1,24.800836231343155,2025.0,1090170000.0,14280514395.0,75780348550.0,1.0,1.0
01513699,주식회사 포바이포,2025,CFS,75780348550.0,35592702967.0,40187645583.0,14280514395.0,,39073291.0,33710336199.0,-7396321550.0,-10958570907.0,-2622964972.0,성공,확정,False,1090170000.0,997836000.0,CFS,False,0.18844614294136813,0.229264022386794,True,사용가능,16388470667.0,33275914511.0,-13890623243.0,59001944111.0,2024.0,-0.12862434298061767,0.013055138961136394,-0.14167948194175406,0.06507134148605104,-0.003766205549466703,0.4236242056649564,-0.10999693316929195,-0.21940812178015026,0.1980296390485772,0.8856628063341005,0.076339687062092,1,25.051104842024838,,,,,,
01584934,(주)핑거스토리,2022,OFS,18980723387.0,4671057279.0,14309666108.0,665193352.0,,,17409149957.0,986841680.0,-3606105255.0,1177183134.0,성공,확정,False,492526000.0,289300000.0,,False,0.035045732369483586,0.0274219463688465,True,사용가능,,,,,,,,,,,0.038209410203427774,-0.2520076970446817,0.0566852306078967,,0.3264267135058159,0.7404253192235751,1,23.66668974252098,2023.0,535390000.0,389789554.0,33501433198.0,1.0,1.0
01584934,(주)핑거스토리,2023,OFS,33501433198.0,9633455073.0,23867978125.0,389789554.0,,,18424903125.0,1382110446.0,1729625547.0,2458684580.0,성공,확정,False,535390000.0,244312000.0,OFS,False,0.011635011305225892,0.0274219463688465,True,사용가능,665193352.0,17409149957.0,986841680.0,18980723387.0,2022.0,-0.41402067109053126,0.05834593707957455,-0.4723666081701058,0.4631582153806007,,0.0211555822766368,-0.021762025185344133,0.07501317302041445,0.01832794241251775,0.40361420739319537,1.373536038885229,1,24.234854056892157,2024.0,126398000.0,722793701.0,36508124369.0,1.0,0.0
01584934,(주)핑거스토리,2024,OFS,36508124369.0,10613878068.0,25894246301.0,722793701.0,,,18350259518.0,1506729855.0,1677827202.0,2366469676.0,성공,확정,False,126398000.0,134762000.0,OFS,False,0.01979816036820952,0.0274219463688465,True,사용가능,389789554.0,18424903125.0,1382110446.0,33501433198.0,2023.0,0.8543177814354666,-0.004051234706288313,0.8583690161417549,0.24225063498731159,-0.22090758039328912,0.039388745444771646,-0.018862718529159616,0.08210945755410325,0.007096284533688796,0.4098933000258867,0.1748742411909868,1,24.320800658218445,2025.0,35556000.0,2783658832.0,50990299258.0,0.0,0.0
01584934,(주)핑거스토리,2025,CFS,50990299258.0,19861294695.0,31129004563.0,2783658832.0,,923140250.0,17299515760.0,847055617.0,3511556888.0,1662474857.0,성공,확정,False,35556000.0,86692000.0,OFS,True,0.05459192969069042,0.0274219463688465,True,사용가능,722793701.0,18350259518.0,1506729855.0,36508124369.0,2024.0,,,,,,0.16090963877939204,0.03626340809737242,0.04896412297034145,,0.6380317961920047,0.012773117018242413,0,24.65490124095095,,,,,,
01703849,(주)노머스,2024,CFS,98797027442.0,12655451457.0,86141575985.0,2110970912.0,,2559451493.0,68912539631.0,8181458723.0,9881745517.0,-32212663169.0,성공,확정,False,0.0,94822000.0,,False,0.021366745201309535,0.0195491272457412,True,사용가능,,,,,,,,,,,0.030632609439492912,0.42606958707044135,0.11872235106714318,,0.1469145567896705,0.0,0,25.31633335462819,2025.0,0.0,2046205914.0,115399421477.0,0.0,0.0
01703849,(주)노머스,2025,CFS,115399421477.0,11700652400.0,103698769077.0,2046205914.0,,1559160013.0,75725779285.0,12339888114.0,14847399441.0,762782738.0,성공,확정,False,0.0,131586000.0,CFS,False,0.017731509290172868,0.0195491272457412,True,사용가능,2110970912.0,68912539631.0,8181458723.0,98797027442.0,2024.0,-0.0306801944223095,0.09886792288431487,-0.12954811730662436,0.06330546209967736,,0.027021259250419084,0.12205101657123275,0.16295491747345178,0.0442325664063086,0.11283308860987397,0.0,0,25.47166517781027,,,,,,
01704680,(주)엠83,2024,CFS,75374333554.0,24512099821.0,50862233733.0,10119957891.0,,1025468931.0,58163355345.0,1454115192.0,2819860069.0,-548092870.0,성공,확정,False,0.0,31605000.0,,False,0.1342626516724001,0.119537691833758,True,사용가능,,,,,,,,,,,0.1739919891308327,0.0446830211319496,0.025000538283508823,,0.48193124882551647,0.0,0,25.045732650216696,2025.0,267819000.0,9806631151.0,93563357851.0,0.0,0.0
01704680,(주)엠83,2025,CFS,93563357851.0,49752879265.0,43810478586.0,9806631151.0,,7765106894.0,132396372517.0,-8966649833.0,-8856110682.0,-6719921033.0,성공,확정,False,267819000.0,91656000.0,CFS,False,0.10481273199511605,0.119537691833758,True,사용가능,10119957891.0,58163355345.0,1454115192.0,75374333554.0,2024.0,-0.030961269145067433,1.2762849861683818,-1.3072462553134492,0.00919936671618141,,0.07407024047989537,-0.022831476959194755,-0.06772579688200038,-0.09272633516550921,1.1356387985430259,0.0273099901358776,0,25.26190466783239,,,,,,
