corp_code,기업명,사업연도,재무제표,자산총계,부채총계,자본총계,무형자산,영업권,재고자산,매출액,영업이익,당기순이익,영업활동현금흐름,대사,신뢰도,합산표시,손상액,상각액,직전재무제표,기준전환,무형비중,무형비중_중앙값,적용대상,상태
00122339,(주)이매진아시아,2015,CFS,50748552099.0,31538414947.0,19210137152.0,7845115943.0,,9724134.0,45842816368.0,145323755.0,-3021722219.0,1026766886.0,성공,확정,True,,2177550000.0,,False,0.15458797578492073,0.0076391853614110085,True,상각손상합산
00122339,(주)이매진아시아,2016,CFS,41250449031.0,7403987487.0,33846461544.0,161901947.0,0.0,0.0,32103083828.0,-3808784734.0,-2622304284.0,-1756068595.0,성공,확정,True,,6636082000.0,CFS,False,0.003924852960469099,0.0076391853614110085,True,상각손상합산
00122339,(주)이매진아시아,2017,CFS,54668990947.0,17035229387.0,37633761560.0,1802302393.0,14523415716.0,2081462454.0,30211237499.0,-5716666991.0,-15088717271.0,-6515452187.0,성공,확정,True,,6820771000.0,CFS,False,0.03296754452167006,0.0076391853614110085,True,상각손상합산
00122339,(주)이매진아시아,2018,CFS,31930277751.0,6676631869.0,25253645882.0,356756953.0,0.0,60000000.0,26187470807.0,-3943902271.0,-11600802176.0,-1843697436.0,성공,확정,True,,323649000.0,CFS,False,0.01117299873750165,0.0076391853614110085,True,상각손상합산
00122339,(주)이매진아시아,2019,CFS,17924929157.0,6009557125.0,11915372032.0,73588502.0,0.0,0.0,12690903987.0,-3779624649.0,-19846313537.0,-6256061272.0,성공,확정,True,,171318000.0,CFS,False,0.004105371985320366,0.0076391853614110085,True,상각손상합산
00122339,(주)이매진아시아,2020,CFS,5460536823.0,6431703088.0,-971166265.0,7008335.0,,0.0,5518993313.0,-2364142829.0,-12886538297.0,-1447039441.0,성공,확정,True,,55431000.0,CFS,False,0.001283451650848798,0.0076391853614110085,True,상각손상합산
00130772,(주)SBS,2015,CFS,934369945679.0,366142256239.0,568227689440.0,8351232703.0,,2335886175.0,792884228900.0,42152487470.0,34884042815.0,30780850403.0,성공,확정,False,244686000.0,1045348000.0,,False,0.008937822477724514,0.018963193639013297,True,사용가능
00130772,(주)SBS,2016,CFS,894153403179.0,353378690823.0,540774712356.0,8447525617.0,,2198363344.0,829073609370.0,-7653963504.0,-510037760.0,-921116467.0,성공,확정,False,215633000.0,1228045000.0,CFS,False,0.009447512682909172,0.018963193639013297,True,사용가능
00130772,(주)SBS,2017,CFS,1092031606290.0,529039328083.0,562992278207.0,20708406810.0,,2085761291.0,773225039668.0,18665882540.0,15885507426.0,81680256776.0,성공,확정,False,0.0,1371070000.0,CFS,False,0.018963193639013297,0.018963193639013297,True,사용가능
00130772,(주)SBS,2018,CFS,957646530721.0,389164324106.0,568482206615.0,21103952137.0,,2606903246.0,914043241501.0,5085207350.0,5837906448.0,55145599160.0,성공,확정,False,0.0,1097395000.0,CFS,False,0.022037308610214565,0.018963193639013297,True,사용가능
00130772,(주)SBS,2019,CFS,1247762887743.0,600644858646.0,647118029097.0,23860174168.0,,2623520028.0,817664243542.0,12579354049.0,20934114760.0,-61044443944.0,성공,확정,False,0.0,1277130000.0,CFS,False,0.01912236243150265,0.018963193639013297,True,사용가능
00130772,(주)SBS,2020,CFS,1170411148375.0,603439577993.0,566971570382.0,19322407880.0,,2374596080.0,860343114358.0,69052835346.0,-61928327847.0,66506840192.0,성공,확정,False,5980000000.0,1070202000.0,CFS,False,0.016509077093829164,0.018963193639013297,True,사용가능
00130772,(주)SBS,2021,CFS,1462149708150.0,740552349472.0,721597358678.0,20485977060.0,,2080518339.0,1078975236959.0,184436850625.0,144824284917.0,140125098985.0,성공,확정,False,0.0,474314000.0,CFS,False,0.014010861504681414,0.018963193639013297,True,사용가능
00130772,(주)SBS,2022,CFS,1407888696660.0,534612151995.0,873276544665.0,54327648183.0,,2031585580.0,1173781580894.0,185603490383.0,156555165794.0,-55802200559.0,성공,확정,False,0.0,1377116000.0,CFS,False,0.0385880278120593,0.018963193639013297,True,사용가능
00130772,(주)SBS,2023,CFS,1346398451632.0,465277013396.0,881121438236.0,46232969870.0,,2015784608.0,996763613264.0,58323294148.0,47215006482.0,63406889987.0,성공,확정,False,7510742000.0,3329298000.0,CFS,False,0.034338252405118244,0.018963193639013297,True,사용가능
00130772,(주)SBS,2024,CFS,1512366601922.0,605931982154.0,906434619768.0,52529189498.0,,2432126867.0,1046651436608.0,-19185289826.0,33778430764.0,8344628410.0,성공,확정,False,1953174000.0,3873601000.0,CFS,False,0.03473310600170816,0.018963193639013297,True,사용가능
00130772,(주)SBS,2025,CFS,2044005089985.0,745808265992.0,1298196823993.0,35116031251.0,,1936994197.0,1008457955402.0,18151260224.0,7925077907.0,64847454550.0,성공,확정,False,6946229000.0,3942460000.0,CFS,False,0.017180011646281027,0.018963193639013297,True,사용가능
00140131,(주)키다리스튜디오,2015,CFS,42294542698.0,11951148346.0,30343394352.0,4556684495.0,,1219210607.0,28305620135.0,478298774.0,8629167031.0,-1452896010.0,실패,,,,,,False,0.10773693730504559,0.10773693730504559,True,주석대사실패
00140131,(주)키다리스튜디오,2016,OFS,21420375120.0,4639001946.0,16781373174.0,1246816305.0,1136450785.0,0.0,25254649715.0,234277800.0,-6225441791.0,-2836358157.0,실패,,,,,CFS,True,0.05820702476101175,0.10773693730504559,True,주석대사실패
00140131,(주)키다리스튜디오,2017,CFS,22697732708.0,6208915343.0,16488817365.0,1645633336.0,2550058872.0,,14286728508.0,-495282130.0,-2265141839.0,-63763346.0,실패,,,,,OFS,True,0.0725021021778084,0.10773693730504559,True,주석대사실패
00140131,(주)키다리스튜디오,2018,OFS,18702972324.0,2133610285.0,16569362039.0,1422535963.0,2550058872.0,,19622960624.0,266947738.0,150986568.0,-1805219881.0,실패,,,,,CFS,True,0.07605935240435423,0.10773693730504559,True,주석대사실패
00140131,(주)키다리스튜디오,2019,CFS,41973984223.0,21005110070.0,20968874153.0,4867547089.0,7415798202.0,,26737869784.0,702896894.0,2273233726.0,775974287.0,실패,,,,,OFS,True,0.11596581022996588,0.10773693730504559,True,주석대사실패
00140131,(주)키다리스튜디오,2020,CFS,48155283189.0,20963820258.0,27191462931.0,5277278309.0,7501790432.0,,45506775565.0,4586128252.0,72730259.0,5216050943.0,실패,,,,,CFS,False,0.10958877114869665,0.10773693730504559,True,주석대사실패
00140131,(주)키다리스튜디오,2021,CFS,290122174756.0,67350906744.0,222771268012.0,16330742959.0,158146061930.0,345070630.0,119118155904.0,6921869365.0,3531860296.0,17275838074.0,성공,확정,False,1442423000.0,3099757000.0,CFS,False,0.05628919255391134,0.10773693730504559,True,사용가능
00140131,(주)키다리스튜디오,2022,CFS,378769210908.0,104145178065.0,274624032843.0,18727281484.0,154096905833.0,619521612.0,169433774760.0,4262454699.0,-2539662103.0,9896437499.0,성공,확정,False,5228667000.0,13099365000.0,CFS,False,0.049442459800537235,0.10773693730504559,True,사용가능
00140131,(주)키다리스튜디오,2023,CFS,344327903489.0,135643276889.0,208684626600.0,148597961533.0,,1122280063.0,171042237147.0,-5744856252.0,-35643071568.0,4116664657.0,실패,,,,,CFS,False,0.43155945256625755,0.10773693730504559,True,주석대사실패
00140131,(주)키다리스튜디오,2024,CFS,330388215837.0,130298400385.0,200089815452.0,146525087987.0,,2132373809.0,205213284499.0,2189001069.0,-7219357053.0,13970246094.0,실패,,,,,CFS,False,0.44349368701240083,0.10773693730504559,True,주석대사실패
00140131,(주)키다리스튜디오,2025,CFS,342620727464.0,139168081833.0,203452645631.0,150053232875.0,,4472691882.0,217475159813.0,12382726336.0,6521952860.0,21344755624.0,성공,보통,False,0.0,,CFS,False,0.43795725374135885,0.10773693730504559,True,사용가능
00145437,주식회사 아센디오,2015,CFS,69094618585.0,25321910383.0,43772708202.0,515744999.0,,452858182.0,5677605870.0,-3325079565.0,-9767819991.0,-19305568609.0,성공,보통,False,0.0,37830000.0,,False,0.007464329488490222,0.012293748103931228,True,사용가능
00145437,주식회사 아센디오,2016,OFS,95172252033.0,23569461768.0,71602790265.0,146705949.0,,733516048.0,5787956897.0,-6237983163.0,-9649131813.0,-2106691192.0,성공,확정,False,412500000.0,55580000.0,CFS,True,0.0015414781710653565,0.012293748103931228,True,사용가능
00145437,주식회사 아센디오,2017,CFS,123959637139.0,72537174407.0,51422462732.0,5498123800.0,,397214182.0,35867441449.0,-4326097984.0,-39000491815.0,-1834705768.0,성공,확정,False,15830000.0,36625000.0,OFS,True,0.04435414564689935,0.012293748103931228,True,사용가능
00145437,주식회사 아센디오,2018,CFS,124156576182.0,71917618234.0,52238957948.0,6245518444.0,,7312245481.0,18081554760.0,-13150653809.0,-27086260814.0,-3357320452.0,성공,확정,False,6506445000.0,370498000.0,CFS,False,0.05030356535319362,0.012293748103931228,True,사용가능
00145437,주식회사 아센디오,2019,CFS,56809693044.0,66303525466.0,-9493832422.0,489805763.0,,99940732.0,31358063663.0,-10832068853.0,-64545339905.0,-8791239557.0,성공,확정,False,5488703000.0,338456000.0,CFS,False,0.008621869557025026,0.012293748103931228,True,사용가능
00145437,주식회사 아센디오,2020,CFS,27365808144.0,7425770210.0,19940037934.0,1173348497.0,,292626626.0,21613135030.0,-4062292410.0,-5908709387.0,-6476194645.0,성공,확정,False,0.0,228208000.0,CFS,False,0.04287644241404428,0.012293748103931228,True,사용가능
00145437,주식회사 아센디오,2021,CFS,68072817657.0,22883799888.0,45189017769.0,836870073.0,,344255644.0,21574441958.0,-3557150999.0,-6577827246.0,-8689749124.0,실패,,,,,CFS,False,0.012293748103931228,0.012293748103931228,True,주석대사실패
00145437,주식회사 아센디오,2022,CFS,73158525417.0,40888846326.0,32269679091.0,629179950.0,,18796082574.0,18582454837.0,-8969913874.0,-16916858189.0,-23269147602.0,실패,,,,,CFS,False,0.008600227333912285,0.012293748103931228,True,주석대사실패
00145437,주식회사 아센디오,2023,CFS,48534629654.0,22163675992.0,26370953662.0,465688631.0,,0.0,6883461279.0,-10352386041.0,-25921087032.0,-10679620576.0,실패,,,,,CFS,False,0.009594976500693667,0.012293748103931228,True,주석대사실패
00145437,주식회사 아센디오,2024,CFS,23296368270.0,4021425355.0,19274942915.0,542567113.0,,0.0,13465653938.0,-4121526339.0,-7849399002.0,-4962463592.0,실패,,,,,CFS,False,0.023289772324671446,0.012293748103931228,True,주석대사실패
00145437,주식회사 아센디오,2025,CFS,10908493362.0,3664320789.0,7244172573.0,179961105.0,,566145742.0,5921928326.0,-4324824897.0,-13803059662.0,-4707571756.0,실패,,,,,CFS,False,0.016497338269178295,0.012293748103931228,True,주석대사실패
00146427,한주에이알티(주),2015,OFS,37521970606.0,12835956299.0,24686014307.0,938787500.0,545133702.0,930204758.0,65600443196.0,3662034851.0,2843897148.0,3009289031.0,성공,확정,False,345930000.0,11250000.0,,False,0.025019674735576973,0.11402515140681853,True,사용가능
00146427,한주에이알티(주),2016,OFS,40618251699.0,14875338532.0,25742913167.0,542750000.0,,1088330981.0,73896030890.0,2583500454.0,2078886924.0,7024067113.0,성공,확정,False,738968000.0,14250000.0,OFS,False,0.013362219625355323,0.11402515140681853,True,사용가능
00146427,한주에이알티(주),2017,OFS,32967781626.0,12060274918.0,20907506708.0,1063500000.0,,1776539010.0,42797946638.0,-3106233956.0,-4782792888.0,-6708378800.0,성공,확정,False,746968000.0,17250000.0,OFS,False,0.032258767425263214,0.11402515140681853,True,사용가능
00146427,한주에이알티(주),2018,OFS,34868729200.0,20986323268.0,13882405932.0,1055500000.0,,6630962333.0,28762212883.0,-4206325432.0,-11625465378.0,-7870809645.0,성공,확정,False,747968000.0,20250000.0,OFS,False,0.030270675881127324,0.11402515140681853,True,사용가능
00146427,한주에이알티(주),2019,CFS,43816892150.0,33186854355.0,10630037795.0,7640566674.0,,4349653471.0,30205986652.0,-4135867160.0,-3345564210.0,-1733470404.0,실패,,,,,OFS,True,0.17437491111518735,0.11402515140681853,True,주석대사실패
00146427,한주에이알티(주),2020,CFS,44644198924.0,28769665739.0,15874533185.0,24310525430.0,,24301801.0,8059053441.0,-1966424147.0,-8936023562.0,-10671796312.0,성공,확정,True,60247000.0,0.0,CFS,False,0.544539403011464,0.11402515140681853,True,상각손상합산
00146427,한주에이알티(주),2021,CFS,31045608117.0,18532375925.0,12513232192.0,4146871872.0,9108884568.0,97055356.0,5262263902.0,-4552727665.0,-4222413218.0,923036245.0,성공,확정,True,218510000.0,0.0,CFS,False,0.13357354303938565,0.11402515140681853,True,상각손상합산
00146427,한주에이알티(주),2022,CFS,19765113041.0,15236089997.0,4529023044.0,3480474874.0,7917765909.0,523338418.0,5581476636.0,-5607422546.0,-8015367436.0,-3685685191.0,성공,보통,True,1191119000.0,0.0,CFS,False,0.1760918273920435,0.11402515140681853,True,상각손상합산
00146427,한주에이알티(주),2023,CFS,38882847669.0,19780183812.0,19102663857.0,5140536258.0,8355942673.0,509154061.0,10500794559.0,-2928750062.0,-3195387807.0,-669595199.0,실패,,,,,CFS,False,0.1322057556524693,0.11402515140681853,True,주석대사실패
00146427,한주에이알티(주),2024,CFS,37285619002.0,16909126578.0,20376492424.0,4251498352.0,4712272710.0,17329838.0,14264269214.0,-6507549393.0,-10011720046.0,-2161857976.0,성공,확정,False,3643670000.0,466183000.0,CFS,False,0.11402515140681853,0.11402515140681853,True,사용가능
00146427,한주에이알티(주),2025,CFS,25319382564.0,15320580668.0,9998801896.0,711585799.0,3723320081.0,85145366.0,6286258658.0,-5991886693.0,-10455279127.0,-1034834211.0,실패,,,,,CFS,False,0.028104389876069016,0.11402515140681853,True,주석대사실패
00154426,(주)아이에이치큐,2015,CFS,255675961419.0,40636103741.0,215039857678.0,115209166741.0,,81672500.0,106178241906.0,7366385577.0,3821010058.0,34635244510.0,성공,확정,False,0.0,38421345000.0,,False,0.4506061739304307,0.11758303829659598,True,사용가능
00154426,(주)아이에이치큐,2016,CFS,256634714001.0,35076218333.0,221558495668.0,113268537687.0,,101538098.0,109404922575.0,11222960068.0,4223112975.0,42181532624.0,성공,확정,False,1168689000.0,37697225000.0,CFS,False,0.4413609364108031,0.11758303829659598,True,사용가능
00154426,(주)아이에이치큐,2017,CFS,255079897921.0,27355057312.0,227724840609.0,110401192385.0,,427592852.0,126795065081.0,15347228811.0,2637301016.0,61792005429.0,성공,확정,False,4177038000.0,46202917000.0,CFS,False,0.43281024214300107,0.11758303829659598,True,사용가능
00154426,(주)아이에이치큐,2018,CFS,231274871519.0,26694979344.0,204579892175.0,97044562059.0,,400524997.0,109447250511.0,9928069296.0,-9896706726.0,40524687497.0,성공,확정,False,23275780000.0,38294333000.0,CFS,False,0.41960703046386716,0.11758303829659598,True,사용가능
00154426,(주)아이에이치큐,2019,CFS,165807958847.0,28956887269.0,136851071578.0,39773837867.0,,350179997.0,99287415456.0,-7041132245.0,-66279161242.0,40622829480.0,성공,확정,False,60386607000.0,45259545000.0,CFS,False,0.23987894274545335,0.11758303829659598,True,사용가능
00154426,(주)아이에이치큐,2020,CFS,146319857109.0,27655370330.0,118664486779.0,17204733362.0,,63450088.0,81049278892.0,-16226862450.0,-18248434484.0,39922694990.0,성공,확정,False,3127810000.0,41597850000.0,CFS,False,0.11758303829659598,0.11758303829659598,True,사용가능
00154426,(주)아이에이치큐,2021,CFS,238568445822.0,120389630160.0,118178815662.0,12628529706.0,,308349064.0,60007423253.0,-11640188629.0,-10099947227.0,15808633145.0,성공,확정,False,6960762000.0,22938892000.0,CFS,False,0.05293461866881743,0.11758303829659598,True,사용가능
00154426,(주)아이에이치큐,2022,CFS,246320129412.0,158843224641.0,87476904771.0,11471168021.0,,0.0,46794198791.0,-32175585561.0,-112100061572.0,5893956354.0,성공,확정,False,260660000.0,28774773000.0,CFS,False,0.046570160743189176,0.11758303829659598,True,사용가능
00154426,(주)아이에이치큐,2023,CFS,151653101094.0,43043155309.0,108609945785.0,8821560569.0,,0.0,36300281506.0,-17444415717.0,37540962934.0,10683043392.0,실패,,,,,CFS,False,0.05816933847948208,0.11758303829659598,True,주석대사실패
00154426,(주)아이에이치큐,2024,CFS,140860365620.0,41043210081.0,99817155539.0,9209677707.0,,2750292.0,32431991390.0,-7164297756.0,-24115620695.0,-4638533894.0,성공,확정,False,0.0,10986437000.0,CFS,False,0.0653816115446201,0.11758303829659598,True,사용가능
00154426,(주)아이에이치큐,2025,CFS,144522895864.0,46779886283.0,97743009581.0,7653455166.0,,0.0,27725711733.0,-7214692951.0,-12659814270.0,13452074953.0,성공,확정,False,99867000.0,12933083000.0,CFS,False,0.052956696724386916,0.11758303829659598,True,사용가능
00173449,(주)빌리언스,2015,CFS,26183118478.0,2400597192.0,23782521286.0,456134453.0,,5958398535.0,17443491794.0,-1538364115.0,-1574175626.0,1420503048.0,성공,확정,False,0.0,20124024.0,,False,0.01742093682932614,0.018570307907387257,True,사용가능
00173449,(주)빌리언스,2016,CFS,24929728205.0,2437542131.0,22492186074.0,433373433.0,,5087950521.0,15334874723.0,-1058903053.0,-1062789840.0,1441728915.0,성공,확정,False,0.0,18635740.0,CFS,False,0.017383800955883707,0.018570307907387257,True,사용가능
00173449,(주)빌리언스,2017,CFS,23176321502.0,2207108008.0,20969213494.0,416831843.0,,5814755518.0,14931003116.0,-1542153187.0,-1421184390.0,-1520608371.0,성공,확정,False,0.0,19584321.0,CFS,False,0.017985245974605137,0.018570307907387257,True,사용가능
00173449,(주)빌리언스,2018,CFS,51234898524.0,22166535464.0,29068363060.0,392233234.0,,4765560309.0,15350181101.0,-751234908.0,-7181196723.0,552640020.0,성공,확정,False,9554400.0,17106865.0,CFS,False,0.0076555872130061094,0.018570307907387257,True,사용가능
00173449,(주)빌리언스,2019,CFS,140121717783.0,48679727378.0,91441990405.0,23158749970.0,,14123330326.0,37484494399.0,-3673856309.0,-3604285217.0,-6757559567.0,성공,확정,False,0.0,171925000.0,CFS,False,0.16527594962734385,0.018570307907387257,True,사용가능
00173449,(주)빌리언스,2020,CFS,65465890844.0,19405815294.0,46060075550.0,468746240.0,,5857260094.0,13049479934.0,-834589325.0,-26666898696.0,-4763846643.0,성공,확정,False,3505900000.0,23460000.0,CFS,False,0.007160159801643652,0.018570307907387257,True,사용가능
00173449,(주)빌리언스,2021,CFS,177917791160.0,75368430884.0,102549360276.0,6236625892.0,,20043525676.0,25763954047.0,-5557326867.0,-31762640787.0,-2014361974.0,성공,확정,False,17492327000.0,710979000.0,CFS,False,0.0350534134407697,0.018570307907387257,True,사용가능
00173449,(주)빌리언스,2022,CFS,172347934561.0,65716693466.0,106631241095.0,3200554212.0,,18409375173.0,78060910357.0,-8883441923.0,-24249817806.0,-1640943080.0,성공,확정,False,2729050000.0,509076000.0,CFS,False,0.018570307907387257,0.018570307907387257,True,사용가능
00173449,(주)빌리언스,2023,CFS,199615072155.0,107149906725.0,92465165430.0,14962381727.0,,18579377093.0,96991027126.0,-7494524517.0,-30845827660.0,-3363126852.0,성공,확정,False,14926319000.0,2212232000.0,CFS,False,0.07495617222421859,0.018570307907387257,True,사용가능
00173449,(주)빌리언스,2024,CFS,48846397616.0,26820501763.0,22025895853.0,1584010414.0,,3301717787.0,41724839885.0,-1126925752.0,8608314771.0,677403638.0,실패,,,,,CFS,False,0.03242839782070532,0.018570307907387257,True,주석대사실패
00173449,(주)빌리언스,2025,CFS,48703727865.0,24185298759.0,24518429106.0,1626098952.0,,2927814657.0,25309657425.0,-834277151.0,-7343822577.0,721547131.0,실패,,,,,CFS,False,0.03338756648171412,0.018570307907387257,True,주석대사실패
00200275,(주)와이티엔,2015,CFS,304515079681.0,126268505619.0,178246574062.0,20007412172.0,,438476024.0,117434969522.0,-5462736204.0,-3642659245.0,-18021859029.0,실패,,,,,,False,0.0657025333292496,0.06182386331126382,True,주석대사실패
00200275,(주)와이티엔,2016,CFS,312406624587.0,128121888370.0,184284736217.0,19314184456.0,,457730240.0,130755833604.0,1287064643.0,3465478245.0,15587649096.0,실패,,,,,CFS,False,0.06182386331126382,0.06182386331126382,True,주석대사실패
00200275,(주)와이티엔,2017,CFS,298989298187.0,108465258411.0,190524039776.0,18606336803.0,,438399239.0,131050998797.0,2158001336.0,4537489911.0,21332336362.0,실패,,,,,CFS,False,0.062230778545668365,0.06182386331126382,True,주석대사실패
00200275,(주)와이티엔,2018,CFS,285962213139.0,97846572067.0,188115641072.0,18134514021.0,,379134469.0,132360035619.0,862143078.0,690807090.0,15808599135.0,실패,,,,,CFS,False,0.06341577029334715,0.06182386331126382,True,주석대사실패
00200275,(주)와이티엔,2019,CFS,282069114250.0,96716693350.0,185352420900.0,19633344370.0,,756017321.0,130801036385.0,491889398.0,-3308954951.0,12716759231.0,실패,,,,,CFS,False,0.06960472940188275,0.06182386331126382,True,주석대사실패
00200275,(주)와이티엔,2020,CFS,298300105265.0,106330838945.0,191969266320.0,19583089381.0,,335955279.0,133102172088.0,2671990470.0,7999188999.0,23085234551.0,실패,,,,,CFS,False,0.06564895229789822,0.06182386331126382,True,주석대사실패
00200275,(주)와이티엔,2021,CFS,367976647090.0,126092948040.0,241883699050.0,19657733783.0,,397463791.0,145150366530.0,3368004839.0,51930646684.0,56053061464.0,실패,,,,,CFS,False,0.0534211448972524,0.06182386331126382,True,주석대사실패
00200275,(주)와이티엔,2022,OFS,360131506686.0,104834571113.0,255296935573.0,19810141591.0,,327783921.0,152191296037.0,5310356129.0,5514292781.0,5761472226.0,실패,,,,,CFS,True,0.05500807683642225,0.06182386331126382,True,주석대사실패
00200275,(주)와이티엔,2023,OFS,352767162709.0,109352836791.0,243414325918.0,19803442741.0,,135206553.0,130469560840.0,-9298901588.0,-4183934473.0,-1129373627.0,실패,,,,,OFS,False,0.056137432375858616,0.06182386331126382,True,주석대사실패
00200275,(주)와이티엔,2024,OFS,350893967406.0,128290969150.0,222602998256.0,19810695438.0,,118631291.0,131178008252.0,-26675495489.0,-18613552547.0,-2463093375.0,실패,,,,,OFS,False,0.05645778291502555,0.06182386331126382,True,주석대사실패
00200275,(주)와이티엔,2025,OFS,349994207376.0,119547415850.0,230446791526.0,19732270821.0,,94613702.0,134193072979.0,-13601524449.0,-14187613193.0,-4701106367.0,성공,보통,False,340665000.0,54727000.0,OFS,False,0.056378849721365684,0.06182386331126382,True,사용가능
00203315,(주)콘텐트리중앙,2015,CFS,455951828160.0,377727105124.0,78224723036.0,38688196265.0,38270153797.0,14220481205.0,349718763817.0,31392639648.0,19629839802.0,23458711254.0,성공,확정,False,0.0,4809249000.0,,False,0.08485149938125429,0.09813249736729442,True,사용가능
00203315,(주)콘텐트리중앙,2016,CFS,550190462737.0,425173862685.0,125016600052.0,37790654683.0,38270153797.0,23348035530.0,335160647081.0,28941768858.0,22403344239.0,18373753501.0,성공,확정,False,0.0,838381000.0,CFS,False,0.06868649539107796,0.09813249736729442,True,사용가능
00203315,(주)콘텐트리중앙,2017,CFS,661939538297.0,426206347110.0,235733191187.0,46099700268.0,38270153797.0,23660489711.0,420319379288.0,33348961856.0,10885509875.0,8687940940.0,성공,확정,True,,9608466000.0,CFS,False,0.06964337012803716,0.09813249736729442,True,상각손상합산
00203315,(주)콘텐트리중앙,2018,CFS,821203465264.0,400269803563.0,420933661701.0,51071086500.0,36376628262.0,32914087094.0,511279166205.0,34745942709.0,25554700332.0,24811484254.0,성공,확정,True,,24585648000.0,CFS,False,0.062190539446374225,0.09813249736729442,True,상각손상합산
00203315,(주)콘텐트리중앙,2019,CFS,1161637851755.0,741057775616.0,420580076139.0,48241897308.0,85638392595.0,25552111681.0,554208374396.0,35421708053.0,10629284402.0,39804795350.0,성공,확정,False,0.0,39170670000.0,CFS,False,0.0415292057116736,0.09813249736729442,True,사용가능
00203315,(주)콘텐트리중앙,2020,CFS,1475541488507.0,1211631897408.0,263909591099.0,206651874255.0,66163295726.0,26343863954.0,363859571681.0,-56806273781.0,-154022316185.0,39064264081.0,성공,확정,False,0.0,49941818000.0,CFS,False,0.14005155115231424,0.09813249736729442,True,사용가능
00203315,(주)콘텐트리중앙,2021,CFS,2245640002695.0,1547849542572.0,697790460123.0,282185439022.0,239776342992.0,75524404017.0,677129957301.0,-57365948945.0,-49813264038.0,-122392657083.0,성공,확정,False,55946695000.0,103510983000.0,CFS,False,0.12565925022859778,0.09813249736729442,True,사용가능
00203315,(주)콘텐트리중앙,2022,CFS,2588133968042.0,1896426846325.0,691707121717.0,348793885171.0,308724699574.0,75599099906.0,852050847599.0,-71591321151.0,-79652622875.0,50142138885.0,성공,확정,False,109069774000.0,118947932000.0,CFS,False,0.13476654975278304,0.09813249736729442,True,사용가능
00203315,(주)콘텐트리중앙,2023,CFS,2453055022945.0,1942938338789.0,510116684156.0,321658035124.0,270904604165.0,4398098265.0,993035799342.0,-68126882657.0,-171340065923.0,-84900438071.0,성공,확정,False,78205279000.0,107191191000.0,CFS,False,0.1311254872456287,0.09813249736729442,True,사용가능
00203315,(주)콘텐트리중앙,2024,CFS,2758664473521.0,2189728550386.0,568935923135.0,425438422210.0,275283246073.0,5508008612.0,879462982938.0,-47378983753.0,-91903478981.0,-27942501870.0,성공,확정,False,14157305000.0,123928356000.0,CFS,False,0.15421898034123555,0.09813249736729442,True,사용가능
00203315,(주)콘텐트리중앙,2025,CFS,2490910514038.0,1894749170889.0,596161343149.0,244439269461.0,289382806845.0,6444467197.0,1083288419056.0,8844995426.0,-93139692457.0,-261438473.0,성공,확정,False,6042266000.0,146161781000.0,CFS,False,0.09813249736729442,0.09813249736729442,True,사용가능
00204642,(주)티비씨,2015,CFS,108218025980.0,7483405033.0,100734620947.0,2282565000.0,414808262.0,3305600.0,41125285713.0,2000501761.0,3631552000.0,4339639161.0,실패,,,,,,False,0.021092280877696344,0.0013293700925165993,False,적용대상아님
00204642,(주)티비씨,2016,CFS,110509715859.0,8591849841.0,101917866018.0,2339889400.0,305717353.0,2942153.0,38827003192.0,1826482007.0,2650259616.0,2430790959.0,실패,,,,,CFS,False,0.021173607965705738,0.0013293700925165993,False,적용대상아님
00204642,(주)티비씨,2017,CFS,114357796591.0,10048323983.0,104309472608.0,332492191.0,,2752150.0,42211579776.0,2677784067.0,3067237882.0,7485013040.0,실패,,,,,CFS,False,0.002907472869463867,0.0013293700925165993,False,적용대상아님
00204642,(주)티비씨,2018,CFS,116772500002.0,10204784511.0,106567715491.0,336474873.0,,2535468.0,40608939114.0,2571628170.0,3382631663.0,633087862.0,실패,,,,,CFS,False,0.0028814564473162523,0.0013293700925165993,False,적용대상아님
00204642,(주)티비씨,2019,CFS,121715438696.0,11054998594.0,110660440102.0,161804864.0,,2038491.0,49281263228.0,5247959128.0,5567951492.0,1754645939.0,실패,,,,,CFS,False,0.0013293700925165993,0.0013293700925165993,False,적용대상아님
00204642,(주)티비씨,2020,CFS,119624621981.0,6310328071.0,113314293910.0,46288532.0,,2254647.0,35291791914.0,2915148167.0,3767801849.0,6353478017.0,실패,,,,,CFS,False,0.00038694819873580887,0.0013293700925165993,False,적용대상아님
00204642,(주)티비씨,2021,CFS,126908628904.0,9708953292.0,117199675612.0,57528283.0,,0.0,42842548188.0,4330542169.0,4628244368.0,8734693256.0,실패,,,,,CFS,False,0.0004533047397708256,0.0013293700925165993,False,적용대상아님
00204642,(주)티비씨,2022,CFS,128738301479.0,7146543184.0,121591758295.0,171796777.0,,0.0,42483287221.0,4052343613.0,4927772175.0,-2077605704.0,실패,,,,,CFS,False,0.0013344651516007749,0.0013293700925165993,False,적용대상아님
00204642,(주)티비씨,2023,CFS,134217378721.0,7854020250.0,126363358471.0,139780933.0,,,43505868968.0,4137402175.0,6194310171.0,1712193486.0,실패,,,,,CFS,False,0.0010414518174324135,0.0013293700925165993,False,적용대상아님
00204642,(주)티비씨,2024,CFS,135621536292.0,7645164007.0,127976372285.0,96773899.0,,,40284018896.0,1456314716.0,3802312247.0,10600621174.0,실패,,,,,CFS,False,0.0007135584925954601,0.0013293700925165993,False,적용대상아님
00204642,(주)티비씨,2025,CFS,137292302327.0,5961241021.0,131331061306.0,53950668.0,,,42691388395.0,1484573947.0,3799296059.0,7902572295.0,실패,,,,,CFS,False,0.00039296207497126385,0.0013293700925165993,False,적용대상아님
00207755,(주)지에스홈쇼핑,2015,CFS,1237223412648.0,321670154537.0,915553258111.0,58855625015.0,,24938908343.0,1122448403117.0,105698974200.0,78358171244.0,46873985261.0,성공,확정,False,0.0,12190617000.0,,False,0.04757073331568524,0.02490488077758719,True,사용가능
00207755,(주)지에스홈쇼핑,2016,CFS,1359434067778.0,383854678867.0,975579388911.0,46932163704.0,,12303942716.0,1097764890482.0,126396403124.0,105806097603.0,192200548427.0,성공,확정,False,1210439000.0,12047864000.0,CFS,False,0.03452330996876575,0.02490488077758719,True,사용가능
00207755,(주)지에스홈쇼핑,2017,CFS,1425154432309.0,361278897522.0,1063875534787.0,38740461938.0,,26765209370.0,1086288129781.0,141292559681.0,102719290989.0,70981359035.0,성공,확정,False,0.0,10312967000.0,CFS,False,0.027183343123898272,0.02490488077758719,True,사용가능
00207755,(주)지에스홈쇼핑,2018,CFS,1393130850282.0,303961128629.0,1089169721653.0,31521561548.0,,28975517530.0,1104393651409.0,136829383626.0,133936936794.0,45766968161.0,성공,확정,False,1136570000.0,8279199000.0,CFS,False,0.022626418431276107,0.02490488077758719,True,사용가능
00207755,(주)지에스홈쇼핑,2019,CFS,1446961556445.0,299764978316.0,1147196578129.0,28840161778.0,,45752675241.0,1230358734740.0,121125756936.0,109755435292.0,93625551731.0,성공,확정,False,0.0,3755364000.0,CFS,False,0.01993153283827153,0.02490488077758719,True,사용가능
00207755,(주)지에스홈쇼핑,2020,CFS,1577909027323.0,334002544848.0,1243906482475.0,27334218369.0,,37720695466.0,1245664243521.0,156914206678.0,125063546080.0,173792004907.0,성공,확정,False,0.0,2513456000.0,CFS,False,0.01732306355796306,0.02490488077758719,True,사용가능
00208134,(주)케이엔엔,2015,CFS,189932201610.0,15012116491.0,174920085119.0,966446280.0,,34120600.0,62748443507.0,8254363051.0,6887061457.0,9856236446.0,실패,,,,,,False,0.00508837507177675,0.0006910332217965413,False,적용대상아님
00208134,(주)케이엔엔,2016,CFS,198501634670.0,20337248179.0,178164386491.0,967076860.0,,35678413.0,61824765964.0,5935456244.0,6891426263.0,16165517071.0,실패,,,,,CFS,False,0.004871883607445962,0.0006910332217965413,False,적용대상아님
00208134,(주)케이엔엔,2017,CFS,202687242993.0,17334777147.0,185352465846.0,947792546.0,,13271143.0,65355374649.0,8587797919.0,9600543293.0,6955074254.0,실패,,,,,CFS,False,0.004676133199131496,0.0006910332217965413,False,적용대상아님
00208134,(주)케이엔엔,2018,CFS,206896822379.0,15902302416.0,190994519963.0,947029026.0,,0.0,64113045626.0,7803631103.0,7840466706.0,12515806037.0,실패,,,,,CFS,False,0.004577300971134312,0.0006910332217965413,False,적용대상아님
00208134,(주)케이엔엔,2019,CFS,210159419660.0,13845410825.0,196314008835.0,943977026.0,,0.0,71120187421.0,7443644044.0,8126480571.0,12040821789.0,실패,,,,,CFS,False,0.004491718846231991,0.0006910332217965413,False,적용대상아님
00208134,(주)케이엔엔,2020,CFS,213817505931.0,13910585662.0,199906920269.0,147755000.0,,,57331562092.0,6206545602.0,6194524671.0,11330381470.0,실패,,,,,CFS,False,0.0006910332217965413,0.0006910332217965413,False,적용대상아님
00208134,(주)케이엔엔,2021,CFS,221936074769.0,15779519371.0,206156555398.0,147217000.0,,,64977971322.0,9879827448.0,9193621216.0,21517520441.0,실패,,,,,CFS,False,0.0006633306466883736,0.0006910332217965413,False,적용대상아님
00208134,(주)케이엔엔,2022,CFS,222951032411.0,15476143402.0,207474889009.0,147217000.0,,,65959982382.0,6737900636.0,7381244846.0,2675240368.0,실패,,,,,CFS,False,0.000660310914051352,0.0006910332217965413,False,적용대상아님
00208134,(주)케이엔엔,2023,CFS,230075315005.0,14606204611.0,215469110394.0,147755461.0,,,66077800047.0,6091666941.0,8448732785.0,11556352467.0,실패,,,,,CFS,False,0.0006422047536772425,0.0006910332217965413,False,적용대상아님
00208134,(주)케이엔엔,2024,CFS,236345158411.0,15947931350.0,220397227061.0,147697249.0,,,68852610544.0,4512857207.0,8113827411.0,10364626879.0,실패,,,,,CFS,False,0.0006249218303983918,0.0006910332217965413,False,적용대상아님
00208134,(주)케이엔엔,2025,CFS,246314621852.0,17815370402.0,228499251450.0,147639037.0,,,68506931399.0,3194305734.0,11304202453.0,17632896000.0,실패,,,,,CFS,False,0.0005993920941027611,0.0006910332217965413,False,적용대상아님
00222532,(주)엘지헬로비전,2015,OFS,2000272843281.0,1049060692885.0,951212150396.0,223905515057.0,572283406730.0,18168788595.0,1182612870217.0,104970126374.0,59676898564.0,368235044724.0,성공,확정,False,102200000.0,218360000.0,,False,0.11193748683291281,0.0528292883538181,True,사용가능
00222532,(주)엘지헬로비전,2016,OFS,1840191674866.0,873536811412.0,966654863454.0,185564188574.0,572283406730.0,12778488565.0,1100634800031.0,42936484698.0,21512792639.0,275776258507.0,성공,확정,False,0.0,192371000.0,OFS,False,0.10083959791172976,0.0528292883538181,True,사용가능
00222532,(주)엘지헬로비전,2017,OFS,1868155224355.0,881032763746.0,987122460609.0,173818770481.0,572283406730.0,19082502273.0,1119895014270.0,72864983274.0,28882737680.0,281258258755.0,성공,확정,False,0.0,197492000.0,OFS,False,0.09304300210974853,0.0528292883538181,True,사용가능
00222532,(주)엘지헬로비전,2018,CFS,1935138661550.0,875878588004.0,1059260073546.0,208145096439.0,589210362124.0,16447496236.0,1178041257956.0,68004595239.0,39690621314.0,262556593054.0,성공,확정,False,0.0,384281000.0,OFS,True,0.10756081751386266,0.0528292883538181,True,사용가능
00222532,(주)엘지헬로비전,2019,CFS,1790671377931.0,839364024702.0,951307353229.0,102763990791.0,490322644492.0,5151588432.0,1112180458963.0,29249461527.0,-94231348080.0,250434425417.0,성공,확정,False,1611887000.0,51897911000.0,CFS,False,0.0573885259224598,0.0528292883538181,True,사용가능
00222532,(주)엘지헬로비전,2020,CFS,1472721455548.0,841615540357.0,631105915191.0,77802826440.0,168991669756.0,7219628675.0,1057934695627.0,34150119189.0,-312793599147.0,218615356521.0,성공,확정,False,23673000.0,41551569000.0,CFS,False,0.0528292883538181,0.0528292883538181,True,사용가능
00222532,(주)엘지헬로비전,2021,CFS,1488116032317.0,835732530156.0,652383502161.0,62676529545.0,168991669756.0,10144190591.0,1080132280928.0,44492025603.0,26921862454.0,69815022115.0,성공,확정,False,0.0,29414513000.0,CFS,False,0.042118039308677094,0.0528292883538181,True,사용가능
00222532,(주)엘지헬로비전,2022,CFS,1428013437283.0,802491626000.0,625521811283.0,48393609567.0,109035051591.0,6672584213.0,1167867997994.0,53800859859.0,-26024593275.0,178964672570.0,성공,확정,False,0.0,27280511000.0,CFS,False,0.03388876344124308,0.0528292883538181,True,사용가능
00222532,(주)엘지헬로비전,2023,CFS,1319446205693.0,754107897938.0,565338307755.0,46489266248.0,24513164719.0,10345332143.0,1190257448844.0,47352193560.0,-45352667210.0,84352110308.0,성공,확정,False,0.0,24980259000.0,CFS,False,0.035233923177324905,0.0528292883538181,True,사용가능
00222532,(주)엘지헬로비전,2024,CFS,1243517604881.0,799432319472.0,444085285409.0,45802851954.0,0.0,51876305384.0,1196435375181.0,13472973352.0,-106228495334.0,87933002034.0,성공,확정,False,6905548000.0,19741812000.0,CFS,False,0.036833295945482944,0.0528292883538181,True,사용가능
00222532,(주)엘지헬로비전,2025,CFS,1265815637408.0,813157694883.0,452657942525.0,47843828296.0,0.0,6892129497.0,1265651619684.0,18730193260.0,1780517603.0,121110045200.0,성공,확정,False,0.0,15643073000.0,CFS,False,0.03779683777170695,0.0528292883538181,True,사용가능
00223762,(주)케이티지니뮤직,2015,OFS,90517673550.0,30767444704.0,59750228846.0,9835090321.0,,66223430.0,89179162227.0,1935731321.0,3382864660.0,8499089954.0,성공,확정,False,0.0,14450782000.0,,False,0.1086538124023626,0.2703839067797853,True,사용가능
00223762,(주)케이티지니뮤직,2016,OFS,110079575096.0,41952579638.0,68126995458.0,8479412074.0,,83767899.0,111286638023.0,4899081748.0,8236380407.0,13387464717.0,성공,확정,False,0.0,16465569000.0,OFS,False,0.07702984015522531,0.2703839067797853,True,사용가능
00223762,(주)케이티지니뮤직,2017,OFS,139493908800.0,48512459545.0,90981449255.0,2042580641.0,,303790051.0,155641711618.0,2401671806.0,-3401432142.0,,성공,확정,False,6051876000.0,18630814000.0,OFS,False,0.014642794503153244,0.2703839067797853,True,사용가능
00223762,(주)케이티지니뮤직,2018,CFS,222002409461.0,76577922358.0,145424487103.0,62367106929.0,,336228579.0,171232730142.0,6889092474.0,5937816079.0,,성공,확정,False,519212000.0,20990695000.0,OFS,True,0.2809298650425516,0.2703839067797853,True,사용가능
00223762,(주)케이티지니뮤직,2019,OFS,233880648315.0,81194526967.0,152686121348.0,60771067856.0,,314591593.0,230468779379.0,8127067802.0,7314176925.0,2915565577.0,성공,확정,False,103067000.0,25150437000.0,CFS,True,0.259837948517019,0.2703839067797853,True,사용가능
00223762,(주)케이티지니뮤직,2020,OFS,250537976853.0,88487569863.0,162050406990.0,55587544623.0,,97557019.0,246967532160.0,11463451334.0,9471844621.0,742946855.0,성공,확정,False,0.0,27709300000.0,OFS,False,0.22187272892211185,0.2703839067797853,True,사용가능
00223762,(주)케이티지니뮤직,2021,CFS,307060996340.0,199309435741.0,107751560599.0,116265644712.0,,318336560.0,252006950035.0,10501531906.0,-4887813493.0,27652988694.0,성공,확정,False,0.0,29790886000.0,OFS,True,0.3786402248993627,0.2703839067797853,True,사용가능
00223762,(주)케이티지니뮤직,2022,CFS,340102689990.0,158930776532.0,181171913458.0,122081373659.0,,245628635.0,286106152010.0,13820761140.0,18691572923.0,29321893314.0,성공,확정,False,0.0,32325682000.0,CFS,False,0.3589544489124433,0.2703839067797853,True,사용가능
00223762,(주)케이티지니뮤직,2023,CFS,407620422306.0,169794185697.0,237826236609.0,122206842594.0,,243216312.0,307040865232.0,15360755595.0,21732575666.0,20246183919.0,성공,확정,False,0.0,36317860000.0,CFS,False,0.2998054952758464,0.2703839067797853,True,사용가능
00223762,(주)케이티지니뮤직,2024,CFS,352431238562.0,126359852209.0,226071386353.0,109086312833.0,,343728429.0,301615219228.0,12193400754.0,-13772161745.0,-5087313877.0,성공,확정,False,12320166000.0,40298084000.0,CFS,False,0.309525095670001,0.2703839067797853,True,사용가능
00223762,,2025,,,,,,,,,,,,실패,,,,,CFS,False,,0.2703839067797853,True,본문없음
00231691,(주)판타지오,2015,CFS,41336169891.0,16123099452.0,25213070439.0,3570646898.0,16966323514.0,496886865.0,23122140438.0,884813251.0,991509199.0,1341534320.0,성공,보통,False,0.0,64122553.0,,False,0.08638069050459912,0.11236866697921091,True,사용가능
00231691,(주)판타지오,2016,CFS,35609355967.0,13656709769.0,21952646198.0,4001375862.0,16382160000.0,417608690.0,21703284152.0,-3648552982.0,-3763140105.0,-2444703439.0,성공,확정,False,0.0,252264875.0,CFS,False,0.11236866697921091,0.11236866697921091,True,사용가능
00231691,(주)판타지오,2017,CFS,56661825520.0,10141979984.0,46519845536.0,1406794552.0,12545348973.0,0.0,13304891629.0,-6434995841.0,-8837074222.0,-3825526726.0,성공,확정,False,1485714.0,521072459.0,CFS,False,0.024827907309541975,0.11236866697921091,True,사용가능
00231691,(주)판타지오,2018,CFS,46539179043.0,9017432381.0,37521746662.0,873999316.0,12545348973.0,0.0,13615020292.0,352770705.0,-9200333587.0,555743657.0,성공,확정,False,0.0,536250396.0,CFS,False,0.018779861054112407,0.11236866697921091,True,사용가능
00231691,(주)판타지오,2019,CFS,33125492031.0,11297845900.0,21827646131.0,423130838.0,8847035000.0,2649423.0,18513748368.0,496493097.0,-15835104769.0,1680020607.0,실패,,,,,CFS,False,0.012773571411528599,0.11236866697921091,True,주석대사실패
00231691,(주)판타지오,2020,CFS,28779495501.0,7910276955.0,20869218546.0,222230601.0,3744432177.0,302626478.0,16425762721.0,-708265130.0,-2772677746.0,7590410.0,성공,확정,False,400000000.0,203981917.0,CFS,False,0.007721837965932313,0.11236866697921091,True,사용가능
00231691,(주)판타지오,2021,CFS,58607666093.0,27390404896.0,31217261197.0,6635050805.0,3749639208.0,0.0,23455295407.0,1831076344.0,-20682549859.0,4185306565.0,성공,확정,False,434849863.0,174450540.0,CFS,False,0.11321131256909886,0.11236866697921091,True,사용가능
00231691,(주)판타지오,2022,CFS,77433698065.0,45731030061.0,31702668004.0,12337997368.0,2882957419.0,0.0,15259393021.0,1252832300.0,-6762436766.0,9167427331.0,실패,,,,,CFS,False,0.15933627963426392,0.11236866697921091,True,주석대사실패
00231691,(주)판타지오,2023,CFS,78463627513.0,35755800134.0,42707827379.0,17031453173.0,2442259767.0,13354809507.0,38527506388.0,-4913262869.0,-18458038424.0,-3631640181.0,실패,,,,,CFS,False,0.2170617611348417,0.11236866697921091,True,주석대사실패
00231691,(주)판타지오,2024,CFS,89639124348.0,31558209410.0,58080914938.0,14212864569.0,0.0,0.0,72334500746.0,-1540001928.0,-6431810872.0,2441236181.0,실패,,,,,CFS,False,0.1585564860475694,0.11236866697921091,True,주석대사실패
00231691,(주)판타지오,2025,CFS,88497570509.0,39538629488.0,48958941021.0,13083812946.0,0.0,0.0,38192077332.0,-8032024834.0,-9200491612.0,12700678857.0,실패,,,,,CFS,False,0.14784375289341312,0.11236866697921091,True,주석대사실패
00232496,(주)씨그널엔터테인먼트그룹,2015,CFS,81902827419.0,49474613081.0,32428214338.0,960478008.0,,3021501321.0,25161179914.0,-10422663853.0,-24346725445.0,,성공,확정,False,0.0,275378000.0,,False,0.011727043354515332,0.007611548535696058,True,사용가능
00232496,(주)씨그널엔터테인먼트그룹,2016,CFS,50871848509.0,19908668572.0,30963179937.0,2174192153.0,,0.0,23996316239.0,-4503001821.0,-33838321912.0,,성공,확정,False,1882789000.0,444579000.0,CFS,False,0.04273861117146849,0.007611548535696058,True,사용가능
00232496,(주)씨그널엔터테인먼트그룹,2017,CFS,48941775910.0,19370793485.0,29570982425.0,125519466.0,,,31328168339.0,-3023180184.0,-9822886231.0,,성공,확정,False,1329216000.0,79265000.0,CFS,False,0.0025646692149222422,0.007611548535696058,True,사용가능
00232496,(주)씨그널엔터테인먼트그룹,2018,CFS,39296991158.0,25068934014.0,14228057144.0,137384392.0,,,16828150323.0,-2665281019.0,-8231460501.0,,실패,,,,,CFS,False,0.0034960537168767835,0.007611548535696058,True,주석대사실패
00249441,(주)씨씨에스충북방송,2015,CFS,58383141606.0,23117115602.0,35266026004.0,7341848526.0,,393239005.0,24575210014.0,-930251241.0,-2871046148.0,202053962.0,성공,확정,False,0.0,,,False,0.12575288557691255,0.028047509417943848,True,사용가능
00249441,(주)씨씨에스충북방송,2016,CFS,45263653765.0,11616342120.0,33647311645.0,6772842456.0,,0.0,20908296643.0,-1285687781.0,-2109478856.0,4115550075.0,성공,확정,False,0.0,,CFS,False,0.14963092664068323,0.028047509417943848,True,사용가능
00249441,(주)씨씨에스충북방송,2017,CFS,42450754040.0,11333616828.0,31117137212.0,5103188542.0,,0.0,21259586706.0,-1125228385.0,-7114186166.0,4706142128.0,성공,확정,False,1641353100.0,,CFS,False,0.12021432027311993,0.028047509417943848,True,사용가능
00249441,(주)씨씨에스충북방송,2018,CFS,35691430343.0,11298901169.0,24392529174.0,2552904601.0,,,21012547877.0,-3682857563.0,-7526602221.0,4998952409.0,성공,확정,False,0.0,127828122.0,CFS,False,0.07152710262565001,0.028047509417943848,True,사용가능
00249441,(주)씨씨에스충북방송,2019,CFS,34335091059.0,7196408286.0,27138682773.0,1372529451.0,,,20318289999.0,395805451.0,-168971009.0,1868663452.0,성공,확정,False,1047027906.0,239783244.0,CFS,False,0.039974539419205334,0.028047509417943848,True,사용가능
00249441,(주)씨씨에스충북방송,2020,CFS,34807581799.0,8501006302.0,26306575497.0,748661646.0,,,19270324242.0,-347243895.0,-2921851094.0,5313196592.0,성공,확정,False,585208868.0,38658937.0,CFS,False,0.02150857966299482,0.028047509417943848,True,사용가능
00249441,(주)씨씨에스충북방송,2021,CFS,28974325167.0,4674769214.0,24299555953.0,812657658.0,,,18740525393.0,-543121152.0,1188117631.0,1624620404.0,성공,확정,False,422624072.0,36524208.0,CFS,False,0.028047509417943848,0.028047509417943848,True,사용가능
00249441,(주)씨씨에스충북방송,2022,CFS,32092326250.0,7178057699.0,24914268551.0,32832000.0,,,19355942259.0,648839089.0,734417501.0,4567656857.0,성공,확정,False,516084366.0,100000.0,CFS,False,0.0010230483058235767,0.028047509417943848,True,사용가능
00249441,(주)씨씨에스충북방송,2023,CFS,31552488645.0,4013018555.0,27539470090.0,135155333.0,,,19211399837.0,453727360.0,2534148486.0,4229033783.0,성공,확정,False,0.0,7476667.0,CFS,False,0.004283507856405411,0.028047509417943848,True,사용가능
00249441,(주)씨씨에스충북방송,2024,CFS,38009612874.0,3524268696.0,34485344178.0,26932000.0,,1568275.0,18337213022.0,-850011520.0,-1073241178.0,2520538193.0,성공,확정,False,206844999.0,36414334.0,CFS,False,0.0007085575980286423,0.028047509417943848,True,사용가능
00249441,(주)씨씨에스충북방송,2025,CFS,28953199521.0,3542273767.0,25410925754.0,26932000.0,,2412508.0,18271161053.0,-5020235846.0,-9074418424.0,-2252455173.0,성공,확정,False,60958334.0,2791666.0,CFS,False,0.0009301908060442851,0.028047509417943848,True,사용가능
00252393,,2015,,,,,,,,,,,,실패,,,,,,False,,,False,본문없음
00252393,,2016,,,,,,,,,,,,실패,,,,,,False,,,False,본문없음
00255071,,2015,,,,,,,,,,,,실패,,,,,,False,,,False,본문없음
00258689,(주)제이와이피엔터테인먼트,2015,CFS,74088718972.0,15273440117.0,58815278855.0,33091434732.0,,927461927.0,50557050960.0,4198535095.0,3223272695.0,4862451442.0,성공,확정,False,0.0,2150480000.0,,False,0.4466460642207364,0.1376562777579446,True,사용가능
00258689,(주)제이와이피엔터테인먼트,2016,CFS,86571517594.0,19529789206.0,67041728388.0,30978512618.0,,1372862613.0,73645282523.0,13811807741.0,8524635842.0,15424673317.0,성공,확정,False,0.0,2139364000.0,CFS,False,0.35783723652947746,0.1376562777579446,True,사용가능
00258689,(주)제이와이피엔터테인먼트,2017,CFS,124428024149.0,38667610853.0,85760413296.0,29134692496.0,,1653786151.0,102241863796.0,19462607147.0,16369258073.0,27110664256.0,성공,확정,False,12500000.0,2559055000.0,CFS,False,0.2341489603749699,0.1376562777579446,True,사용가능
00258689,(주)제이와이피엔터테인먼트,2018,CFS,159341919774.0,31373866303.0,127968053471.0,29108181182.0,,1481778495.0,124821138131.0,28748634270.0,24275342132.0,22396588778.0,성공,확정,False,0.0,276996000.0,CFS,False,0.18267748514192067,0.1376562777579446,True,사용가능
00258689,(주)제이와이피엔터테인먼트,2019,CFS,207839679239.0,45489735142.0,162349944097.0,29043036790.0,,690988886.0,155435844908.0,43458524745.0,31220337653.0,50943042578.0,성공,확정,False,0.0,280877000.0,CFS,False,0.1397376905908457,0.1376562777579446,True,사용가능
00258689,(주)제이와이피엔터테인먼트,2020,CFS,223949702666.0,37702367193.0,186247335473.0,30828082474.0,,448282082.0,144399021991.0,44136482815.0,29636398233.0,22060358410.0,성공,확정,False,0.0,417899000.0,CFS,False,0.1376562777579446,0.1376562777579446,True,사용가능
00258689,(주)제이와이피엔터테인먼트,2021,CFS,317418306083.0,66768917247.0,250649388836.0,29545607468.0,,1433494363.0,193899561773.0,57903761113.0,67500729976.0,45832695228.0,성공,확정,True,,2250171000.0,CFS,False,0.09308098147393641,0.1376562777579446,True,상각손상합산
00258689,(주)제이와이피엔터테인먼트,2022,CFS,411122310132.0,106621208896.0,304501101236.0,41506863178.0,,2397304762.0,345892110215.0,96631539970.0,67501258494.0,87648404245.0,성공,확정,True,,1720534000.0,CFS,False,0.10095988992831183,0.1376562777579446,True,상각손상합산
00258689,(주)제이와이피엔터테인먼트,2023,CFS,571533446142.0,173490775206.0,398042670936.0,40648348163.0,,24438851519.0,566500542871.0,169443909949.0,105016740741.0,151239365837.0,성공,확정,True,,10041125000.0,CFS,False,0.0711215562927891,0.1376562777579446,True,상각손상합산
00258689,(주)제이와이피엔터테인먼트,2024,CFS,678782059891.0,195900558505.0,482881501386.0,60223870978.0,,14310042165.0,601787883332.0,128262269240.0,97714913917.0,89293013736.0,성공,확정,False,0.0,5701915000.0,CFS,False,0.08872342764579083,0.1376562777579446,True,사용가능
00258689,(주)제이와이피엔터테인먼트,2025,CFS,851090190178.0,226142470880.0,624947719298.0,66897868484.0,,20168943120.0,821854634614.0,155246094076.0,160563476080.0,124332829487.0,성공,확정,False,0.0,10111109000.0,CFS,False,0.07860256087549164,0.1376562777579446,True,사용가능
00259590,(주)바른손이앤에이,2015,CFS,47832856345.0,18304729087.0,29528127258.0,25319362246.0,,0.0,15698007210.0,3802762485.0,-451563807.0,-1780715989.0,성공,확정,False,466958000.0,316115000.0,,False,0.5293299246731404,0.03128216208065247,True,사용가능
00259590,(주)바른손이앤에이,2016,CFS,68782256529.0,23545150925.0,45237105604.0,26189525699.0,,,41653823490.0,14976131492.0,33427710921.0,17305576270.0,성공,확정,False,7508011000.0,551699000.0,CFS,False,0.3807599084504877,0.03128216208065247,True,사용가능
00259590,(주)바른손이앤에이,2017,CFS,72073730490.0,34780043205.0,37293687285.0,8584008593.0,,,31430347233.0,-1266547960.0,-31397624662.0,14750954400.0,성공,확정,False,26483900000.0,259735000.0,CFS,False,0.11910037866280564,0.03128216208065247,True,사용가능
00259590,(주)바른손이앤에이,2018,CFS,113995488141.0,23264354220.0,90731133921.0,4635452145.0,,,30044466559.0,-22979774381.0,80874968503.0,-32194212038.0,성공,확정,False,105315000.0,396661000.0,CFS,False,0.04066347028810869,0.03128216208065247,True,사용가능
00259590,(주)바른손이앤에이,2019,CFS,103169274032.0,32171069521.0,70998204511.0,2138926275.0,,,16975339380.0,-17734440678.0,-24053157866.0,-20902812548.0,성공,확정,False,5324610000.0,242833000.0,CFS,False,0.020732202441751887,0.03128216208065247,True,사용가능
00259590,(주)바른손이앤에이,2020,CFS,104821778991.0,31962478744.0,72859300247.0,2011059702.0,,,15206735467.0,-2396482171.0,-7569432700.0,2248257441.0,성공,확정,False,700000000.0,126528000.0,CFS,False,0.01918551393954752,0.03128216208065247,True,사용가능
00259590,(주)바른손이앤에이,2021,CFS,140862621665.0,31484769176.0,109377852489.0,4842098635.0,,488092523.0,10711420633.0,-1322252018.0,8534083816.0,-6927117085.0,성공,확정,False,457023000.0,10789000.0,CFS,False,0.03437461675614342,0.03128216208065247,True,사용가능
00259590,(주)바른손이앤에이,2022,CFS,128074443885.0,42405037706.0,85669406179.0,4006445512.0,,0.0,26032765108.0,-4223014991.0,-13319475177.0,-5054464544.0,성공,확정,False,763430000.0,21999000.0,CFS,False,0.03128216208065247,0.03128216208065247,True,사용가능
00259590,(주)바른손이앤에이,2023,CFS,124862745913.0,53215504229.0,71647241684.0,3641751218.0,,0.0,23670251801.0,-4824155195.0,-13926418308.0,300216247.0,성공,확정,False,0.0,50456000.0,CFS,False,0.029166035004047124,0.03128216208065247,True,사용가능
00259590,(주)바른손이앤에이,2024,CFS,111166407353.0,43744774776.0,67421632577.0,3220522257.0,,,9488644875.0,-266076028.0,-5175167552.0,-2313867925.0,성공,확정,False,0.0,72508000.0,CFS,False,0.028970282783120714,0.03128216208065247,True,사용가능
00259590,(주)바른손이앤에이,2025,CFS,102888264494.0,44506483123.0,58381781371.0,2566782257.0,,,11603958770.0,-2276213982.0,-6893362078.0,-6428238433.0,성공,확정,False,0.0,72508000.0,CFS,False,0.02494727916369591,0.03128216208065247,True,사용가능
00260930,(주)에스엠엔터테인먼트,2015,CFS,459709219858.0,136211256332.0,323497963526.0,51079236655.0,,10006569143.0,325439247011.0,36422839744.0,18387798275.0,,성공,확정,False,1400000.0,13960705000.0,,False,0.1111120561618884,0.13229430081486632,True,사용가능
00260930,(주)에스엠엔터테인먼트,2016,CFS,525082697414.0,149536301555.0,375546395859.0,37051350324.0,,11209998424.0,349870229327.0,20705234399.0,4225515109.0,21151119745.0,성공,확정,False,0.0,13099051000.0,CFS,False,0.07056288563016001,0.13229430081486632,True,사용가능
00260930,(주)에스엠엔터테인먼트,2017,CFS,797509023895.0,361878090412.0,435630933483.0,113495243827.0,,8628752355.0,365386504380.0,10941300582.0,-4709252451.0,,성공,확정,False,0.0,64360304000.0,CFS,False,0.14231217506818178,0.13229430081486632,True,사용가능
00260930,(주)에스엠엔터테인먼트,2018,CFS,1002473549711.0,426345966340.0,576127583371.0,186003342580.0,,11524908225.0,612227478805.0,47746036880.0,23420444781.0,120003666943.0,성공,확정,False,799980000.0,75275566000.0,CFS,False,0.18554438930944595,0.13229430081486632,True,사용가능
00260930,(주)에스엠엔터테인먼트,2019,CFS,1115620586546.0,482852438972.0,632768147574.0,199278124787.0,,14758462154.0,657825612024.0,40396706232.0,-16182525437.0,91946538513.0,성공,확정,False,17011778000.0,103203813000.0,CFS,False,0.17862535631757387,0.13229430081486632,True,사용가능
00260930,(주)에스엠엔터테인먼트,2020,CFS,1068872535478.0,452733816018.0,616138719460.0,177933814020.0,,11416473404.0,579875790663.0,6495064093.0,-80341242406.0,45398545730.0,성공,확정,False,11968218000.0,166205811000.0,CFS,False,0.16646869305181272,0.13229430081486632,True,사용가능
00260930,(주)에스엠엔터테인먼트,2021,CFS,1314942073873.0,526500165835.0,788441908038.0,144813615831.0,,14405560720.0,701563172148.0,67520136401.0,133225196705.0,122557828394.0,성공,확정,False,10506961000.0,174959850000.0,CFS,False,0.11012927391126008,0.13229430081486632,True,사용가능
00260930,(주)에스엠엔터테인먼트,2022,CFS,1463023492474.0,576891434654.0,886132057820.0,145107007512.0,,20444675058.0,850769309133.0,91007611263.0,82028551863.0,114937054179.0,성공,확정,False,221066000.0,183729158000.0,CFS,False,0.09918296477018379,0.13229430081486632,True,사용가능
00260930,(주)에스엠엔터테인먼트,2023,CFS,1540973937398.0,631575864424.0,909398072974.0,203862069622.0,,25554890075.0,961069716545.0,113463014394.0,82683480181.0,112995229635.0,성공,확정,False,58704825000.0,194813220000.0,CFS,False,0.13229430081486632,0.13229430081486632,True,사용가능
00260930,(주)에스엠엔터테인먼트,2024,CFS,1419108143782.0,590028281693.0,829079862089.0,140213032950.0,,28073869505.0,989725343114.0,87296655446.0,818849820.0,135676129235.0,성공,확정,False,85000000.0,134166492000.0,CFS,False,0.09880362787315466,0.13229430081486632,True,사용가능
00260930,(주)에스엠엔터테인먼트,2025,CFS,2007711293863.0,648965438984.0,1358745854879.0,601394560770.0,,23905997449.0,1174934814159.0,183033876467.0,359364113602.0,194860708063.0,성공,확정,False,0.0,184416197000.0,CFS,False,0.2995423508391328,0.13229430081486632,True,사용가능
00263371,(주)한국경제티브이,2015,CFS,95778809330.0,22574377322.0,73204432008.0,681505765.0,,0.0,72163979576.0,11465842504.0,9098198764.0,22955871441.0,성공,보통,False,549374000.0,2804427000.0,,False,0.0071154127908597585,0.006473851104178156,True,사용가능
00263371,(주)한국경제티브이,2016,CFS,98592808053.0,15346247573.0,83246560480.0,533480572.0,,0.0,75275381554.0,14378500726.0,12044171655.0,5074815659.0,성공,보통,False,549373000.0,3074165000.0,CFS,False,0.005410948146574949,0.006473851104178156,True,사용가능
00263371,(주)한국경제티브이,2017,CFS,119234461031.0,24677080120.0,94557380911.0,759784107.0,,,64845018824.0,9084330970.0,12245520978.0,10383544137.0,실패,,,,,CFS,False,0.006372185527827079,0.006473851104178156,True,주석대사실패
00263371,(주)한국경제티브이,2018,CFS,128495831606.0,19550971938.0,108944859668.0,1350750328.0,,,84503885683.0,15546639950.0,14411719937.0,16717208553.0,성공,보통,False,549373000.0,3473607000.0,CFS,False,0.01051201670215836,0.006473851104178156,True,사용가능
00263371,(주)한국경제티브이,2019,CFS,146441416640.0,24541672462.0,121899744178.0,1160259457.0,,,77771129695.0,13691975708.0,15014544527.0,13142386257.0,성공,보통,False,549373000.0,3777141000.0,CFS,False,0.007923028086052254,0.006473851104178156,True,사용가능
00263371,(주)한국경제티브이,2020,CFS,174472969151.0,36264323657.0,138208645494.0,1445321517.0,,,94875092110.0,18182632881.0,19029711778.0,28496933351.0,성공,보통,False,563270000.0,4085440000.0,CFS,False,0.00828392801494154,0.006473851104178156,True,사용가능
00263371,(주)한국경제티브이,2021,CFS,190799496775.0,35804877831.0,154994618944.0,1323901562.0,,,119420811691.0,26534790009.0,25364748686.0,22274581443.0,성공,보통,False,563270000.0,4395222000.0,CFS,False,0.0069387057323385334,0.006473851104178156,True,사용가능
00263371,(주)한국경제티브이,2022,CFS,194850624388.0,26813424393.0,168037199995.0,918888155.0,,,88585591308.0,8435826362.0,13807948422.0,-279488390.0,성공,보통,False,563270000.0,4786693000.0,CFS,False,0.0047158594327634615,0.006473851104178156,True,사용가능
00263371,(주)한국경제티브이,2023,CFS,201266381284.0,26131260503.0,175135120781.0,737218198.0,,,82309037647.0,4663688185.0,10713481063.0,11110640122.0,성공,보통,False,563270000.0,5199402000.0,CFS,False,0.0036628978635022858,0.006473851104178156,True,사용가능
00263371,(주)한국경제티브이,2024,CFS,171752395663.0,20498131641.0,151254264022.0,634417838.0,,,79506478767.0,1130184199.0,8451296388.0,6679226526.0,성공,보통,False,563270000.0,5443665000.0,CFS,False,0.003693793239686789,0.006473851104178156,True,사용가능
00263371,(주)한국경제티브이,2025,CFS,167245064889.0,19434898396.0,147810166493.0,1082719648.0,,,75910005501.0,-2375020915.0,2790796028.0,4629520514.0,성공,보통,False,563270000.0,5546262000.0,CFS,False,0.006473851104178156,0.006473851104178156,True,사용가능
00265324,(주)씨제이이엔엠,2015,CFS,2988232404363.0,1638102960054.0,1350129444309.0,261194668095.0,787047335059.0,61572877092.0,2308605389638.0,209654718318.0,112018538766.0,440437886693.0,성공,확정,False,3352408000.0,116847837000.0,,False,0.08740774904710892,0.2678490478109289,True,사용가능
00265324,(주)씨제이이엔엠,2016,CFS,2753593503931.0,1390704879495.0,1362888624436.0,225566535141.0,708344578781.0,62168236753.0,2208596188143.0,178880156479.0,32583105673.0,416058713234.0,성공,확정,False,0.0,98273988000.0,CFS,False,0.08191715110417848,0.2678490478109289,True,사용가능
00265324,(주)씨제이이엔엠,2017,CFS,2801818454439.0,1317714354251.0,1484104100188.0,950308850066.0,,76441756514.0,2260006796348.0,224481550757.0,143441965513.0,,성공,확정,False,0.0,78885070000.0,CFS,False,0.33917574086943386,0.2678490478109289,True,사용가능
00265324,(주)씨제이이엔엠,2018,CFS,6754948264541.0,3329299954479.0,3425648310062.0,1826952100677.0,,94249010732.0,3426817049096.0,251016488622.0,184218974433.0,,성공,확정,False,42029594000.0,346172667000.0,CFS,False,0.2704613017197019,0.2678490478109289,True,사용가능
00265324,(주)씨제이이엔엠,2019,CFS,5434907587861.0,2283014093463.0,3151893494398.0,1037887243746.0,,120547198705.0,3789723949697.0,269385174265.0,58615849418.0,743378557941.0,성공,확정,False,158516031000.0,542234473000.0,CFS,False,0.19096686134353907,0.2678490478109289,True,사용가능
00265324,(주)씨제이이엔엠,2020,CFS,6279917456928.0,2494738813674.0,3785178643254.0,1072075322205.0,,58602426164.0,3391184002869.0,272067865192.0,65629506717.0,566412764825.0,성공,확정,False,53845675000.0,433189333000.0,CFS,False,0.17071487476675148,0.2678490478109289,True,사용가능
00265324,(주)씨제이이엔엠,2021,CFS,7940624818521.0,3737319022978.0,4203305795543.0,1321883482916.0,,85414660028.0,3552396542302.0,296876105378.0,227562448542.0,782218621248.0,성공,확정,False,49602756000.0,452068575000.0,CFS,False,0.1664709658404703,0.2678490478109289,True,사용가능
00265324,(주)씨제이이엔엠,2022,CFS,10332246645583.0,5987918870682.0,4344327774901.0,2768359639821.0,,97176006281.0,4792237788876.0,137375904912.0,-176815032777.0,1650761469423.0,성공,확정,False,117879852000.0,1219841378000.0,CFS,False,0.26793394842199825,0.2678490478109289,True,사용가능
00265324,(주)씨제이이엔엠,2023,CFS,9949859715419.0,5772095217523.0,4177764497896.0,2856928686941.0,,115975579202.0,4368360656512.0,-14600377588.0,-396774722680.0,1296047106262.0,성공,확정,False,186542009000.0,899110917000.0,CFS,False,0.2871325595187742,0.2678490478109289,True,사용가능
00265324,(주)씨제이이엔엠,2024,CFS,9316636930911.0,5638566211854.0,3678070719057.0,2663714667920.0,,136995831794.0,5231360073502.0,104478244497.0,-580847429608.0,1402576859379.0,성공,확정,False,57801336000.0,1520744421000.0,CFS,False,0.28590946364800934,0.2678490478109289,True,사용가능
00265324,(주)씨제이이엔엠,2025,CFS,8666766089199.0,5220924631396.0,3445841457803.0,2321385044592.0,,142889383631.0,5134511101925.0,132887741945.0,17013682266.0,1166374650640.0,성공,확정,False,52696484000.0,1171757818000.0,CFS,False,0.2678490478109289,0.2678490478109289,True,사용가능
00280688,스튜디오에스(주),2015,CFS,223891016059.0,67539172043.0,156351844016.0,1995031622.0,,,215442747461.0,11282616631.0,6073138665.0,-8050437522.0,성공,보통,False,0.0,,,False,0.008910726554004593,0.004817529978715536,False,적용대상아님
00280688,스튜디오에스(주),2016,CFS,239635540799.0,83750477208.0,155885063591.0,1504131387.0,,,257673244164.0,14307966209.0,3120400262.0,24799324128.0,성공,보통,False,0.0,,CFS,False,0.006276745853243972,0.004817529978715536,False,적용대상아님
00280688,스튜디오에스(주),2017,CFS,211510720726.0,63133700478.0,148377020248.0,1224023957.0,,,197964757625.0,134745482.0,-6068056236.0,,성공,보통,False,0.0,,CFS,False,0.005787053974373492,0.004817529978715536,False,적용대상아님
00280688,스튜디오에스(주),2018,CFS,212504968804.0,56408949226.0,156096019578.0,1338439630.0,,,159763050612.0,3223754129.0,8253857881.0,4109311626.0,성공,보통,False,0.0,,CFS,False,0.00629839216246508,0.004817529978715536,False,적용대상아님
00280688,스튜디오에스(주),2019,CFS,197100484106.0,41843188279.0,155257295827.0,949537491.0,,,162067187046.0,1924267179.0,554786328.0,-32141012929.0,성공,보통,False,0.0,,CFS,False,0.004817529978715536,0.004817529978715536,False,적용대상아님
00280688,스튜디오에스(주),2020,CFS,195284638326.0,42839759959.0,152444878367.0,884714095.0,,,153707357447.0,7236537047.0,7846001876.0,-1790529624.0,성공,보통,False,0.0,,CFS,False,0.004530382433476899,0.004817529978715536,False,적용대상아님
00280688,스튜디오에스(주),2021,CFS,219553306990.0,52266228187.0,167287078803.0,841283523.0,,,180350966371.0,11070548397.0,14858477937.0,33249992827.0,성공,보통,False,0.0,,CFS,False,0.0038317961798604015,0.004817529978715536,False,적용대상아님
00280688,스튜디오에스(주),2022,CFS,248375921541.0,72765479775.0,175610441766.0,825537100.0,,,197640357676.0,12086916454.0,9622516573.0,-26109297950.0,성공,보통,False,0.0,,CFS,False,0.0033237404611450093,0.004817529978715536,False,적용대상아님
00280688,스튜디오에스(주),2023,CFS,228438816018.0,49767365757.0,178671450261.0,809291666.0,,,223687817836.0,5307228926.0,3688643469.0,6914340989.0,성공,보통,False,0.0,,CFS,False,0.003542706445896792,0.004817529978715536,False,적용대상아님
00299464,(주)초록뱀미디어,2015,CFS,114401923981.0,50234792995.0,64167130986.0,38008361235.0,,,24842314115.0,-2340149395.0,-614222942.0,-2164749140.0,실패,,,,,,False,0.3322353323473167,0.15771842098523434,True,주석대사실패
00299464,(주)초록뱀미디어,2016,CFS,124196883638.0,51939451929.0,72257431709.0,31451779692.0,,,105907923197.0,7727761790.0,4883169385.0,6732767116.0,실패,,,,,CFS,False,0.2532412953586931,0.15771842098523434,True,주석대사실패
00299464,(주)초록뱀미디어,2017,CFS,111076858296.0,29174935234.0,81901923062.0,26174579064.0,,57366124.0,58844075344.0,99109756.0,-13339849294.0,646502358.0,실패,,,,,CFS,False,0.23564385476450386,0.15771842098523434,True,주석대사실패
00299464,(주)초록뱀미디어,2018,CFS,169114745459.0,78013738964.0,91101006495.0,13540935515.0,,0.0,63870939172.0,1283232000.0,-15458346751.0,-21533418734.0,실패,,,,,CFS,False,0.08006951421207,0.15771842098523434,True,주석대사실패
00299464,(주)초록뱀미디어,2019,CFS,186524565455.0,80231139399.0,106293426056.0,17556182481.0,,0.0,48519671414.0,1401877923.0,8243681572.0,11529334818.0,실패,,,,,CFS,False,0.09412262903909843,0.15771842098523434,True,주석대사실패
00299464,(주)초록뱀미디어,2020,CFS,299149252279.0,165723694762.0,133425557517.0,35262769342.0,,328403879.0,46740870594.0,-8594848751.0,-33784379463.0,783892516.0,실패,,,,,CFS,False,0.11787684265749847,0.15771842098523434,True,주석대사실패
00299464,(주)초록뱀미디어,2021,CFS,546441183313.0,176202755244.0,370238428069.0,84283757920.0,,20185484297.0,149110041457.0,4190456683.0,-24978479922.0,4572848718.0,실패,,,,,CFS,False,0.15424122576010618,0.15771842098523434,True,주석대사실패
00299464,(주)초록뱀미디어,2022,CFS,481910360370.0,158798163068.0,323112197302.0,77681837498.0,,33167320168.0,192542189138.0,5588111600.0,-50506937298.0,6450073825.0,실패,,,,,CFS,False,0.1611956162103625,0.15771842098523434,True,주석대사실패
00299464,(주)초록뱀미디어,2023,CFS,465775106388.0,123230325680.0,342544780708.0,66552806681.0,,33426865523.0,241315820444.0,-297207783.0,-90043121382.0,49630716562.0,실패,,,,,CFS,False,0.14288613918658027,0.15771842098523434,True,주석대사실패
00299464,(주)초록뱀미디어,2024,CFS,359910100530.0,74154398989.0,285755701541.0,68808454312.0,,1893054025.0,210272629603.0,-15381767378.0,45764736527.0,54312550457.0,실패,,,,,CFS,False,0.19118233750782032,0.15771842098523434,True,주석대사실패
00299464,,2025,,,,,,,,,,,,실패,,,,,CFS,False,,0.15771842098523434,True,본문없음
00301112,(주)삼화네트웍스,2015,CFS,35922983576.0,3723185080.0,32199798496.0,4225276600.0,,,19754541648.0,-2553615680.0,-2133301766.0,-297240054.0,성공,확정,False,14507920.0,,,False,0.11762042512590436,0.01169638647248279,True,사용가능
00301112,(주)삼화네트웍스,2016,CFS,44917657813.0,5653568354.0,39264089459.0,1118531960.0,,,45701998356.0,7017526329.0,7669221308.0,14257192617.0,성공,확정,False,0.0,,CFS,False,0.024901831806472246,0.01169638647248279,True,사용가능
00301112,(주)삼화네트웍스,2017,CFS,44058837941.0,5422412339.0,38636425602.0,635708031.0,,,21001396882.0,-178462998.0,708953936.0,4255709036.0,성공,확정,False,0.0,,CFS,False,0.014428615476678897,0.01169638647248279,True,사용가능
00301112,(주)삼화네트웍스,2018,CFS,54810390737.0,20296407504.0,34513983233.0,4512199862.0,,,12559042727.0,-3752501480.0,-3069686568.0,-5138514721.0,성공,확정,False,0.0,,CFS,False,0.08232380395993089,0.01169638647248279,True,사용가능
00301112,(주)삼화네트웍스,2019,CFS,43303787276.0,8391494313.0,34912292963.0,9944210883.0,,,54197930136.0,173531136.0,720921869.0,6551700516.0,성공,확정,False,0.0,,CFS,False,0.22963836441417493,0.01169638647248279,True,사용가능
00301112,(주)삼화네트웍스,2020,CFS,37985059200.0,5768572653.0,32216486547.0,335543800.0,,,29296600231.0,-206716896.0,-959546106.0,1680388197.0,성공,확정,False,0.0,,CFS,False,0.008833573175002449,0.01169638647248279,True,사용가능
00301112,(주)삼화네트웍스,2021,CFS,80786121395.0,36685614367.0,44100507028.0,335543800.0,,,32924849512.0,6750170051.0,6408964000.0,-3454101876.0,성공,보통,False,0.0,,CFS,False,0.004153483224666452,0.01169638647248279,True,사용가능
00301112,(주)삼화네트웍스,2022,CFS,83269191267.0,25393695700.0,57875495567.0,733152900.0,,,82311425331.0,10766774371.0,13848283220.0,8023723147.0,실패,,,,,CFS,False,0.008804611751892349,0.01169638647248279,True,주석대사실패
00301112,(주)삼화네트웍스,2023,CFS,83504079945.0,27208931846.0,56295148099.0,733152900.0,,,62368852039.0,-1822762592.0,-1241295451.0,15449306957.0,실패,,,,,CFS,False,0.008779845254062934,0.01169638647248279,True,주석대사실패
00301112,(주)삼화네트웍스,2024,CFS,68092560200.0,9640994792.0,58451565408.0,796436900.0,,,46719353180.0,671031251.0,1864664671.0,6646437506.0,실패,,,,,CFS,False,0.01169638647248279,0.01169638647248279,True,주석대사실패
00301112,(주)삼화네트웍스,2025,CFS,68136791825.0,9192035048.0,58944756777.0,796436900.0,,,37266321862.0,-1547996543.0,-872142430.0,-1185746283.0,실패,,,,,CFS,False,0.01168879365564406,0.01169638647248279,True,주석대사실패
00303794,(주)쇼박스,2015,CFS,215777685987.0,99672724882.0,116104961105.0,115690002.0,,,142003138277.0,14059517633.0,11469705171.0,86949675617.0,성공,확정,False,0.0,75193958000.0,,False,0.0005361536873973614,0.020514899895474902,True,사용가능
00303794,(주)쇼박스,2016,CFS,197190687332.0,70967595581.0,126223091751.0,846511152.0,,,125931981048.0,15295422410.0,13371305470.0,-5955781143.0,성공,확정,False,0.0,50270155000.0,CFS,False,0.004292855628495133,0.020514899895474902,True,사용가능
00303794,(주)쇼박스,2017,CFS,203267261164.0,64344875794.0,138922385370.0,2073984332.0,,,102706677987.0,10397090276.0,15845912880.0,2544201294.0,성공,확정,False,0.0,57782787000.0,CFS,False,0.010203238436546202,0.020514899895474902,True,사용가능
00303794,(주)쇼박스,2018,CFS,179732880599.0,39022361626.0,140710518973.0,17112551056.0,,,68510507817.0,5242482865.0,4352362751.0,-51873103959.0,성공,확정,False,0.0,39906015000.0,CFS,False,0.0952110209271036,0.020514899895474902,True,사용가능
00303794,(주)쇼박스,2019,CFS,165251339625.0,24591014103.0,140660325522.0,3390114690.0,,,78650190860.0,1942203853.0,3259344790.0,-149056027.0,성공,확정,False,0.0,59874944000.0,CFS,False,0.020514899895474902,0.020514899895474902,True,사용가능
00303794,(주)쇼박스,2020,CFS,150454358713.0,15921927137.0,134532431576.0,2721531871.0,,,46799889150.0,-1951898944.0,-2628585769.0,-34401559790.0,성공,확정,False,0.0,30399281000.0,CFS,False,0.018088753920326578,0.020514899895474902,True,사용가능
00303794,(주)쇼박스,2021,CFS,160149635328.0,23002731439.0,137146903889.0,2317087392.0,,,50933935065.0,1924376679.0,2248106076.0,25526016812.0,성공,확정,False,0.0,19268441000.0,CFS,False,0.014468265177466117,0.020514899895474902,True,사용가능
00303794,(주)쇼박스,2022,CFS,163178730062.0,28013934454.0,135164795608.0,4823689789.0,,,56684307302.0,-3194257528.0,-2124882555.0,-21270501155.0,성공,확정,False,1264000.0,42243536000.0,CFS,False,0.029560775397426072,0.020514899895474902,True,사용가능
00303794,(주)쇼박스,2023,CFS,132069649608.0,27148662661.0,104920986947.0,10603149876.0,,,40170208807.0,-28295165725.0,-30299585774.0,17252401061.0,성공,확정,False,5938622000.0,45820571000.0,CFS,False,0.08028453098400379,0.020514899895474902,True,사용가능
00303794,(주)쇼박스,2024,CFS,154046787722.0,21850146248.0,132196641474.0,11057125373.0,,,93117572900.0,24524420126.0,27428352196.0,29319553189.0,성공,보통,False,1412928000.0,30877229000.0,CFS,False,0.07177770816587363,0.020514899895474902,True,사용가능
00303794,(주)쇼박스,2025,CFS,132897072384.0,25446861840.0,107450210544.0,3244469432.0,,,62748042504.0,-11651067244.0,-15048131103.0,-19330361439.0,성공,확정,False,4222908000.0,20525318000.0,CFS,False,0.024413400339062807,0.020514899895474902,True,사용가능
00303873,씨제이씨지브이(주),2015,CFS,1417577426757.0,972407246956.0,445170179801.0,114546732478.0,,13587028385.0,1193516367213.0,66899399021.0,52199238517.0,151672649998.0,성공,확정,False,0.0,31324703000.0,,False,0.08080456863654299,0.08080456863654299,True,사용가능
00303873,씨제이씨지브이(주),2016,CFS,2541773013510.0,1621292084258.0,920480929252.0,892703484350.0,,16812064453.0,1432245446647.0,70336754221.0,5621660284.0,187811328056.0,성공,확정,False,0.0,30729379000.0,CFS,False,0.3512129051670285,0.08080456863654299,True,사용가능
00303873,씨제이씨지브이(주),2017,CFS,2460100845901.0,1682438284658.0,777662561243.0,727736094592.0,,17886274593.0,1714387173382.0,86242893480.0,10036368802.0,194342876963.0,성공,확정,False,6052000.0,38430444000.0,CFS,False,0.2958155539861498,0.08080456863654299,True,사용가능
00303873,씨제이씨지브이(주),2018,CFS,2234185992506.0,1683905312410.0,550280680096.0,460163901355.0,,18772487500.0,1769356467477.0,77706738825.0,-188541087052.0,108733820274.0,성공,확정,False,0.0,20802706000.0,CFS,False,0.20596490305574422,0.08080456863654299,True,사용가능
00303873,씨제이씨지브이(주),2019,CFS,4524046865181.0,3922936967719.0,601109897462.0,336280868943.0,,21571387028.0,1942279329129.0,121975391246.0,-239075347803.0,283339456559.0,성공,확정,False,0.0,42240305000.0,CFS,False,0.07433187121273244,0.08080456863654299,True,사용가능
00303873,씨제이씨지브이(주),2020,CFS,4354856895866.0,4066971784892.0,287885110974.0,241051823494.0,,16205558012.0,583443792479.0,-388660290864.0,-751648434193.0,-268443869621.0,성공,확정,False,23023000.0,22801312000.0,CFS,False,0.0553524097939537,0.08080456863654299,True,사용가능
00303873,씨제이씨지브이(주),2021,CFS,3785492375609.0,3484207008067.0,301285367542.0,178290445823.0,,12767617752.0,736315366659.0,-241445734017.0,-338788006843.0,-171876627587.0,성공,확정,False,9049000.0,12904674000.0,CFS,False,0.04709835026264374,0.08080456863654299,True,사용가능
00303873,씨제이씨지브이(주),2022,CFS,3601468386488.0,3208379045793.0,393089340695.0,167726522496.0,,17027414291.0,1281306043785.0,-76765794985.0,-214507519598.0,107641702022.0,성공,확정,False,2783000.0,14411165000.0,CFS,False,0.04657170478721315,0.08080456863654299,True,사용가능
00303873,씨제이씨지브이(주),2023,CFS,3194214710432.0,2932973509969.0,261241200463.0,203424638546.0,,18966978727.0,1545839243146.0,49065796701.0,-123353396404.0,180112447168.0,성공,확정,False,916000.0,12730008000.0,CFS,False,0.06368533645582264,0.08080456863654299,True,사용가능
00303873,씨제이씨지브이(주),2024,CFS,3997014314732.0,3420269607130.0,576744707602.0,576099666331.0,,21298947687.0,1957884214182.0,75933768898.0,-175469437302.0,190770411042.0,성공,확정,False,98000.0,20345498000.0,CFS,False,0.14413250015333695,0.08080456863654299,True,사용가능
00303873,씨제이씨지브이(주),2025,CFS,4122622000546.0,3472281571266.0,650340429280.0,534894515126.0,,21378065104.0,2275369359771.0,96217499551.0,-143369293871.0,214869995007.0,성공,확정,False,50815784000.0,24773102000.0,CFS,False,0.12974619430429435,0.08080456863654299,True,사용가능
00347877,(주)세영디앤씨,2015,OFS,20107489507.0,13818809726.0,6288679781.0,6125897092.0,,10784896.0,3181551826.0,-10239279647.0,-17710051338.0,-6498066160.0,성공,확정,False,921182000.0,3399273000.0,,False,0.304657480480962,0.012583610469997376,True,사용가능
00347877,(주)세영디앤씨,2016,CFS,36908240894.0,20095422401.0,16812818493.0,8181036106.0,,0.0,3016993670.0,-8837871673.0,-7189282879.0,-4896861597.0,성공,확정,False,361154000.0,3327280000.0,OFS,True,0.22165879239533068,0.012583610469997376,True,사용가능
00347877,(주)세영디앤씨,2017,CFS,31112426112.0,17849243865.0,13263182247.0,7060025584.0,,0.0,11649228667.0,-305790647.0,-23260279158.0,-2925754288.0,성공,보통,False,1130218000.0,363396000.0,CFS,False,0.2269198023511565,0.012583610469997376,True,사용가능
00347877,(주)세영디앤씨,2018,CFS,79158930152.0,43481706637.0,35677223515.0,16882333566.0,,101246191.0,19367172485.0,-8059101105.0,-15805015567.0,-8555384042.0,성공,확정,False,3256878000.0,647593000.0,CFS,False,0.21327137107061392,0.012583610469997376,True,사용가능
00347877,(주)세영디앤씨,2019,CFS,37402436300.0,2614266994.0,34788169306.0,724159933.0,,9005518.0,2662330571.0,-9148935237.0,-25340928598.0,-4563088720.0,성공,확정,False,0.0,356186000.0,CFS,False,0.01936130382501313,0.012583610469997376,True,사용가능
00347877,(주)세영디앤씨,2020,CFS,30549637953.0,3810654067.0,26738983886.0,384424744.0,,7055602.0,888078398.0,-4706521234.0,-8775557188.0,-4827952001.0,성공,확정,False,0.0,339736000.0,CFS,False,0.012583610469997376,0.012583610469997376,True,사용가능
00347877,(주)세영디앤씨,2021,CFS,5151321434.0,2658304023.0,2493017411.0,0.0,,0.0,386726283.0,-858828966.0,-26650310117.0,-1582391805.0,실패,,,,,CFS,False,0.0,0.012583610469997376,True,주석대사실패
00347877,(주)세영디앤씨,2022,CFS,3698098690.0,1747970632.0,1950128058.0,2606580.0,,0.0,114785226.0,-722102042.0,-541889353.0,-347082827.0,성공,보통,False,0.0,290000.0,CFS,False,0.0007048432771814426,0.012583610469997376,True,사용가능
00347877,(주)세영디앤씨,2023,CFS,3280355428.0,1508322763.0,1772032665.0,2027340.0,,0.0,327272727.0,-266849267.0,-295348650.0,168112104.0,성공,확정,False,0.0,579000.0,CFS,False,0.0006180244929239418,0.012583610469997376,True,사용가능
00347877,(주)세영디앤씨,2024,CFS,3083150608.0,1511441307.0,1571709301.0,1448100.0,,,0.0,-226689948.0,-200323364.0,-214436905.0,성공,확정,False,0.0,579000.0,CFS,False,0.00046968188846906953,0.012583610469997376,True,사용가능
00347877,(주)세영디앤씨,2025,CFS,2164144648.0,1526192347.0,637952301.0,868860.0,,,0.0,-217449304.0,-284704143.0,-306518279.0,성공,확정,False,0.0,579000.0,CFS,False,0.00040147963344453857,0.012583610469997376,True,사용가능
00349097,(주)케이티스카이라이프,2015,CFS,711294112570.0,217850325351.0,493443787219.0,64332334467.0,,2559795361.0,660956583374.0,99601795061.0,72986739961.0,157762636660.0,성공,확정,False,1033156000.0,21166168000.0,,False,0.09044406994254281,0.09044406994254281,True,사용가능
00349097,(주)케이티스카이라이프,2016,CFS,777948019150.0,231452006180.0,546496012970.0,64710043129.0,,1481228175.0,665053007449.0,80637464285.0,68863322695.0,155398874244.0,성공,확정,False,0.0,18588417000.0,CFS,False,0.08318042020301479,0.09044406994254281,True,사용가능
00349097,(주)케이티스카이라이프,2017,CFS,792893053830.0,210550141663.0,582342912167.0,69587103007.0,,4086652370.0,685821509172.0,75372599401.0,57314012635.0,99269319775.0,성공,확정,False,557504000.0,19928300000.0,CFS,False,0.08776354222157154,0.09044406994254281,True,사용가능
00349097,(주)케이티스카이라이프,2018,CFS,816001169633.0,149840554044.0,666160615589.0,61172824468.0,,7498211300.0,690820835670.0,66734988575.0,52010216054.0,183474568331.0,성공,확정,False,2282562000.0,20603159000.0,CFS,False,0.07496658919681787,0.09044406994254281,True,사용가능
00349097,(주)케이티스카이라이프,2019,CFS,848276023038.0,142838692816.0,705437330222.0,60980518794.0,,2619783396.0,694637002537.0,69357292753.0,56007736739.0,152548955427.0,성공,확정,False,0.0,22373900000.0,CFS,False,0.07188758981493489,0.09044406994254281,True,사용가능
00349097,(주)케이티스카이라이프,2020,CFS,919475827664.0,175038681560.0,744437146104.0,64290257363.0,,2187264001.0,698715355151.0,73845539233.0,58190149540.0,160179034723.0,성공,확정,False,0.0,20069550000.0,CFS,False,0.06992055193700351,0.09044406994254281,True,사용가능
00349097,(주)케이티스카이라이프,2021,CFS,1275644844175.0,469693812741.0,805951031434.0,453572403832.0,,2772781666.0,763222599361.0,73018655032.0,62308920273.0,102947299943.0,성공,확정,False,0.0,27162027000.0,CFS,False,0.35556323211993984,0.09044406994254281,True,사용가능
00349097,(주)케이티스카이라이프,2022,CFS,1361298311421.0,503764190486.0,857534120935.0,489822787164.0,,5523928855.0,1034236194565.0,63195741120.0,23085655455.0,176406899582.0,성공,확정,False,25884000000.0,51189103000.0,CFS,False,0.3598203149555775,0.09044406994254281,True,사용가능
00349097,(주)케이티스카이라이프,2023,CFS,1215697591061.0,478564857967.0,737132733094.0,384813967527.0,,1837922038.0,1025595274656.0,14067496354.0,-113745084092.0,207207643441.0,성공,확정,False,113334250000.0,107479733000.0,CFS,False,0.3165375750980584,0.09044406994254281,True,사용가능
00349097,(주)케이티스카이라이프,2024,CFS,1040240740660.0,463595564711.0,576645175949.0,204572487047.0,,1022828040.0,1022927312705.0,-1075800064.0,-156078783566.0,162278450400.0,성공,확정,False,140022455000.0,115917151000.0,CFS,False,0.19665879161510746,0.09044406994254281,True,사용가능
00349097,(주)케이티스카이라이프,2025,CFS,976329059340.0,413080111532.0,563248947808.0,174019148474.0,,955524631.0,984216356687.0,22980467279.0,1466653903.0,99935332947.0,성공,확정,False,972280000.0,85271960000.0,CFS,False,0.17823821467696271,0.09044406994254281,True,사용가능
00353762,(주)키이스트,2015,CFS,96163223935.0,24577771814.0,71585452121.0,15547615911.0,13041909554.0,65349916.0,106170756645.0,7601565664.0,6035138428.0,12858854501.0,성공,보통,False,0.0,,,False,0.1616794370528713,0.007435022701654343,True,사용가능
00353762,(주)키이스트,2016,CFS,110688140511.0,28851650493.0,81836490018.0,22283745751.0,9157549843.0,39758313.0,93247806957.0,-313869072.0,-6883672471.0,9254325930.0,성공,보통,False,0.0,,CFS,False,0.201320084049885,0.007435022701654343,True,사용가능
00353762,(주)키이스트,2017,CFS,106329812972.0,27801955196.0,78527857776.0,19929780219.0,9157549843.0,11718555.0,106170052905.0,983966193.0,162441261.0,34507708276.0,실패,,,,,CFS,False,0.1874336055142704,0.007435022701654343,True,주석대사실패
00353762,(주)키이스트,2018,CFS,102570664092.0,25751705326.0,76818958766.0,27597374922.0,4898838377.0,197597893.0,103736089680.0,-2413550251.0,-8432346599.0,21417657638.0,성공,보통,False,0.0,,CFS,False,0.2690571925833174,0.007435022701654343,True,사용가능
00353762,(주)키이스트,2019,CFS,108361217981.0,40347362673.0,68013855308.0,32714136875.0,,26365070.0,100245744378.0,-1524809510.0,-10713545959.0,23313284853.0,성공,확정,False,4440185000.0,25878088000.0,CFS,False,0.30189894027156544,0.007435022701654343,True,사용가능
00353762,(주)키이스트,2020,CFS,70068611656.0,28442806596.0,41625805060.0,54176542.0,,0.0,48110630557.0,1667575885.0,8738171503.0,6307235234.0,성공,확정,False,472820000.0,14815483000.0,CFS,False,0.0007731927423648453,0.007435022701654343,True,사용가능
00353762,(주)키이스트,2021,CFS,63568013149.0,17919908912.0,45648104237.0,120967406.0,,0.0,46525413577.0,1015064003.0,-236417931.0,7494469856.0,성공,확정,False,0.0,57076000.0,CFS,False,0.001902960309872497,0.007435022701654343,True,사용가능
00353762,(주)키이스트,2022,OFS,85623370734.0,26550396417.0,59072974317.0,349412096.0,,,62044179229.0,-2403490312.0,-1666743650.0,9927967758.0,성공,확정,False,0.0,69146000.0,CFS,True,0.004080802857966122,0.007435022701654343,True,사용가능
00353762,(주)키이스트,2023,OFS,83152932599.0,24552156363.0,58600776236.0,337472949.0,,,52023895531.0,-1475031245.0,-5389544597.0,-3235183093.0,성공,확정,False,0.0,81939000.0,OFS,False,0.004058461180526764,0.007435022701654343,True,사용가능
00353762,(주)키이스트,2024,OFS,71448697174.0,29395792643.0,42052904531.0,259525192.0,,,75844854928.0,654372103.0,-10977869999.0,2434143989.0,성공,확정,False,0.0,77948000.0,OFS,False,0.0036323292413292674,0.007435022701654343,True,사용가능
00353762,(주)키이스트,2025,OFS,58354521218.0,19163918281.0,39190602937.0,433867190.0,,,15701782037.0,-3940417878.0,-2636286278.0,-6799466579.0,성공,확정,False,0.0,82925000.0,OFS,False,0.007435022701654343,0.007435022701654343,True,사용가능
00359474,(주)제이웨이,2015,CFS,8904595054.0,1800789753.0,7103805301.0,1728056880.0,,0.0,13815789138.0,537355445.0,156582565.0,2605384966.0,성공,확정,False,253003000.0,1687650000.0,,False,0.19406349974598183,0.13236671388194599,True,사용가능
00359474,(주)제이웨이,2016,CFS,10418151072.0,1253930643.0,9164220429.0,1213441164.0,,17600000.0,7477631226.0,-1047982517.0,-1623940743.0,1386423387.0,성공,확정,False,400000000.0,1559732000.0,CFS,False,0.1164737538948984,0.13236671388194599,True,사용가능
00359474,(주)제이웨이,2017,CFS,7887930908.0,1186292535.0,6701638373.0,1005706397.0,,198000000.0,6935808936.0,-2449985038.0,-4122699418.0,-1533104410.0,실패,,,,,CFS,False,0.1274993922652143,0.13236671388194599,True,주석대사실패
00359474,(주)제이웨이,2018,CFS,21496506500.0,11128116052.0,10368390448.0,5186305958.0,,693135327.0,13099805999.0,-1450828218.0,-3018697887.0,-1686452388.0,성공,보통,False,612442000.0,1514441000.0,CFS,False,0.2412627353193413,0.13236671388194599,True,사용가능
00359474,(주)제이웨이,2019,CFS,21075399394.0,8287974406.0,12787424988.0,3363352007.0,,604826277.0,11406518008.0,-1247158934.0,-3039307511.0,1018158431.0,성공,확정,False,0.0,1401415000.0,CFS,False,0.1595866319837108,0.13236671388194599,True,사용가능
00359474,(주)제이웨이,2020,CFS,17552968542.0,11783079073.0,5769889469.0,2408864708.0,,3584639750.0,11051473777.0,-7611689204.0,-16805565410.0,-4059977490.0,성공,확정,False,5345879000.0,975595000.0,CFS,False,0.13723403549867766,0.13236671388194599,True,사용가능
00359474,(주)제이웨이,2021,CFS,3017670925.0,6366364818.0,-3348693893.0,225389000.0,,425644979.0,4975972330.0,-3811863516.0,-9429823840.0,-2187009625.0,성공,확정,False,566839000.0,49463000.0,CFS,False,0.07468972117958819,0.13236671388194599,True,사용가능
00359474,(주)제이웨이,2022,OFS,1104641719.0,5985718666.0,-4881076947.0,22000.0,,0.0,1390105992.0,-1468266254.0,-1256144325.0,-658471181.0,성공,확정,False,0.0,379000.0,CFS,True,1.9915959737530064e-05,0.13236671388194599,True,사용가능
00364467,(주)드림어스컴퍼니,2015,CFS,60433973516.0,12377051748.0,48056921768.0,5102906583.0,,16206224602.0,55637376029.0,302396995.0,635014720.0,-6893895398.0,성공,확정,False,0.0,1612000000.0,,False,0.08443771418817922,0.08443771418817922,True,사용가능
00364467,(주)드림어스컴퍼니,2016,CFS,50075192360.0,11940563863.0,38134628497.0,4607322551.0,,16244466829.0,52327952517.0,-9442255959.0,-9986956689.0,4124497080.0,성공,확정,False,410018000.0,2315142000.0,CFS,False,0.09200808491911702,0.08443771418817922,True,사용가능
00364467,(주)드림어스컴퍼니,2017,CFS,130877587748.0,17203966057.0,113673621691.0,52843411928.0,,14931855752.0,69451992770.0,-7958490183.0,-14092021202.0,-7552531769.0,성공,확정,False,1298853000.0,2533595000.0,CFS,False,0.4037621172369715,0.08443771418817922,True,사용가능
00364467,(주)드림어스컴퍼니,2018,CFS,204478522045.0,44619710716.0,159858811329.0,49430124489.0,,16457154007.0,137849260234.0,-3118023689.0,-21314253571.0,13641616776.0,성공,확정,False,18961997000.0,6624198000.0,CFS,False,0.24173748907536516,0.08443771418817922,True,사용가능
00364467,(주)드림어스컴퍼니,2019,CFS,171585554854.0,53668515015.0,117917039839.0,26598624855.0,,7130214686.0,196961162684.0,-26743471135.0,-48005522146.0,-1387694872.0,성공,확정,False,21824682000.0,7923879000.0,CFS,False,0.15501669052288486,0.08443771418817922,True,사용가능
00364467,(주)드림어스컴퍼니,2020,CFS,172443439357.0,76642040389.0,95801398968.0,16860524553.0,,4636197058.0,226329072223.0,-11888921989.0,-23067872601.0,15223219402.0,성공,확정,False,5548640000.0,6564080000.0,CFS,False,0.09777423029759108,0.08443771418817922,True,사용가능
00364467,(주)드림어스컴퍼니,2021,CFS,254904569179.0,175265354702.0,79639214477.0,15767310137.0,,7658442824.0,244189264502.0,4848508839.0,-16103093025.0,2393118644.0,성공,확정,False,585423000.0,3872968000.0,CFS,False,0.0618557375718433,0.08443771418817922,True,사용가능
00364467,(주)드림어스컴퍼니,2022,CFS,271847458583.0,104063881260.0,167783577323.0,13278535066.0,,13483141248.0,274372337086.0,-8667349352.0,27270183922.0,21438232056.0,성공,확정,False,1202041000.0,3868771000.0,CFS,False,0.04884553688754026,0.08443771418817922,True,사용가능
00364467,(주)드림어스컴퍼니,2023,CFS,236448698787.0,71571467930.0,164877230857.0,11711248311.0,,20287888173.0,270330896112.0,-3493557752.0,-2901527269.0,-26350233867.0,성공,확정,False,849711000.0,2364748000.0,CFS,False,0.049529764262098305,0.08443771418817922,True,사용가능
00364467,(주)드림어스컴퍼니,2024,CFS,247300675294.0,100603886390.0,146696788904.0,8635686846.0,,7982555162.0,225062659788.0,-3154088947.0,-17773265429.0,31955177639.0,성공,확정,False,1097593000.0,2493312000.0,CFS,False,0.034919786756480074,0.08443771418817922,True,사용가능
00364467,(주)드림어스컴퍼니,2025,CFS,222693228320.0,78810681898.0,143882546422.0,3188293813.0,,8155286654.0,224997032269.0,593044495.0,2601411618.0,-16533903119.0,성공,확정,False,5241444000.0,993883000.0,CFS,False,0.01431697693303259,0.08443771418817922,True,사용가능
00364795,(주)레드로버,2015,CFS,118158442676.0,17550264329.0,100608178347.0,2430261727.0,,10289038008.0,38580775834.0,-2565162134.0,-8949073520.0,-2427524659.0,성공,확정,False,1153788237.0,534535172.0,,False,0.02056782124036599,0.01346555160948845,True,사용가능
00364795,(주)레드로버,2016,CFS,165024991359.0,20259024809.0,144765966550.0,2222152538.0,,8676905620.0,41898015457.0,1859711735.0,709285989.0,-13391220709.0,성공,확정,False,0.0,730693992.0,CFS,False,0.01346555160948845,0.01346555160948845,True,사용가능
00364795,(주)레드로버,2017,CFS,163349499556.0,19621520704.0,143727978852.0,1540799327.0,,8552358481.0,35653275963.0,-3997337158.0,-10607048529.0,-22177913427.0,성공,확정,False,0.0,743532065.0,CFS,False,0.00943253166485385,0.01346555160948845,True,사용가능
00364795,(주)레드로버,2018,CFS,113883154084.0,12524474527.0,101358679557.0,530560026.0,,162697832.0,12275976021.0,-24026184151.0,-49940729047.0,,성공,확정,False,561012451.0,557911850.0,CFS,False,0.0046588104295799525,0.01346555160948845,True,사용가능
00364795,(주)레드로버,2019,CFS,28775239849.0,22251847696.0,6523392153.0,330565461.0,,100039430.0,12084598483.0,-41340698023.0,-93252770775.0,-4707406530.0,성공,확정,False,0.0,199994565.0,CFS,False,0.011487843810674192,0.01346555160948845,True,사용가능
00364795,(주)레드로버,2020,CFS,45037535983.0,21346667948.0,23690868035.0,6885266232.0,,75665321.0,14896326058.0,97696268.0,1123099043.0,-4937785481.0,성공,확정,False,128999994.0,327250146.0,CFS,False,0.15287839535890535,0.01346555160948845,True,사용가능
00364795,(주)레드로버,2021,CFS,18766709540.0,10535322683.0,8231386857.0,632661628.0,,0.0,7188188777.0,-2412831603.0,-13115331762.0,-106777537.0,성공,확정,False,0.0,241322869.0,CFS,False,0.033711910265969834,0.01346555160948845,True,사용가능
00364795,,2022,,,,,,,,,,,,실패,,,,,CFS,False,,0.01346555160948845,True,본문없음
00364795,,2023,,,,,,,,,,,,실패,,,,,,False,,0.01346555160948845,True,본문없음
00364795,,2024,,,,,,,,,,,,실패,,,,,,False,,0.01346555160948845,True,본문없음
00364795,,2025,,,,,,,,,,,,실패,,,,,,False,,0.01346555160948845,True,본문없음
00370006,(주)아이엠비씨,2015,CFS,68370450979.0,16007385748.0,52363065231.0,4124502567.0,,,64470533013.0,536470899.0,926938680.0,-5848491719.0,성공,확정,False,0.0,743379000.0,,False,0.06032580607471555,0.05240675507376116,True,사용가능
00370006,(주)아이엠비씨,2016,CFS,70835539837.0,17373686894.0,53461852943.0,5299408701.0,,,67239151156.0,1909834242.0,1774105933.0,14305335469.0,성공,확정,False,0.0,1016543000.0,CFS,False,0.07481285119298159,0.05240675507376116,True,사용가능
00370006,(주)아이엠비씨,2017,CFS,65406292579.0,13020561382.0,52385731197.0,7797409867.0,,,57402131582.0,143550023.0,-175504055.0,3222768279.0,성공,확정,False,138611000.0,2905710000.0,CFS,False,0.11921498008134335,0.05240675507376116,True,사용가능
00370006,(주)아이엠비씨,2018,CFS,62433021885.0,11176044540.0,51256977345.0,4926914356.0,,,58074993049.0,937817261.0,-1603631587.0,1241245012.0,성공,확정,False,843124000.0,3168320000.0,CFS,False,0.07891519915654968,0.05240675507376116,True,사용가능
00370006,(주)아이엠비씨,2019,CFS,66610004189.0,13173172141.0,53436832048.0,3246528179.0,,,51552466253.0,1726915616.0,2274106063.0,12774122869.0,성공,확정,False,147527000.0,1817018000.0,CFS,False,0.048739348068321135,0.05240675507376116,True,사용가능
00370006,(주)아이엠비씨,2020,CFS,69532673238.0,14237652985.0,55295020253.0,3369105769.0,,,43731791255.0,1118515098.0,1299529747.0,3394937698.0,성공,확정,False,74530000.0,669136000.0,CFS,False,0.04845356308203558,0.05240675507376116,True,사용가능
00370006,(주)아이엠비씨,2021,CFS,71723971098.0,14755604228.0,56968366870.0,3112612943.0,,,46832866825.0,2341141221.0,1343660665.0,3930934649.0,성공,확정,False,21407000.0,513157000.0,CFS,False,0.04339710832166673,0.05240675507376116,True,사용가능
00370006,(주)아이엠비씨,2022,CFS,70094091455.0,12321239163.0,57772852292.0,3673403883.0,,,47460159206.0,2558248419.0,1785803939.0,4035394195.0,성공,확정,False,92986000.0,534088000.0,CFS,False,0.05240675507376116,0.05240675507376116,True,사용가능
00370006,(주)아이엠비씨,2023,CFS,74008499100.0,13611010517.0,60397488583.0,3141160394.0,,,46303655129.0,1156866116.0,2136461793.0,-5025397711.0,성공,확정,False,517876000.0,803818000.0,CFS,False,0.042443238711754934,0.05240675507376116,True,사용가능
00370006,(주)아이엠비씨,2024,CFS,73752314930.0,10686520563.0,63065794367.0,4106466250.0,,,45442807948.0,634528436.0,2012796967.0,6690415539.0,성공,확정,False,49482000.0,1298672000.0,CFS,False,0.0556791505988326,0.05240675507376116,True,사용가능
00370006,(주)아이엠비씨,2025,CFS,67045841217.0,9670195937.0,57375645280.0,3070600998.0,,,40045648499.0,-7632134757.0,-5433678446.0,8588920328.0,성공,확정,False,156910000.0,1655775000.0,CFS,False,0.04579853041237441,0.05240675507376116,True,사용가능
00397191,(주)팬엔터테인먼트,2015,CFS,66674339319.0,29267281447.0,37407057872.0,539009166.0,,1013900000.0,20973487695.0,-4274936807.0,-7033201990.0,-4539058625.0,실패,,,,,,False,0.008084207080345228,0.012119408259811683,True,주석대사실패
00397191,(주)팬엔터테인먼트,2016,CFS,70046097632.0,29803068005.0,40243029627.0,474511921.0,,740760597.0,35328272247.0,2011129150.0,610009727.0,-3826900377.0,실패,,,,,CFS,False,0.006774280610076742,0.012119408259811683,True,주석대사실패
00397191,(주)팬엔터테인먼트,2017,CFS,80214000565.0,32869442614.0,47344557951.0,972146221.0,,513785118.0,42340810421.0,-743404553.0,-1689762865.0,1171374727.0,실패,,,,,CFS,False,0.012119408259811683,0.012119408259811683,True,주석대사실패
00397191,(주)팬엔터테인먼트,2018,CFS,66165402326.0,19710963395.0,46454438931.0,950780521.0,,2286608150.0,13212173668.0,-693203068.0,-1037627626.0,-2782965799.0,실패,,,,,CFS,False,0.014369753490131601,0.012119408259811683,True,주석대사실패
00397191,(주)팬엔터테인먼트,2019,CFS,77504362483.0,29706897805.0,47797464678.0,963922854.0,,1625227232.0,40218962787.0,1074325772.0,1133304274.0,-12961872205.0,실패,,,,,CFS,False,0.012437014164350158,0.012119408259811683,True,주석대사실패
00397191,(주)팬엔터테인먼트,2020,CFS,103115283688.0,35134674555.0,67980609133.0,1123407090.0,,2446266655.0,24728529099.0,2456070570.0,1798137535.0,9530223973.0,실패,,,,,CFS,False,0.010894670991733265,0.012119408259811683,True,주석대사실패
00397191,(주)팬엔터테인먼트,2021,OFS,111362540605.0,38706606504.0,72655934101.0,1231397589.0,,2489866811.0,30404771218.0,1493706141.0,4001012660.0,-1152710384.0,실패,,,,,CFS,True,0.011057556538403113,0.012119408259811683,True,주석대사실패
00397191,(주)팬엔터테인먼트,2022,OFS,116405629234.0,44047033500.0,72358595734.0,1291397589.0,,10295747511.0,25320813537.0,926964239.0,-622261774.0,1170004242.0,실패,,,,,OFS,False,0.011093944489608978,0.012119408259811683,True,주석대사실패
00397191,(주)팬엔터테인먼트,2023,OFS,111011561798.0,30238963684.0,80772598114.0,1530500095.0,,2982952722.0,123810641441.0,4374570966.0,7575647925.0,8706005455.0,성공,확정,True,,148806000.0,OFS,False,0.013786853100805341,0.012119408259811683,True,상각손상합산
00397191,(주)팬엔터테인먼트,2024,CFS,121133372014.0,50986182977.0,70147189037.0,18488343655.0,,7808476500.0,34688548303.0,128869846.0,-3104498821.0,9228731200.0,실패,,,,,OFS,True,0.15262799464430998,0.012119408259811683,True,주석대사실패
00397191,(주)팬엔터테인먼트,2025,CFS,118184701576.0,55978132897.0,62206568679.0,22825519805.0,,823518543.0,35178107167.0,-3472070031.0,-8127844936.0,-3366151269.0,실패,,,,,CFS,False,0.1931343016534318,0.012119408259811683,True,주석대사실패
00543204,(주)아이오케이이엔엠,2015,OFS,68751052786.0,19921695320.0,48829357466.0,10925327701.0,,,10899688026.0,1575242073.0,1638348055.0,-4077079667.0,성공,보통,False,0.0,166263000.0,,False,0.1589114240185826,0.06474276968696424,True,사용가능
00543204,(주)아이오케이이엔엠,2016,OFS,86769269670.0,7360033724.0,79409235946.0,7172697383.0,,,13482392623.0,-2192502705.0,-4774295818.0,422516543.0,성공,보통,False,3601733000.0,112643000.0,OFS,False,0.08266402852391325,0.06474276968696424,True,사용가능
00543204,(주)아이오케이이엔엠,2017,CFS,84844704191.0,15195023508.0,69649680683.0,15943899157.0,,517182080.0,18379990830.0,-146970189.0,-4374619061.0,-651061096.0,성공,보통,False,613976000.0,150897000.0,OFS,True,0.18791861329503307,0.06474276968696424,True,사용가능
00543204,(주)아이오케이이엔엠,2018,CFS,136720226585.0,44542383387.0,92177843198.0,13966922926.0,,73883301.0,29736550786.0,-5746756819.0,-13276211290.0,,성공,보통,False,6243910000.0,229386000.0,CFS,False,0.10215696151817491,0.06474276968696424,True,사용가능
00543204,(주)아이오케이이엔엠,2019,CFS,156580008513.0,45805133265.0,110774875248.0,30616347081.0,,205024383.0,48736407979.0,578277564.0,-8380600819.0,4525894121.0,성공,보통,False,6243910000.0,421694000.0,CFS,False,0.1955316478250037,0.06474276968696424,True,사용가능
00543204,(주)아이오케이이엔엠,2020,CFS,142065775688.0,45275701464.0,96790074224.0,6313431484.0,,0.0,20968142132.0,-2950518239.0,-1747643105.0,-3208459348.0,성공,보통,False,3511422000.0,487641000.0,CFS,False,0.04444019999486254,0.06474276968696424,True,사용가능
00543204,(주)아이오케이이엔엠,2021,CFS,166507012744.0,15100544612.0,151406468132.0,8639814146.0,,0.0,24307746912.0,-8353332102.0,-36108285938.0,-3870604881.0,성공,확정,False,5435595000.0,1670503000.0,CFS,False,0.051888590177781156,0.06474276968696424,True,사용가능
00543204,(주)아이오케이이엔엠,2022,CFS,135690961803.0,37410200900.0,98280760903.0,6430482314.0,,,18966224254.0,-10813506356.0,-58390933815.0,-3732158676.0,성공,확정,False,1419942000.0,889768000.0,CFS,False,0.04739064583635244,0.06474276968696424,True,사용가능
00543204,(주)아이오케이이엔엠,2023,CFS,111974414415.0,35323314009.0,76651100406.0,5717642251.0,,20047768.0,22401905047.0,-7673728875.0,-21648765344.0,-263019423.0,성공,확정,False,0.0,717790000.0,CFS,False,0.051062041992997194,0.06474276968696424,True,사용가능
00543204,(주)아이오케이이엔엠,2024,CFS,98265952627.0,18795747437.0,79470205190.0,6362009939.0,,30195874.0,25103872700.0,-7275827823.0,-21384231151.0,-7415064215.0,성공,확정,False,405500000.0,443465000.0,CFS,False,0.06474276968696424,0.06474276968696424,True,사용가능
00543204,(주)아이오케이이엔엠,2025,CFS,84822678465.0,16195930550.0,68626747915.0,3784059213.0,,0.0,12227719936.0,-8022887227.0,-17409328374.0,-10229956240.0,성공,확정,False,3554072000.0,438278000.0,CFS,False,0.04461140913584095,0.06474276968696424,True,사용가능
00550082,(주)캔버스엔,2015,OFS,17538877117.0,9061009187.0,8477867930.0,18993255.0,,1483895608.0,8511016463.0,2049390355.0,1614072689.0,-1292963082.0,성공,확정,False,0.0,5471000.0,,False,0.0010829230898476566,0.0005341007985239511,False,적용대상아님
00550082,(주)캔버스엔,2016,OFS,19088460989.0,3245889065.0,15842571924.0,25706635.0,,0.0,37393825189.0,3332329662.0,2693312012.0,2548994453.0,성공,확정,False,0.0,5471000.0,OFS,False,0.0013467107177898637,0.0005341007985239511,False,적용대상아님
00550082,,2017,,,,,,,,,,,,성공,확정,False,0.0,37906000.0,OFS,False,,0.0005341007985239511,False,본문없음
00550082,(주)캔버스엔,2018,CFS,17286700199.0,11268499864.0,6018200335.0,203727702.0,,,3003924636.0,-9557194991.0,-10735290876.0,-4086867996.0,성공,확정,False,115232000.0,65339000.0,,False,0.011785227929838526,0.0005341007985239511,False,적용대상아님
00550082,(주)캔버스엔,2019,CFS,21632861151.0,18913055993.0,2719805158.0,14225376.0,,,13808020462.0,-5366189323.0,-3306395177.0,-2580614595.0,성공,확정,False,464000.0,189039000.0,CFS,False,0.000657581810408949,0.0005341007985239511,False,적용대상아님
00550082,(주)캔버스엔,2020,CFS,26451225253.0,23130809807.0,3320415446.0,6840192.0,,,28358572940.0,1066767719.0,600610288.0,1328133937.0,성공,확정,False,0.0,8315000.0,CFS,False,0.0002585964141386687,0.0005341007985239511,False,적용대상아님
00550082,(주)캔버스엔,2021,OFS,19056685258.0,16919088637.0,2137596621.0,6344435.0,,,21203022915.0,-1913062431.0,-1174818825.0,2301710663.0,성공,확정,False,0.0,4465000.0,CFS,True,0.00033292437347343004,0.0005341007985239511,False,적용대상아님
00550082,(주)캔버스엔,2022,OFS,26016371855.0,13455347944.0,12561023911.0,4635527.0,,759486082.0,32229780456.0,1728667620.0,1327427290.0,-5604356444.0,성공,확정,False,0.0,2523000.0,OFS,False,0.000178177304115874,0.0005341007985239511,False,적용대상아님
00550082,(주)캔버스엔,2023,OFS,28732518778.0,5735712985.0,22996805793.0,28871196.0,,0.0,17543308552.0,-545218192.0,-249361468.0,-3778978752.0,성공,보통,False,0.0,,OFS,False,0.0010048264902590505,0.0005341007985239511,False,적용대상아님
00550082,(주)캔버스엔,2024,OFS,40037534807.0,22872117701.0,17165417106.0,16440204.0,,0.0,9623601724.0,-5117290669.0,-7020090687.0,-1390353859.0,실패,,,,,OFS,False,0.0004106197866389531,0.0005341007985239511,False,적용대상아님
00550082,(주)캔버스엔,2025,OFS,35778267593.0,25773843429.0,10004424164.0,4467933.0,,8411040.0,3998663846.0,-1476911151.0,-8655993513.0,-3145645613.0,성공,보통,False,0.0,,OFS,False,0.00012487840526057635,0.0005341007985239511,False,적용대상아님
00608699,주식회사 탑코미디어,2015,CFS,61489935424.0,11425066193.0,50064869231.0,2538549307.0,,10581852381.0,107808602851.0,4612355985.0,5402930500.0,18369571294.0,성공,보통,True,0.0,1818032000.0,,False,0.04128398069530553,0.037667150878801174,True,상각손상합산
00608699,주식회사 탑코미디어,2016,CFS,56917275238.0,15025860853.0,41891414385.0,2143911594.0,,11829756203.0,77354544134.0,-7275617569.0,-6679357252.0,-6645788683.0,성공,확정,True,15478000.0,2484555000.0,CFS,False,0.037667150878801174,0.037667150878801174,True,상각손상합산
00608699,주식회사 탑코미디어,2017,CFS,37292882796.0,9785710467.0,27507172329.0,673438730.0,,15058730868.0,47048591959.0,-10845023183.0,-10505149624.0,-4733514561.0,성공,확정,True,0.0,3411548000.0,CFS,False,0.018058103303084747,0.037667150878801174,True,상각손상합산
00608699,주식회사 탑코미디어,2018,CFS,38667066630.0,9732776147.0,28934290483.0,118066655.0,,9913323307.0,44502967674.0,1542571585.0,1465396046.0,-6560239986.0,성공,확정,True,0.0,3466920000.0,CFS,False,0.003053416389967309,0.037667150878801174,True,상각손상합산
00608699,주식회사 탑코미디어,2019,OFS,29557321884.0,5024013274.0,24533308610.0,77583888.0,,8885797476.0,32429047462.0,-4476577776.0,-4326467371.0,-30245807.0,성공,확정,False,0.0,40483000.0,CFS,True,0.00262486189731546,0.037667150878801174,True,사용가능
00608699,주식회사 탑코미디어,2020,OFS,24449013092.0,4250053215.0,20198959877.0,42000000.0,,6946314850.0,19966274150.0,-3473429423.0,-4260168043.0,692706277.0,성공,확정,False,21773000.0,13811000.0,OFS,False,0.0017178607513504455,0.037667150878801174,True,사용가능
00608699,주식회사 탑코미디어,2021,OFS,55294572757.0,32369363431.0,22925209326.0,15000000.0,,2924539922.0,22256958341.0,-4826955807.0,-3893845588.0,-3728130470.0,성공,확정,False,27000000.0,0.0,OFS,False,0.00027127436296360715,0.037667150878801174,True,사용가능
00608699,주식회사 탑코미디어,2022,CFS,58867894045.0,23721177629.0,35146716416.0,18526000000.0,,1953091056.0,22615183360.0,341102831.0,-3028958668.0,5763883260.0,성공,확정,False,11000000.0,1500000000.0,OFS,True,0.3147046501415235,0.037667150878801174,True,사용가능
00608699,주식회사 탑코미디어,2023,CFS,41870851622.0,4639034747.0,37231816875.0,16539000000.0,,0.0,19178342271.0,-2653050366.0,-11865220642.0,-5329975149.0,성공,확정,False,0.0,2002000000.0,CFS,False,0.39500032503064714,0.037667150878801174,True,사용가능
00608699,주식회사 탑코미디어,2024,CFS,38557960524.0,6086477043.0,32471483481.0,14536000000.0,,0.0,23340259807.0,-3726430593.0,-4723548955.0,-2054037179.0,성공,확정,False,0.0,2003000000.0,CFS,False,0.37699089377282335,0.037667150878801174,True,사용가능
00608699,주식회사 탑코미디어,2025,CFS,60367477963.0,27925493596.0,32441984367.0,27955814282.0,,,48604543452.0,3670011557.0,-2324402052.0,8251655493.0,성공,확정,False,3501412000.0,6255543000.0,CFS,False,0.46309395762954475,0.037667150878801174,True,사용가능
00613318,(주)와이지엔터테인먼트,2015,CFS,375356133225.0,106079889288.0,269276243937.0,35867046101.0,,15047684632.0,193112056418.0,21811698913.0,23977549879.0,5737846973.0,성공,확정,False,0.0,2478946676.0,,False,0.09555470905147083,0.07155328357803233,True,사용가능
00613318,(주)와이지엔터테인먼트,2016,CFS,486835565057.0,136465097184.0,350370467873.0,33201521932.0,,16384020934.0,321839059110.0,31919018629.0,14099412923.0,32448157701.0,성공,확정,False,0.0,4422753849.0,CFS,False,0.06819863690137896,0.07155328357803233,True,사용가능
00613318,(주)와이지엔터테인먼트,2017,CFS,583599527930.0,151494662748.0,432104865182.0,63102810862.0,,18492054765.0,349860731337.0,25197829293.0,11910569345.0,21905965798.0,성공,확정,False,837196954.0,5890333261.0,CFS,False,0.10812690525268705,0.07155328357803233,True,사용가능
00613318,(주)와이지엔터테인먼트,2018,CFS,594324154591.0,144879538715.0,449444615876.0,60675845141.0,,23160720517.0,285846340838.0,9484079518.0,15944943943.0,22450910984.0,성공,확정,False,520547586.0,4393889918.0,CFS,False,0.10209217423235255,0.07155328357803233,True,사용가능
00613318,(주)와이지엔터테인먼트,2019,CFS,516346905463.0,94683750039.0,421663155424.0,52321628699.0,,16051927937.0,264459739114.0,2024905248.0,-24642188675.0,59559817666.0,성공,확정,False,3651625964.0,3465920831.0,CFS,False,0.1013303810779771,0.07155328357803233,True,사용가능
00613318,(주)와이지엔터테인먼트,2020,CFS,542817503814.0,120265898833.0,422551604981.0,46979110341.0,,33311587294.0,255262402297.0,10748005141.0,3150284532.0,25765086273.0,성공,확정,False,2110112359.0,2013949219.0,CFS,False,0.08654678600249727,0.07155328357803233,True,사용가능
00613318,(주)와이지엔터테인먼트,2021,CFS,621483516064.0,138720463804.0,482763052260.0,44469186264.0,,11297507936.0,355630812379.0,50561443511.0,22861681902.0,36865797260.0,성공,확정,False,0.0,1355411584.0,CFS,False,0.07155328357803233,0.07155328357803233,True,사용가능
00613318,(주)와이지엔터테인먼트,2022,CFS,712872500384.0,186584445794.0,526288054590.0,10853636441.0,,16204397611.0,391174512956.0,46639449138.0,46774637912.0,55087918734.0,성공,확정,False,0.0,1216707246.0,CFS,False,0.01522521409530248,0.07155328357803233,True,사용가능
00613318,(주)와이지엔터테인먼트,2023,CFS,742203534745.0,157044777911.0,585158756834.0,47082657725.0,,17233524788.0,569195078742.0,86932081062.0,76984258248.0,93596369913.0,성공,확정,False,0.0,6327758964.0,CFS,False,0.0634363156747512,0.07155328357803233,True,사용가능
00613318,(주)와이지엔터테인먼트,2024,CFS,734324597111.0,131074491602.0,603250105509.0,47382577696.0,,9598965816.0,364948984163.0,-20558087283.0,20029618338.0,48805135.0,성공,확정,False,0.0,15423744925.0,CFS,False,0.06452538547995511,0.07155328357803233,True,사용가능
00613318,(주)와이지엔터테인먼트,2025,CFS,838779404539.0,187934244359.0,650845160180.0,34692548888.0,,21005093420.0,545404261988.0,71341515441.0,53744637813.0,90908918011.0,성공,확정,False,0.0,16351062730.0,CFS,False,0.04136075432976005,0.07155328357803233,True,사용가능
00650629,SBS미디어홀딩스(주),2015,CFS,881606449180.0,122410829587.0,759195619593.0,13042322412.0,,203721571.0,473523143447.0,23260805348.0,25227364840.0,14516129713.0,성공,보통,False,0.0,,,False,0.014793814659739533,0.014875807036819996,True,사용가능
00650629,SBS미디어홀딩스(주),2016,CFS,905761578356.0,138902624124.0,766858954232.0,12267580214.0,,141454498.0,504509651073.0,21391439245.0,13277830644.0,46000733838.0,성공,보통,False,0.0,,CFS,False,0.013543939715643754,0.014875807036819996,True,사용가능
00650629,SBS미디어홀딩스(주),2017,CFS,868384802883.0,110412916959.0,757971885924.0,11972267261.0,,83478605.0,421854711175.0,-4319156199.0,503073571.0,5267366598.0,성공,보통,False,0.0,,CFS,False,0.013786822640438422,0.014875807036819996,True,사용가능
00650629,SBS미디어홀딩스(주),2018,CFS,880197601578.0,105486973192.0,774710628386.0,13165819169.0,,123003308.0,391082446476.0,7121902375.0,14966458872.0,35090912284.0,성공,보통,False,0.0,,CFS,False,0.014957799413900462,0.014875807036819996,True,사용가능
00650629,SBS미디어홀딩스(주),2019,CFS,674077459663.0,73644701472.0,600432758191.0,30337523413.0,,3208684778.0,239801419301.0,4750775156.0,-104810596114.0,-2706459561.0,성공,보통,False,0.0,,CFS,False,0.04500599000620347,0.014875807036819996,True,사용가능
00650629,SBS미디어홀딩스(주),2020,CFS,716297001896.0,193748086822.0,522548915074.0,22644635311.0,,2842416338.0,165358679387.0,-5938985099.0,-66600856945.0,934391591.0,실패,,,,,CFS,False,0.03161347213664284,0.014875807036819996,True,주석대사실패
00657987,(주)케이엑스이노베이션,2015,CFS,169539835395.0,30100018402.0,139439816993.0,10393104199.0,12863668896.0,3653797917.0,127351242799.0,18164577688.0,10869065448.0,16076681203.0,성공,보통,False,0.0,,,False,0.06130184198177244,0.023844562716703193,True,사용가능
00657987,(주)케이엑스이노베이션,2016,CFS,393379483114.0,116788272722.0,276591210392.0,13263486964.0,12851676389.0,4029705572.0,159467610459.0,26841729895.0,35617262232.0,40225501776.0,성공,보통,False,0.0,,CFS,False,0.033716773582104405,0.023844562716703193,True,사용가능
00657987,(주)케이엑스이노베이션,2017,CFS,537109637676.0,142687718789.0,394421918887.0,14335006700.0,11576221054.0,5868541549.0,204851528845.0,36120943608.0,42833959964.0,32576302137.0,성공,보통,False,0.0,,CFS,False,0.026689163058078075,0.023844562716703193,True,사용가능
00657987,(주)케이엑스이노베이션,2018,CFS,716153058206.0,251358029073.0,464795029133.0,17349771052.0,8795031660.0,5617374519.0,192602109854.0,34640331513.0,67058689084.0,25297924366.0,성공,보통,False,0.0,,CFS,False,0.02422634498756741,0.023844562716703193,True,사용가능
00657987,(주)케이엑스이노베이션,2019,CFS,747993901373.0,255138477831.0,492855423542.0,17835587493.0,17571385287.0,12195016329.0,258032976084.0,44892260199.0,24602565819.0,51082522883.0,성공,보통,False,0.0,,CFS,False,0.023844562716703193,0.023844562716703193,True,사용가능
00657987,(주)케이엑스이노베이션,2020,CFS,792876134748.0,366018251690.0,426857883058.0,14146694298.0,14214661106.0,18363585672.0,318797515434.0,65983727533.0,38054214978.0,77056042505.0,성공,보통,False,0.0,,CFS,False,0.01784225010442047,0.023844562716703193,True,사용가능
00657987,(주)케이엑스이노베이션,2021,CFS,837353103705.0,513683381256.0,323669722449.0,16484544850.0,10096307024.0,28425700351.0,288948790879.0,74110983749.0,64130826116.0,87153210049.0,성공,보통,False,0.0,,CFS,False,0.01968649160916888,0.023844562716703193,True,사용가능
00657987,(주)케이엑스이노베이션,2022,CFS,879066973356.0,539460450623.0,339606522733.0,13355601967.0,7896061715.0,32481745865.0,326266098023.0,78631717079.0,37918026479.0,60168404134.0,성공,보통,False,0.0,,CFS,False,0.015192928834548898,0.023844562716703193,True,사용가능
00657987,(주)케이엑스이노베이션,2023,CFS,1037593626633.0,687350256221.0,350243370412.0,12350979094.0,10563824014.0,36169430907.0,403052353616.0,62019517372.0,26600421613.0,84787002375.0,성공,보통,False,0.0,,CFS,False,0.011903483962289775,0.023844562716703193,True,사용가능
00657987,(주)케이엑스이노베이션,2024,CFS,886845254212.0,443828770310.0,443016483902.0,12835924977.0,11691296364.0,32075112195.0,403781469771.0,59706015673.0,97517115674.0,107436364358.0,성공,보통,False,0.0,,CFS,False,0.014473691905139944,0.023844562716703193,True,사용가능
00657987,(주)케이엑스이노베이션,2025,CFS,935923720688.0,450073288514.0,485850432174.0,26433158506.0,24899412733.0,23531532755.0,346121725953.0,38392482859.0,25555907008.0,71978777255.0,성공,보통,False,0.0,,CFS,False,0.02824285561067831,0.023844562716703193,True,사용가능
00814786,(주)티엔엔터테인먼트,2015,CFS,102386013943.0,67736035659.0,34649978284.0,6194544925.0,0.0,5581178755.0,56447508360.0,-9486605346.0,-10839876717.0,-240286837.0,성공,확정,False,0.0,0.0,,False,0.060501866284672495,0.030290539870234882,True,사용가능
00814786,(주)티엔엔터테인먼트,2016,CFS,51776739288.0,40276131927.0,11500607361.0,97300000.0,0.0,2133623300.0,35470768321.0,-9069306858.0,-35550736476.0,-2418003332.0,성공,보통,False,53924000.0,0.0,CFS,False,0.0018792222402956662,0.030290539870234882,True,사용가능
00814786,(주)티엔엔터테인먼트,2017,CFS,30346571346.0,24946943613.0,5399627733.0,111511621.0,,2713570999.0,24000916428.0,-4434273391.0,-9567127060.0,-3198655724.0,성공,확정,False,9677000.0,888000.0,CFS,False,0.0036746036225505396,0.030290539870234882,True,사용가능
00814786,(주)티엔엔터테인먼트,2018,CFS,52599825336.0,21342420034.0,31257405302.0,1178308398.0,,6283483904.0,41740437112.0,475005532.0,-13055479239.0,-10281982376.0,성공,확정,False,31368000.0,23706000.0,CFS,False,0.022401374728397636,0.030290539870234882,True,사용가능
00814786,(주)티엔엔터테인먼트,2019,CFS,48913833633.0,15374966398.0,33538867235.0,617397392.0,,7348387461.0,15687991647.0,-2694233857.0,-7213018727.0,-3007568592.0,실패,,,,,CFS,False,0.01262214277932755,0.030290539870234882,True,주석대사실패
00814786,(주)티엔엔터테인먼트,2020,CFS,53728514050.0,38635906912.0,15092607138.0,1627465697.0,,3498372933.0,22290570653.0,-14929253059.0,-25066957751.0,-7191026822.0,실패,,,,,CFS,False,0.030290539870234882,0.030290539870234882,True,주석대사실패
00814786,(주)티엔엔터테인먼트,2021,CFS,48159511944.0,22299204270.0,25860307674.0,52100136.0,,2572607050.0,19138614818.0,-11947125163.0,-25718247725.0,-5531013325.0,실패,,,,,CFS,False,0.0010818244184156636,0.030290539870234882,True,주석대사실패
00814786,(주)티엔엔터테인먼트,2022,CFS,142789279467.0,65809762178.0,76979517289.0,64246045938.0,,1390453865.0,71907402901.0,3250496402.0,-2378767829.0,8027845291.0,성공,확정,False,0.0,2252027000.0,CFS,False,0.44993606087106763,0.030290539870234882,True,사용가능
00814786,(주)티엔엔터테인먼트,2023,OFS,122810204134.0,59800202304.0,63010001830.0,49792642096.0,,3406824007.0,150268840513.0,13524360041.0,-17847696964.0,22476591229.0,성공,확정,False,12538000000.0,4138392000.0,CFS,True,0.4054438509170665,0.030290539870234882,True,사용가능
00814786,(주)티엔엔터테인먼트,2024,OFS,124449358983.0,57808719789.0,66640639194.0,46604496889.0,,1893054025.0,142931436282.0,9698217890.0,2190776813.0,18694983291.0,성공,확정,False,84424000.0,4034965000.0,OFS,False,0.3744856323074051,0.030290539870234882,True,사용가능
00814786,(주)티엔엔터테인먼트,2025,OFS,89123037948.0,22152081497.0,66970956451.0,45948867467.0,,3200878797.0,118299495759.0,3350618177.0,316647665.0,3502841562.0,성공,확정,False,0.0,5534250000.0,OFS,False,0.5155666651961468,0.030290539870234882,True,사용가능
00838421,씨제이이앤엠(주),2015,CFS,2364855621498.0,804773286173.0,1560082335325.0,653159648557.0,,3915888761.0,1347313885448.0,52675809987.0,52920339642.0,295450649275.0,성공,확정,False,97352651000.0,306069098000.0,,False,0.27619430235798537,0.2590537062774709,True,사용가능
00838421,씨제이이앤엠(주),2016,CFS,2792954983825.0,1177425367390.0,1615529616435.0,723525340026.0,,4700810471.0,1538423390983.0,27971484085.0,60857852801.0,258777878860.0,성공,확정,False,1674441000.0,383812795000.0,CFS,False,0.2590537062774709,0.2590537062774709,True,사용가능
00838421,씨제이이앤엠(주),2017,CFS,3758919984666.0,1510219216175.0,2248700768491.0,783393360340.0,,6206059275.0,1750120615318.0,63164415059.0,421948665596.0,239177535259.0,성공,확정,False,3208587000.0,339565893000.0,CFS,False,0.2084091610185229,0.2590537062774709,True,사용가능
00925295,(주)에프엔씨엔터테인먼트,2015,CFS,110111615369.0,23499655860.0,86611959509.0,11608124016.0,,740177079.0,72671244336.0,5910135791.0,2249453280.0,-642653948.0,실패,,,,,,False,0.10542143058295432,0.07291281187313392,True,주석대사실패
00925295,(주)에프엔씨엔터테인먼트,2016,CFS,134050053997.0,27906458817.0,106143595180.0,20231811325.0,,1009971326.0,91417168969.0,-2517635073.0,-6340255562.0,-248546952.0,성공,확정,False,624663333.0,3398553156.0,CFS,False,0.15092728963356317,0.07291281187313392,True,사용가능
00925295,(주)에프엔씨엔터테인먼트,2017,CFS,123872016547.0,26742962182.0,97129054365.0,10557424021.0,,992689900.0,116687389018.0,3070237258.0,-6498024201.0,6993938826.0,성공,확정,False,5863790481.0,4843586553.0,CFS,False,0.08522848271380373,0.07291281187313392,True,사용가능
00925295,(주)에프엔씨엔터테인먼트,2018,CFS,84364232208.0,18815211104.0,65549021104.0,8616563645.0,,716434749.0,74014341736.0,-6003543206.0,-1436902847.0,-10442273666.0,성공,확정,False,3333085605.0,3609250116.0,CFS,False,0.10213527011963866,0.07291281187313392,True,사용가능
00925295,(주)에프엔씨엔터테인먼트,2019,CFS,115339954397.0,48438312777.0,66901641620.0,6282558311.0,,691107246.0,84190079127.0,-4937578584.0,-7567799456.0,865602742.0,성공,확정,False,1653400539.0,2091048321.0,CFS,False,0.05446992192640757,0.07291281187313392,True,사용가능
00925295,(주)에프엔씨엔터테인먼트,2020,CFS,131962461511.0,72942234450.0,59020227061.0,5657176133.0,,1279206675.0,72424739151.0,-7322138804.0,-7853151729.0,22383428984.0,성공,확정,False,522366601.0,2023226555.0,CFS,False,0.04286958630677281,0.07291281187313392,True,사용가능
00925295,(주)에프엔씨엔터테인먼트,2021,CFS,130680727152.0,72668377340.0,58012349812.0,28588014961.0,,1116593643.0,74189472530.0,-4192207812.0,-9416052486.0,-2765676370.0,성공,확정,False,1348839917.0,3756427649.0,CFS,False,0.21876228870189965,0.07291281187313392,True,사용가능
00925295,(주)에프엔씨엔터테인먼트,2022,CFS,95634405836.0,51225237898.0,44409167938.0,5795171578.0,,1614221283.0,65786471717.0,-13183189634.0,-17600437229.0,-16101029022.0,성공,확정,False,0.0,1688953339.0,CFS,False,0.0605971410324641,0.07291281187313392,True,사용가능
00925295,(주)에프엔씨엔터테인먼트,2023,CFS,111794386922.0,75774662897.0,36019724025.0,4918311359.0,,1181820302.0,92154263323.0,-7568800920.0,-8280174528.0,14834348550.0,성공,확정,False,0.0,828098681.0,CFS,False,0.043994260306034434,0.07291281187313392,True,사용가능
00925295,(주)에프엔씨엔터테인먼트,2024,CFS,118380430317.0,87565409135.0,30815021182.0,3716097369.0,,1365480352.0,86224155388.0,-4181824362.0,-6652959786.0,-12167129680.0,성공,확정,False,0.0,1001192340.0,CFS,False,0.03139114597783609,0.07291281187313392,True,사용가능
00925295,,2025,,,,,,,,,,,,실패,,,,,CFS,False,,0.07291281187313392,True,본문없음
00974927,(주)넥스트엔터테인먼트월드,2015,CFS,200430115717.0,67475675018.0,132954440699.0,1406358874.0,,,82586149640.0,-2526524145.0,917303560.0,,성공,확정,False,0.0,248885000.0,,False,0.0070167043957891405,0.02110656968211936,True,사용가능
00974927,(주)넥스트엔터테인먼트월드,2016,CFS,230523944772.0,93866679519.0,136657265253.0,1558479997.0,,,125723993057.0,6642150005.0,3565696914.0,3908954037.0,성공,확정,False,24424000.0,93586000.0,CFS,False,0.006760599201707296,0.02110656968211936,True,사용가능
00974927,(주)넥스트엔터테인먼트월드,2017,CFS,256463072069.0,125719614945.0,130743457124.0,5902438607.0,,66102543.0,94538543693.0,-5157020946.0,-7461325176.0,-21472814181.0,성공,확정,False,0.0,83922000.0,CFS,False,0.023014769960378472,0.02110656968211936,True,사용가능
00974927,(주)넥스트엔터테인먼트월드,2018,CFS,256522672351.0,127429814574.0,129092857777.0,11421058923.0,,200059193.0,161222834105.0,-10606137995.0,-14763932813.0,17697350733.0,성공,확정,False,0.0,982504000.0,CFS,False,0.04452261010041469,0.02110656968211936,True,사용가능
00974927,(주)넥스트엔터테인먼트월드,2019,CFS,313341345715.0,191470118582.0,121871227133.0,15707934592.0,,512829487.0,149180097149.0,-8149288316.0,-11086370881.0,-24223313739.0,성공,확정,False,0.0,1851020000.0,CFS,False,0.050130424238003915,0.02110656968211936,True,사용가능
00974927,(주)넥스트엔터테인먼트월드,2020,CFS,275767772365.0,162408293719.0,113359478646.0,12324167736.0,,903384014.0,140432232547.0,-3843251961.0,-9780602158.0,1315089786.0,성공,확정,False,2886055000.0,2023686000.0,CFS,False,0.044690384341532156,0.02110656968211936,True,사용가능
00974927,(주)넥스트엔터테인먼트월드,2021,CFS,347540133924.0,172721497084.0,174818636840.0,7335380054.0,,87799171.0,146057166294.0,-499604543.0,-38177741361.0,-41946024527.0,성공,확정,False,3929057000.0,1962616000.0,CFS,False,0.02110656968211936,0.02110656968211936,True,사용가능
00974927,(주)넥스트엔터테인먼트월드,2022,CFS,332918824057.0,170168619803.0,162750204254.0,7249077510.0,,133503938.0,155617110146.0,7215470726.0,-21117979053.0,-9078074719.0,성공,확정,False,1831597000.0,1226097000.0,CFS,False,0.021774309489807835,0.02110656968211936,True,사용가능
00974927,(주)넥스트엔터테인먼트월드,2023,CFS,313440238508.0,168296307049.0,145143931459.0,5095401756.0,,154106617.0,129147737184.0,-5582630804.0,-17506374625.0,-4118295612.0,성공,확정,False,1780777000.0,659710000.0,CFS,False,0.016256374038810428,0.02110656968211936,True,사용가능
00974927,(주)넥스트엔터테인먼트월드,2024,CFS,259877391121.0,138755971710.0,121121419411.0,4612135480.0,,122828435.0,113244615452.0,-18957171701.0,-24072120042.0,-19000474473.0,성공,확정,False,359327000.0,431045000.0,CFS,False,0.017747351780411594,0.02110656968211936,True,사용가능
00974927,(주)넥스트엔터테인먼트월드,2025,CFS,239554621692.0,116800700894.0,122753920798.0,3876249393.0,,119522671.0,142653217026.0,2654398845.0,523557121.0,35425396683.0,성공,확정,False,240032000.0,364137000.0,CFS,False,0.016181067038580323,0.02110656968211936,True,사용가능
00975290,(주)에이스토리,2019,OFS,40251453614.0,1643520966.0,38607932648.0,0.0,,2873298339.0,28238091273.0,-1073302148.0,-1184914795.0,-7917386965.0,실패,,,,,,False,0.0,0.0002578301838533278,False,적용대상아님
00975290,(주)에이스토리,2020,OFS,55174265228.0,24460906589.0,30713358639.0,2732750.0,,9493635407.0,22095888380.0,-877118696.0,-7381011696.0,6400243676.0,성공,보통,False,0.0,538250.0,OFS,False,4.952943167810735e-05,0.0002578301838533278,False,적용대상아님
00975290,(주)에이스토리,2021,CFS,97697894233.0,49995516328.0,47702377905.0,43302365.0,,23191320497.0,58860400089.0,6927688603.0,17028297378.0,-32285333240.0,성공,확정,False,0.0,3707650.0,OFS,True,0.0004432272091425846,0.0002578301838533278,False,적용대상아님
00975290,(주)에이스토리,2022,CFS,101282334790.0,42777389437.0,58504945353.0,26113643.0,,8036566105.0,71680277467.0,8499834556.0,4086004413.0,28613580546.0,성공,확정,False,14678655.0,5343585.0,CFS,False,0.0002578301838533278,0.0002578301838533278,False,적용대상아님
00975290,(주)에이스토리,2023,CFS,95538420840.0,33133859254.0,62404561586.0,20579039.0,,13313646638.0,56875968183.0,6945016422.0,4912258246.0,-6079744594.0,성공,확정,False,0.0,5534604.0,CFS,False,0.00021540066100175662,0.0002578301838533278,False,적용대상아님
00975290,(주)에이스토리,2024,CFS,71711472045.0,15248738373.0,56462733672.0,269731666.0,,4608678165.0,14791645212.0,-3504831535.0,-4819025611.0,21328093886.0,성공,확정,False,14678655.0,11777874.0,CFS,False,0.0037613461041594493,0.0002578301838533278,False,적용대상아님
00975290,(주)에이스토리,2025,CFS,56077465573.0,8010996336.0,48066469237.0,477735055.0,,9456871346.0,11789684319.0,-7278241684.0,-7113797933.0,-1961746981.0,성공,확정,False,30669136.0,12944556.0,CFS,False,0.00851919840025756,0.0002578301838533278,False,적용대상아님
00985686,(주)큐브엔터테인먼트,2015,CFS,27649411862.0,6792290724.0,20857121138.0,34042272.0,,,22398853346.0,710694719.0,-5715585199.0,654399713.0,성공,확정,False,0.0,21376000.0,,False,0.0012312114329920353,0.0429437716049915,True,사용가능
00985686,(주)큐브엔터테인먼트,2016,CFS,21470632726.0,4247532952.0,17223099774.0,922029948.0,,,19465306410.0,-5701794035.0,-5182169110.0,-6632646405.0,성공,확정,False,0.0,221042000.0,CFS,False,0.0429437716049915,0.0429437716049915,True,사용가능
00985686,(주)큐브엔터테인먼트,2017,CFS,22136132141.0,6348136802.0,15787995339.0,760435791.0,,,24416090096.0,211106805.0,-979000023.0,2010510893.0,성공,확정,False,66852000.0,384743000.0,CFS,False,0.03435269477776289,0.0429437716049915,True,사용가능
00985686,(주)큐브엔터테인먼트,2018,CFS,28829632101.0,12104725631.0,16724906470.0,1289361493.0,,,34459463906.0,1930704390.0,1101720145.0,7403120943.0,성공,확정,False,111836000.0,472198000.0,CFS,False,0.04472348063558108,0.0429437716049915,True,사용가능
00985686,(주)큐브엔터테인먼트,2019,CFS,32002668986.0,14387028006.0,17615640980.0,3432863998.0,,,29829671581.0,960751722.0,986622964.0,-404486527.0,성공,확정,False,0.0,1152267000.0,CFS,False,0.10726805315837103,0.0429437716049915,True,사용가능
00985686,(주)큐브엔터테인먼트,2020,CFS,58849477346.0,21633078732.0,37216398614.0,6676550952.0,,2714701021.0,36938498752.0,537392369.0,-624538048.0,5332432196.0,성공,확정,False,231220000.0,1407463000.0,CFS,False,0.11345132111787234,0.0429437716049915,True,사용가능
00985686,(주)큐브엔터테인먼트,2021,CFS,60730592911.0,23953501534.0,36777091377.0,4730296574.0,,5429038090.0,71943559242.0,1182398157.0,-2858693139.0,2826347695.0,성공,확정,False,107980000.0,2236708000.0,CFS,False,0.07788984673560155,0.0429437716049915,True,사용가능
00985686,(주)큐브엔터테인먼트,2022,CFS,105911201026.0,66613826823.0,39297374203.0,3448677691.0,,7545029274.0,120637928352.0,6927857971.0,6110261110.0,41392854109.0,성공,확정,False,724774000.0,1949615000.0,CFS,False,0.03256197321521629,0.0429437716049915,True,사용가능
00985686,(주)큐브엔터테인먼트,2023,CFS,153219970083.0,73598839660.0,79621130423.0,2580524725.0,,7971269557.0,142272172633.0,15423770911.0,11223257792.0,3836889287.0,성공,확정,False,1564338000.0,1540774000.0,CFS,False,0.016841960767921552,0.0429437716049915,True,사용가능
00985686,(주)큐브엔터테인먼트,2024,CFS,269962749592.0,111740423973.0,158222325619.0,15784270636.0,,21294917111.0,218283220461.0,16568348309.0,16605800279.0,2310037854.0,성공,확정,False,45853000.0,1860107000.0,CFS,False,0.05846832816696036,0.0429437716049915,True,사용가능
00985686,(주)큐브엔터테인먼트,2025,CFS,258263677790.0,97353309309.0,160910368481.0,9218800764.0,,4223956846.0,87228103184.0,-7261994709.0,-5858853002.0,42699881790.0,성공,확정,False,1140551000.0,5417853000.0,CFS,False,0.03569530505755445,0.0429437716049915,True,사용가능
00990396,(주)레드우즈,2016,OFS,5276342211.0,3525315717.0,1751026494.0,410206112.0,,,10897052191.0,209159419.0,280851508.0,-642232648.0,실패,,,,,,False,0.0777444099711371,9.124292049768853e-05,False,적용대상아님
00990396,,2017,,,,,,,,,,,,실패,,,,,OFS,False,,9.124292049768853e-05,False,본문없음
00990396,,2018,,,,,,,,,,,,실패,,,,,,False,,9.124292049768853e-05,False,본문없음
00990396,,2019,,,,,,,,,,,,실패,,,,,,False,,9.124292049768853e-05,False,본문없음
00990396,,2020,,,,,,,,,,,,실패,,,,,,False,,9.124292049768853e-05,False,본문없음
00990396,,2021,,,,,,,,,,,,성공,보통,False,0.0,,,False,,9.124292049768853e-05,False,본문없음
00990396,,2022,,,,,,,,,,,,성공,확정,False,0.0,880000.0,,False,,9.124292049768853e-05,False,본문없음
00990396,(주)레드우즈,2023,CFS,7790204392.0,18945625859.0,-11155421467.0,710801.0,,,837151079.0,-1942506461.0,-3064560027.0,-726433131.0,성공,확정,False,0.0,448000.0,,False,9.124292049768853e-05,9.124292049768853e-05,False,적용대상아님
00990396,,2024,,,,,,,,,,,,성공,확정,False,0.0,401000.0,CFS,False,,9.124292049768853e-05,False,본문없음
00990396,(주)레드우즈,2025,CFS,27073748185.0,27160423329.0,-86675144.0,91427.0,,23261302093.0,215008.0,-756045574.0,-2658219650.0,-467831077.0,성공,확정,False,0.0,218000.0,,False,3.3769613049239493e-06,9.124292049768853e-05,False,적용대상아님
00990819,,2015,,,,,,,,,,,,실패,,,,,,False,,0.002914595899517488,False,본문없음
00990819,,2016,,,,,,,,,,,,실패,,,,,,False,,0.002914595899517488,False,본문없음
00990819,,2017,,,,,,,,,,,,실패,,,,,,False,,0.002914595899517488,False,본문없음
00990819,,2018,,,,,,,,,,,,실패,,,,,,False,,0.002914595899517488,False,본문없음
00990819,,2019,,,,,,,,,,,,성공,보통,False,0.0,59103000.0,,False,,0.002914595899517488,False,본문없음
00990819,,2020,,,,,,,,,,,,성공,확정,False,243115000.0,35629000.0,,False,,0.002914595899517488,False,본문없음
00990819,(주)아티스트스튜디오,2021,CFS,72224785289.0,27579719145.0,44645066144.0,575503598.0,,4273713503.0,41024304421.0,3153606188.0,2332377227.0,-49547224.0,성공,확정,False,0.0,62563000.0,,False,0.007968228575511604,0.002914595899517488,False,적용대상아님
00990819,(주)아티스트스튜디오,2022,CFS,71642269060.0,29552965965.0,42089303095.0,2008744318.0,,3701147245.0,44422278789.0,-6252551794.0,-6365269908.0,-5183301862.0,성공,확정,False,205000000.0,366289000.0,CFS,False,0.028038535690678473,0.002914595899517488,False,적용대상아님
00990819,(주)아티스트스튜디오,2023,CFS,50859305753.0,10758274796.0,40101030957.0,148234324.0,,3088257879.0,41863614133.0,-7787502929.0,-7434464400.0,-3034865003.0,성공,확정,False,1087500000.0,905651000.0,CFS,False,0.002914595899517488,0.002914595899517488,False,적용대상아님
00990819,(주)아티스트스튜디오,2024,CFS,59269511420.0,5117658444.0,54151852976.0,144636800.0,,0.0,27306791627.0,-7321436149.0,-14954557399.0,13808490.0,성공,확정,False,0.0,6597000.0,CFS,False,0.002440323811260464,0.002914595899517488,False,적용대상아님
00990819,(주)아티스트스튜디오,2025,CFS,51828672206.0,2293775774.0,49534896432.0,138100323.0,,0.0,14618399763.0,-3007373300.0,-4698188664.0,-10603142573.0,성공,확정,False,0.0,6537000.0,CFS,False,0.002664554524011377,0.002914595899517488,False,적용대상아님
00991225,,2017,,,,,,,,,,,,실패,,,,,,False,,,False,본문없음
00991225,,2018,,,,,,,,,,,,실패,,,,,,False,,,False,본문없음
00991225,,2019,,,,,,,,,,,,실패,,,,,,False,,,False,본문없음
00991225,,2020,,,,,,,,,,,,실패,,,,,,False,,,False,본문없음
00991225,,2021,,,,,,,,,,,,실패,,,,,,False,,,False,본문없음
00991225,,2022,,,,,,,,,,,,실패,,,,,,False,,,False,본문없음
00991225,,2023,,,,,,,,,,,,실패,,,,,,False,,,False,본문없음
00991225,,2024,,,,,,,,,,,,실패,,,,,,False,,,False,본문없음
00991225,,2025,,,,,,,,,,,,실패,,,,,,False,,,False,본문없음
01021949,(주)덱스터스튜디오,2015,CFS,80140075102.0,6444135592.0,73695939510.0,1065969736.0,,,26054826787.0,4535666351.0,4127486813.0,5300740610.0,성공,확정,False,0.0,555783000.0,,False,0.013301331882248227,0.015840706204824237,True,사용가능
01021949,(주)덱스터스튜디오,2016,CFS,85681520652.0,7499686421.0,78181834231.0,1085831225.0,,,31776984491.0,2407177115.0,5131098638.0,2987936390.0,성공,확정,False,0.0,561233000.0,CFS,False,0.012672875279725259,0.015840706204824237,True,사용가능
01021949,(주)덱스터스튜디오,2017,CFS,89532234148.0,48652867580.0,40879366568.0,1418253817.0,,,25334023341.0,-21867728432.0,-34180578482.0,-13829476959.0,성공,확정,False,0.0,486462000.0,CFS,False,0.015840706204824237,0.015840706204824237,True,사용가능
01021949,(주)덱스터스튜디오,2018,CFS,80815032958.0,17589976176.0,63225056782.0,1190644226.0,,,39216741380.0,2067364239.0,2818373099.0,11937506906.0,성공,확정,False,0.0,333393000.0,CFS,False,0.014732954778584129,0.015840706204824237,True,사용가능
01021949,(주)덱스터스튜디오,2019,CFS,66525819237.0,11194472666.0,55331346571.0,978580143.0,,,55482724496.0,-5357793769.0,-7707267056.0,8160368757.0,성공,확정,False,66785000.0,248516000.0,CFS,False,0.014709779664851359,0.015840706204824237,True,사용가능
01021949,(주)덱스터스튜디오,2020,CFS,68566008956.0,11275174355.0,57290834601.0,802999745.0,,,26329132002.0,202551854.0,-3042768017.0,16565170021.0,성공,확정,False,34616000.0,202850000.0,CFS,False,0.011711338565954727,0.015840706204824237,True,사용가능
01021949,(주)덱스터스튜디오,2021,CFS,94721172636.0,32398609981.0,62322562655.0,5707908949.0,,,43025492366.0,-569745007.0,-447246624.0,-1534038749.0,성공,확정,False,57301000.0,340844000.0,CFS,False,0.06026011703776813,0.015840706204824237,True,사용가능
01021949,(주)덱스터스튜디오,2022,CFS,91913825993.0,34282975881.0,57630850112.0,4627341269.0,,,65905730689.0,-2512357680.0,-6173487763.0,3389766243.0,성공,확정,False,30148000.0,1137416000.0,CFS,False,0.05034434394399392,0.015840706204824237,True,사용가능
01021949,(주)덱스터스튜디오,2023,CFS,85927997593.0,27397729229.0,58530268364.0,3649066058.0,,,67717191460.0,-41361146.0,-886106340.0,11791522172.0,성공,확정,False,0.0,987424000.0,CFS,False,0.04246655525808815,0.015840706204824237,True,사용가능
01021949,(주)덱스터스튜디오,2024,CFS,103565610601.0,54676679449.0,48888931152.0,2577922547.0,,,53688139351.0,-8895513452.0,-10736203823.0,2621608354.0,성공,확정,False,537068000.0,552343000.0,CFS,False,0.024891684913941003,0.015840706204824237,True,사용가능
01021949,(주)덱스터스튜디오,2025,CFS,110955446744.0,67638691099.0,43316755645.0,6974834259.0,,,55416993715.0,-6505871065.0,-6793621017.0,-7708424218.0,성공,확정,False,0.0,696304000.0,CFS,False,0.0628615760981303,0.015840706204824237,True,사용가능
01046203,(주)로아앤코홀딩스,2015,OFS,23879113571.0,4594330577.0,19284782994.0,190494984.0,,1900778671.0,20666173999.0,1141407590.0,-6790556048.0,-2959346192.0,성공,확정,False,0.0,106467000.0,,False,0.007977473009356039,0.0502813992901037,True,사용가능
01046203,(주)로아앤코홀딩스,2016,CFS,57229480368.0,14007037786.0,43222442582.0,2038448417.0,,2554718293.0,29076104755.0,-579324047.0,-569867184.0,-842353337.0,성공,확정,False,0.0,69154000.0,OFS,True,0.035618852449686114,0.0502813992901037,True,사용가능
01046203,(주)로아앤코홀딩스,2017,CFS,54659441846.0,8796847213.0,45862594633.0,2077130375.0,,3081888082.0,46522004738.0,-510442803.0,-2465152718.0,-9171845993.0,성공,확정,False,0.0,77034000.0,CFS,False,0.03800130965208539,0.0502813992901037,True,사용가능
01046203,(주)로아앤코홀딩스,2018,CFS,58843721642.0,12152463727.0,46691257915.0,4049426694.0,,2776390332.0,27311088490.0,-1217222836.0,-359930994.0,-2748507182.0,성공,확정,False,0.0,87836000.0,CFS,False,0.06881663125654006,0.0502813992901037,True,사용가능
01046203,(주)로아앤코홀딩스,2019,CFS,79274812640.0,37971327510.0,41303485130.0,3986048508.0,,2806399807.0,40606058762.0,-8620470668.0,-5670826187.0,-717461939.0,성공,확정,False,0.0,81636000.0,CFS,False,0.0502813992901037,0.0502813992901037,True,사용가능
01046203,(주)로아앤코홀딩스,2020,CFS,62033756276.0,29629926957.0,32403829319.0,3466005931.0,,9527968298.0,14962003987.0,-4702417450.0,-10561290992.0,-4759724095.0,성공,확정,False,1842319000.0,64325000.0,CFS,False,0.05587290112788075,0.0502813992901037,True,사용가능
01046203,(주)로아앤코홀딩스,2021,CFS,114225444220.0,56084512045.0,58140932175.0,7896913909.0,,868891328.0,34525693061.0,-1039406226.0,7833589878.0,946450371.0,성공,확정,False,160333000.0,4188800000.0,CFS,False,0.06913445566287682,0.0502813992901037,True,사용가능
01046203,(주)로아앤코홀딩스,2022,CFS,120313884906.0,54631183358.0,65682701548.0,3069137107.0,,39506898772.0,18481103877.0,-3949483310.0,-32951620305.0,8432588735.0,성공,확정,False,0.0,4872918000.0,CFS,False,0.02550941738268933,0.0502813992901037,True,사용가능
01046203,(주)로아앤코홀딩스,2023,CFS,85719189484.0,34844287652.0,50874901832.0,2201777943.0,,20368385407.0,5702630850.0,-22246032011.0,-42980913412.0,-12152234838.0,성공,확정,False,300000000.0,1265841000.0,CFS,False,0.025685939825772327,0.0502813992901037,True,사용가능
01046203,(주)로아앤코홀딩스,2024,CFS,87169549240.0,44426428480.0,42743120760.0,7069552820.0,,21587062932.0,7126651825.0,-7003453500.0,-10634676320.0,-3539438582.0,성공,확정,False,626504000.0,755828000.0,CFS,False,0.0811011744541172,0.0502813992901037,True,사용가능
01046203,(주)로아앤코홀딩스,2025,CFS,79649870540.0,51857616650.0,27792253890.0,6563833423.0,,23555434861.0,12973995794.0,-4740034684.0,-15059256032.0,-4249088172.0,성공,확정,False,1000000000.0,1907588000.0,CFS,False,0.08240858872085242,0.0502813992901037,True,사용가능
01047840,미스터블루(주),2015,OFS,30026957033.0,8624299598.0,21402657435.0,4132460078.0,,62177282.0,17091215394.0,3684223789.0,-6057867884.0,3491387822.0,성공,확정,False,0.0,,,False,0.13762500387429785,0.21563957134589318,True,사용가능
01047840,미스터블루(주),2016,CFS,34501121675.0,7877608218.0,26623513457.0,12926498950.0,86733061.0,62333214.0,24032240764.0,4718409138.0,4001466980.0,1934563709.0,실패,,,,,OFS,True,0.37466894762922226,0.21563957134589318,True,주석대사실패
01047840,미스터블루(주),2017,CFS,37985826791.0,8734598184.0,29251228607.0,13878462994.0,305966276.0,60116845.0,30160716931.0,3621122823.0,3109281200.0,3303229570.0,실패,,,,,CFS,False,0.36535898166334585,0.21563957134589318,True,주석대사실패
01047840,미스터블루(주),2018,CFS,44276627328.0,12183754664.0,32092872664.0,13244521787.0,,86051163.0,30977078403.0,3953323242.0,2759747185.0,6269110614.0,실패,,,,,CFS,False,0.2991312253502273,0.21563957134589318,True,주석대사실패
01047840,미스터블루(주),2019,CFS,62303333656.0,19396851728.0,42906481928.0,13435064163.0,,23654783.0,63888589410.0,13861905335.0,12040617526.0,17282864806.0,실패,,,,,CFS,False,0.21563957134589318,0.21563957134589318,True,주석대사실패
01047840,미스터블루(주),2020,CFS,70272951026.0,16897147204.0,53375803822.0,11217888919.0,,22624451.0,80687721436.0,14394406596.0,12247807055.0,18336763057.0,실패,,,,,CFS,False,0.15963309858510907,0.21563957134589318,True,주석대사실패
01047840,미스터블루(주),2021,CFS,80743568438.0,15403881147.0,65339687291.0,9859866342.0,,7197472.0,61454693996.0,6768263034.0,6747268136.0,8664580736.0,실패,,,,,CFS,False,0.12211333401212045,0.21563957134589318,True,주석대사실패
01047840,미스터블루(주),2022,CFS,136410230389.0,68160009014.0,68250221375.0,52415180191.0,,324207195.0,77157401313.0,7440975335.0,3135273021.0,8244729197.0,실패,,,,,CFS,False,0.38424669499881375,0.21563957134589318,True,주석대사실패
01047840,미스터블루(주),2023,CFS,115163036613.0,59546875225.0,55616161388.0,44168455768.0,,604338099.0,74126065820.0,694659937.0,-11228581159.0,3412481420.0,실패,,,,,CFS,False,0.3835297945158048,0.21563957134589318,True,주석대사실패
01047840,미스터블루(주),2024,CFS,94852623352.0,36159143615.0,58693479737.0,6217456383.0,,438264879.0,70341804726.0,-13552961926.0,-16743234375.0,-6176441168.0,성공,보통,False,0.0,,CFS,False,0.06554859700534474,0.21563957134589318,True,사용가능
01047840,미스터블루(주),2025,CFS,66711853974.0,26302769084.0,40409084890.0,7740999172.0,,323705470.0,67463445141.0,-2457410069.0,-18558584565.0,2414749669.0,실패,,,,,CFS,False,0.11603633703564804,0.21563957134589318,True,주석대사실패
01082418,(주)에스에이엠지엔터테인먼트,2022,CFS,76681028784.0,29592333346.0,47088695438.0,11072321136.0,,11420600627.0,68322017040.0,-363931469.0,-22963177973.0,-1932404451.0,성공,확정,False,1984601000.0,2570434000.0,,False,0.14439453032365043,0.13707945672536587,True,사용가능
01082418,(주)에스에이엠지엔터테인먼트,2023,CFS,100134482698.0,53042963767.0,47091518931.0,13272551802.0,,18473332153.0,95122568514.0,-9418335494.0,-17103166950.0,-11866675332.0,성공,확정,False,3542464000.0,3200180000.0,CFS,False,0.1325472648820614,0.13707945672536587,True,사용가능
01082418,(주)에스에이엠지엔터테인먼트,2024,CFS,97350436100.0,66575968649.0,30774467451.0,13785955745.0,,7669044713.0,116438413800.0,-6109144833.0,-19377563851.0,32766501710.0,성공,확정,False,287608000.0,6752120000.0,CFS,False,0.14161164856867037,0.13707945672536587,True,사용가능
01082418,(주)에스에이엠지엔터테인먼트,2025,CFS,135675924046.0,52252771949.0,83423152097.0,14322393460.0,,16489721828.0,141251628528.0,22632697773.0,30139738980.0,23807507937.0,성공,확정,False,1379000.0,,CFS,False,0.10556326452690376,0.13707945672536587,True,사용가능
01116502,(주)아티스트컴퍼니,2020,CFS,7459471188.0,9059623686.0,-1600152498.0,873607095.0,,,29012708970.0,-4033201141.0,-4120275600.0,-2639334819.0,성공,확정,False,0.0,252445000.0,,False,0.11711381048101181,0.07089688240831081,True,사용가능
01116502,(주)아티스트컴퍼니,2021,CFS,62091631695.0,36478501900.0,25613129795.0,4324765940.0,5363632960.0,1732351594.0,35420948949.0,-5475563541.0,-7951297311.0,-3693322851.0,성공,확정,False,0.0,412474000.0,CFS,False,0.06965134949655795,0.07089688240831081,True,사용가능
01116502,(주)아티스트컴퍼니,2022,CFS,48981064431.0,41554710295.0,7426354136.0,3533612293.0,201711866.0,607411245.0,35760012569.0,-6306382768.0,-18952081115.0,-4425980191.0,성공,확정,False,5161921000.0,791730000.0,CFS,False,0.07214241532006367,0.07089688240831081,True,사용가능
01116502,(주)아티스트컴퍼니,2023,CFS,61225407741.0,32719925014.0,28505482727.0,179012001.0,,0.0,21272385828.0,-3277590268.0,-5289845391.0,-1279658873.0,성공,보통,False,0.0,,CFS,False,0.0029238188458828905,0.07089688240831081,True,사용가능
01116502,(주)아티스트컴퍼니,2024,CFS,52591911168.0,29302511044.0,23289400124.0,800221021.0,,0.0,21265284097.0,-3148114885.0,-7814275067.0,-8813917748.0,성공,보통,False,0.0,,CFS,False,0.015215667261905883,0.07089688240831081,True,사용가능
01116502,(주)아티스트컴퍼니,2025,CFS,71642914566.0,32024074331.0,39618840235.0,13937942949.0,,,46650140282.0,-3958696884.0,1120755257.0,6157884480.0,성공,확정,False,4416667000.0,1956904000.0,CFS,False,0.19454740267664392,0.07089688240831081,True,사용가능
01138364,,2021,,,,,,,,,,,,실패,,,,,,False,,0.02229288091637371,True,본문없음
01138364,,2022,,,,,,,,,,,,실패,,,,,,False,,0.02229288091637371,True,본문없음
01138364,더핑크퐁컴퍼니(주),2023,CFS,132100559590.0,45743180382.0,86357379208.0,9006515621.0,,3338358979.0,94629881285.0,-3222736589.0,-18336595867.0,16507806175.0,실패,,,,,,False,0.06817923897486497,0.02229288091637371,True,주석대사실패
01138364,더핑크퐁컴퍼니(주),2024,CFS,129584693779.0,35921043728.0,93663650051.0,2888816147.0,,2922103654.0,97368182311.0,18811003153.0,4993681688.0,27601222906.0,실패,,,,,CFS,False,0.02229288091637371,0.02229288091637371,True,주석대사실패
01138364,더핑크퐁컴퍼니(주),2025,CFS,203902425258.0,19699712283.0,184202712975.0,3915214474.0,,3676626364.0,93861865441.0,19362248868.0,18124112294.0,20936093742.0,실패,,,,,CFS,False,0.01920141199422241,0.02229288091637371,True,주석대사실패
01139965,주식회사 스튜디오미르,2022,CFS,25346223640.0,4406649594.0,20939574046.0,241580000.0,,,25781360550.0,3339855242.0,1510994868.0,3016407683.0,성공,보통,False,0.0,,,False,0.009531202889678283,0.009474770118526685,True,사용가능
01139965,주식회사 스튜디오미르,2023,CFS,40676139458.0,3823664901.0,36852474557.0,416265000.0,,,23161814202.0,861046653.0,2503754270.0,6288543403.0,성공,보통,False,0.0,,CFS,False,0.010233640791545935,0.009474770118526685,True,사용가능
01139965,주식회사 스튜디오미르,2024,CFS,43687597857.0,4262178443.0,39425419414.0,409005000.0,,,17570718243.0,-1902218175.0,108524281.0,717139646.0,성공,보통,False,0.0,,CFS,False,0.009362039115512179,0.009474770118526685,True,사용가능
01139965,주식회사 스튜디오미르,2025,CFS,42655617991.0,4097424867.0,38558193124.0,401745000.0,,,16391297221.0,-2145865828.0,-1433907191.0,-1386718533.0,성공,보통,False,0.0,,CFS,False,0.009418337347375088,0.009474770118526685,True,사용가능
01168684,스튜디오드래곤(주),2017,CFS,459453883583.0,91010398750.0,368443484833.0,127525594715.0,,,286788567809.0,32977618561.0,23846968479.0,-7177964174.0,성공,확정,True,,41769803000.0,,False,0.27755907452670947,0.32858159544743565,True,상각손상합산
01168684,스튜디오드래곤(주),2018,CFS,512374587654.0,111089075582.0,401285512072.0,198530945651.0,,,379606273010.0,39891820303.0,35833521799.0,-29054648659.0,성공,확정,True,,75468933000.0,CFS,False,0.3874722721124987,0.32858159544743565,True,상각손상합산
01168684,스튜디오드래곤(주),2019,CFS,581557107129.0,153306914808.0,428250192321.0,233142287059.0,,,468660678163.0,28701606368.0,26424613466.0,-12176095691.0,성공,확정,True,,115019681000.0,CFS,False,0.40089319552806146,0.32858159544743565,True,상각손상합산
01168684,스튜디오드래곤(주),2020,CFS,757299504134.0,147952225200.0,609347278934.0,230416919971.0,,0.0,525729451263.0,49117055975.0,29619306416.0,5210495083.0,성공,확정,True,,116575185000.0,CFS,False,0.30426128462145274,0.32858159544743565,True,상각손상합산
01168684,스튜디오드래곤(주),2021,CFS,884028333744.0,200163847030.0,683864486714.0,298028251868.0,,,487113525190.0,52576803933.0,39048169618.0,-8375258954.0,성공,확정,True,,99149629000.0,CFS,False,0.3371252260725662,0.32858159544743565,True,상각손상합산
01168684,스튜디오드래곤(주),2022,CFS,1090666384738.0,429935208171.0,660731176567.0,377835439955.0,,,697945822981.0,65219473466.0,50564996667.0,-62911673466.0,성공,확정,True,,158945504000.0,CFS,False,0.34642622642648296,0.32858159544743565,True,상각손상합산
01168684,스튜디오드래곤(주),2023,CFS,1092226033778.0,384456010525.0,707770023253.0,358885372768.0,,,753145749935.0,55871055692.0,30082921099.0,44744697167.0,성공,확정,True,,197469701000.0,CFS,False,0.32858159544743565,0.32858159544743565,True,상각손상합산
01168684,스튜디오드래곤(주),2024,CFS,925506475223.0,185882470870.0,739624004353.0,204856594091.0,,,550080744350.0,36393818100.0,33488155067.0,179617417522.0,성공,확정,True,,161544419000.0,CFS,False,0.2213453925772264,0.32858159544743565,True,상각손상합산
01168684,스튜디오드래곤(주),2025,CFS,1034472891355.0,234222074125.0,800250817230.0,228995860812.0,,,530685384145.0,30359009641.0,10319624051.0,-9806949401.0,성공,확정,False,18822098000.0,131348912000.0,CFS,False,0.2213647769078325,0.32858159544743565,True,사용가능
01186404,주식회사 디앤씨미디어,2017,OFS,35747219967.0,3771774963.0,31975445004.0,93505450.0,,277297657.0,26536904342.0,5432589183.0,4536199332.0,3511342780.0,성공,확정,False,0.0,2321000.0,,False,0.002615740471184037,0.158393510203744,True,사용가능
01186404,주식회사 디앤씨미디어,2018,CFS,43639727144.0,7118077605.0,36521649539.0,111305693.0,,726234537.0,32910221877.0,5801455623.0,4917413308.0,4378481065.0,성공,확정,False,0.0,7712000.0,OFS,True,0.002550558866528187,0.158393510203744,True,사용가능
01186404,주식회사 디앤씨미디어,2019,CFS,53449595113.0,11928154790.0,41521440323.0,107546930.0,,1015476050.0,42139941288.0,7913751789.0,4852476454.0,5035332419.0,성공,확정,False,0.0,10098000.0,CFS,False,0.0020121187031001933,0.158393510203744,True,사용가능
01186404,주식회사 디앤씨미디어,2020,CFS,63725229592.0,11696158408.0,52029071184.0,244643866.0,,585362314.0,57733988624.0,13147011574.0,10867446534.0,12383257527.0,성공,확정,False,0.0,26067000.0,CFS,False,0.0038390425199929345,0.158393510203744,True,사용가능
01186404,주식회사 디앤씨미디어,2021,CFS,88176266873.0,18224645552.0,69951621321.0,21144291517.0,,694962587.0,67421822042.0,15145627513.0,15503064978.0,13019943003.0,성공,확정,False,0.0,,CFS,False,0.23979572130734517,0.158393510203744,True,사용가능
01186404,주식회사 디앤씨미디어,2022,CFS,93947407896.0,17536314518.0,76411093378.0,21697695755.0,,1087596789.0,61214379663.0,5859879124.0,6142385719.0,5444271784.0,성공,확정,False,0.0,1677494000.0,CFS,False,0.23095576813592772,0.158393510203744,True,사용가능
01186404,주식회사 디앤씨미디어,2023,CFS,98660403959.0,17631986431.0,81028417528.0,20681047354.0,,1052636483.0,60372245944.0,3486546807.0,3961963285.0,4678368740.0,성공,확정,False,0.0,1421281000.0,CFS,False,0.20961851486635266,0.158393510203744,True,사용가능
01186404,주식회사 디앤씨미디어,2024,CFS,115265240226.0,27168502128.0,88096738098.0,25073798964.0,,862666751.0,83514767448.0,10278991964.0,10796993994.0,14051094812.0,성공,확정,False,0.0,1773007000.0,CFS,False,0.21753131225717245,0.158393510203744,True,사용가능
01186404,주식회사 디앤씨미디어,2025,CFS,117432951843.0,21770740930.0,95662210913.0,18600617456.0,,959834643.0,85471656697.0,17336284379.0,7983639019.0,15054205467.0,성공,확정,False,5477953000.0,1613881000.0,CFS,False,0.158393510203744,0.158393510203744,True,사용가능
01204056,(주)하이브,2020,CFS,1924442638000.0,725503228000.0,1198939410000.0,288374913000.0,,61961013000.0,796283397000.0,145515649000.0,87061118000.0,116677031000.0,성공,확정,False,0.0,13521264000.0,,False,0.149848536561057,0.33201405181400245,True,사용가능
01204056,(주)하이브,2021,CFS,4728915303000.0,1842330260000.0,2886585043000.0,1330038427000.0,,83184815000.0,1255926483000.0,190247657000.0,140834607000.0,177258248000.0,성공,확정,False,0.0,47156825000.0,CFS,False,0.28125655499818963,0.33201405181400245,True,사용가능
01204056,(주)하이브,2022,CFS,4870434315000.0,1941754310000.0,2928680005000.0,1470169884000.0,,79181815000.0,1776153957000.0,236907930000.0,48032125000.0,347125164000.0,성공,확정,False,83383590000.0,68746044000.0,CFS,False,0.30185601301965204,0.33201405181400245,True,사용가능
01204056,(주)하이브,2023,CFS,5345681487000.0,2235766519000.0,3109914968000.0,2165250407000.0,,125860185000.0,2178088207000.0,295643307000.0,183449559000.0,310627196000.0,성공,확정,False,95562539000.0,74222154000.0,CFS,False,0.40504665537324036,0.33201405181400245,True,사용가능
01204056,(주)하이브,2024,CFS,5479186860000.0,1965408202000.0,3513778658000.0,2244256804000.0,,163151790000.0,2255648536000.0,184045287000.0,-3431847000.0,151599247000.0,성공,확정,False,89746480000.0,84506106000.0,CFS,False,0.40959669041110236,0.33201405181400245,True,사용가능
01204056,(주)하이브,2025,CFS,5485474443000.0,1934017978000.0,3551456465000.0,1986685747000.0,,184400391000.0,2649870246000.0,49318276000.0,-254385318000.0,107483561000.0,성공,확정,False,163683556000.0,87516114000.0,CFS,False,0.36217209060835287,0.33201405181400245,True,사용가능
01264438,(주)자이언트스텝,2020,CFS,22663934746.0,7849042726.0,14814892020.0,765033036.0,,461563692.0,20223107408.0,,-1422167643.0,332920822.0,성공,확정,False,0.0,261955000.0,,False,0.03375552588612276,0.028803741981265105,True,사용가능
01264438,(주)자이언트스텝,2021,CFS,143724545361.0,16573953529.0,127150591832.0,1972687152.0,,31188409.0,33157055213.0,-2908565928.0,-3471517212.0,485804808.0,성공,확정,False,0.0,288497000.0,CFS,False,0.013725471505546285,0.028803741981265105,True,사용가능
01264438,(주)자이언트스텝,2022,CFS,146288744916.0,23324552269.0,122964192647.0,10908619183.0,,168595903.0,40619850156.0,-17860766009.0,-12676277323.0,-7470247940.0,성공,확정,False,0.0,486674000.0,CFS,False,0.07456909408351137,0.028803741981265105,True,사용가능
01264438,(주)자이언트스텝,2023,CFS,127106270231.0,28482338772.0,98623931459.0,9733201831.0,,312366569.0,42309465927.0,-26059397731.0,-25162118393.0,-13280493357.0,실패,,,,,CFS,False,0.07657530830942567,0.028803741981265105,True,주석대사실패
01264438,(주)자이언트스텝,2024,CFS,91693857460.0,21606970087.0,70086887373.0,2187078044.0,,542293715.0,50088415919.0,-17292787337.0,-28283670436.0,-8183186542.0,실패,,,,,CFS,False,0.023851958076407446,0.028803741981265105,True,주석대사실패
01264438,(주)자이언트스텝,2025,CFS,69971423176.0,16408759023.0,53562664153.0,1174085925.0,,252777780.0,36726021382.0,-18997198393.0,-17591107936.0,-12369664828.0,실패,,,,,CFS,False,0.016779506142769268,0.028803741981265105,True,주석대사실패
01267222,(주)에피소드컴퍼니,2019,CFS,21133741428.0,3383563350.0,17750178078.0,150366707.0,,882680137.0,9724378450.0,-1712999816.0,-1956383231.0,-1666869566.0,성공,확정,False,0.0,30597000.0,,False,0.00711500647021165,0.06551104657326866,True,사용가능
01267222,(주)에피소드컴퍼니,2020,CFS,18551829870.0,4908532816.0,13643297054.0,1255632656.0,,770910698.0,6235193370.0,-2442776818.0,-4020570719.0,-166165832.0,성공,확정,False,668977000.0,131204000.0,CFS,False,0.06768241541663081,0.06551104657326866,True,사용가능
01267222,(주)에피소드컴퍼니,2021,CFS,16997041022.0,4655916849.0,12341124173.0,1113493946.0,,727287438.0,6686099596.0,-2282770363.0,-2011425211.0,-693318566.0,성공,확정,False,25000000.0,131546000.0,CFS,False,0.06551104657326866,0.06551104657326866,True,사용가능
01267222,(주)에피소드컴퍼니,2022,CFS,14947005721.0,3839751259.0,11107254462.0,1005272802.0,,593985578.0,10088032993.0,-2088411993.0,-1404429349.0,-1121782163.0,성공,확정,False,318000.0,119770000.0,CFS,False,0.0672557983026412,0.06551104657326866,True,사용가능
01267222,(주)에피소드컴퍼니,2023,CFS,12023879916.0,6225832586.0,5798047330.0,1099965199.0,,377569862.0,8483510899.0,-3677587098.0,-5522902385.0,-2376221356.0,성공,확정,False,80999000.0,111580000.0,CFS,False,0.09148171860368404,0.06551104657326866,True,사용가능
01267222,(주)에피소드컴퍼니,2024,CFS,18341922592.0,6279297819.0,12062624773.0,183849728.0,,305040378.0,5677574243.0,-3610777923.0,-4895289645.0,-2470097348.0,성공,확정,False,904428000.0,260622000.0,CFS,False,0.010023470935385354,0.06551104657326866,True,사용가능
01267222,(주)에피소드컴퍼니,2025,CFS,28151686504.0,6889406510.0,21262279994.0,133282928.0,,319814151.0,5683497607.0,-3555910328.0,-6321233881.0,-9013423143.0,성공,확정,False,0.0,204240000.0,CFS,False,0.0047344562458473734,0.06551104657326866,True,사용가능
01276327,(주)위지윅스튜디오,2018,OFS,59265842031.0,15148269526.0,44117572505.0,100381431.0,,,23648769031.0,5017834188.0,4665593545.0,4234305288.0,실패,,,,,,False,0.0016937484993040982,0.12526931694371113,True,주석대사실패
01276327,(주)위지윅스튜디오,2019,CFS,109200110008.0,38738129702.0,70461980306.0,17003513907.0,,4311046189.0,46404117221.0,6631458880.0,6509732060.0,402808577.0,실패,,,,,OFS,True,0.15570967745137182,0.12526931694371113,True,주석대사실패
01276327,(주)위지윅스튜디오,2020,CFS,178935675386.0,84468284069.0,94467391317.0,28402711230.0,,5318172798.0,110194388877.0,1849297172.0,3186637701.0,-4852953383.0,실패,,,,,CFS,False,0.15873140539878186,0.12526931694371113,True,주석대사실패
01276327,(주)위지윅스튜디오,2021,CFS,370469443510.0,106456711991.0,264012731519.0,46806939706.0,,6208764715.0,120283764981.0,-3954732702.0,-18272273530.0,-3083069840.0,실패,,,,,CFS,False,0.1263449402534505,0.12526931694371113,True,주석대사실패
01276327,(주)위지윅스튜디오,2022,CFS,386550617429.0,140948468189.0,245602149240.0,57841641461.0,,9554734636.0,186344639061.0,-24913262401.0,-27191529964.0,-24084233396.0,성공,확정,False,166666000.0,6440248000.0,CFS,False,0.14963536171721187,0.12526931694371113,True,사용가능
01276327,(주)위지윅스튜디오,2023,CFS,337160026663.0,103250999242.0,233909027421.0,40581996058.0,,7145667881.0,147335163984.0,-20281322515.0,46673309727.0,-2070996508.0,성공,확정,False,0.0,6343047000.0,CFS,False,0.12036419755821984,0.12526931694371113,True,사용가능
01276327,(주)위지윅스튜디오,2024,CFS,293502455885.0,119907609891.0,173594845994.0,36451154087.0,,14576764459.0,80432665935.0,-11816014440.0,-60298960409.0,-7591004494.0,성공,확정,False,2474083000.0,4499270000.0,CFS,False,0.12419369363397176,0.12526931694371113,True,사용가능
01276327,(주)위지윅스튜디오,2025,CFS,242562329443.0,110331848085.0,132230481358.0,27176089663.0,,8174646028.0,101995172098.0,-9556606628.0,-41781737653.0,-9287958765.0,성공,확정,False,9451567000.0,3699835000.0,CFS,False,0.11203755226710148,0.12526931694371113,True,사용가능
01303029,주식회사 알비더블유,2021,CFS,101747835431.0,46295607232.0,55452228199.0,23417579406.0,,999237467.0,59620243030.0,9577730579.0,7644786835.0,-6730802913.0,성공,확정,False,0.0,1792144000.0,,False,0.23015309669049977,0.22352736772995663,True,사용가능
01303029,주식회사 알비더블유,2022,CFS,144828008654.0,56090682891.0,88737325763.0,32373023548.0,,1536419397.0,63086449910.0,2815259566.0,1114161495.0,11182839985.0,성공,확정,False,0.0,3109270000.0,CFS,False,0.22352736772995663,0.22352736772995663,True,사용가능
01303029,주식회사 알비더블유,2023,CFS,182020249457.0,96166871900.0,85853377557.0,42989671043.0,,2383141669.0,91434324727.0,-2247765168.0,-5537504670.0,-1798293968.0,성공,확정,False,530780000.0,3373277000.0,CFS,False,0.23618070610960112,0.22352736772995663,True,사용가능
01303029,주식회사 알비더블유,2024,CFS,164140277468.0,94044015202.0,70096262266.0,32382472891.0,,1998746770.0,62519905445.0,-12208367924.0,-11494490662.0,21448125109.0,성공,확정,False,5829728000.0,2846945000.0,CFS,False,0.19728535488380133,0.22352736772995663,True,사용가능
01303029,주식회사 알비더블유,2025,CFS,181624822255.0,114089652583.0,67535169672.0,39044620671.0,,2414446420.0,46476881443.0,169191031.0,-3822576836.0,252266757.0,성공,확정,False,3388003000.0,3115036000.0,CFS,False,0.21497403375944737,0.22352736772995663,True,사용가능
01335578,,2018,,,,,,,,,,,,실패,,,,,,False,,0.5097925541371531,True,본문없음
01335578,(주)애니플러스,2019,OFS,6825555752.0,1089032609.0,5736523143.0,,,,,-170852738.0,-67782642.0,-250089925.0,성공,보통,False,0.0,4406579000.0,,False,,0.5097925541371531,True,사용가능
01335578,(주)애니플러스,2020,CFS,29132885269.0,12392800509.0,16740084760.0,9343689017.0,,312891091.0,15885920927.0,-1032501836.0,-4031987365.0,4117010483.0,성공,확정,False,0.0,4720425000.0,OFS,True,0.32072652367675103,0.5097925541371531,True,사용가능
01335578,(주)애니플러스,2021,CFS,101344429359.0,55126325349.0,46218104010.0,14530795596.0,,2410186284.0,49036805412.0,13009415839.0,21299407030.0,16198929982.0,성공,확정,False,0.0,5085637000.0,CFS,False,0.1433803089909014,0.5097925541371531,True,사용가능
01335578,(주)애니플러스,2022,CFS,141531814054.0,61008563067.0,80523250987.0,70355491909.0,,4797858558.0,58131424584.0,9626892101.0,5446041060.0,21205872687.0,성공,확정,False,258000000.0,7301780000.0,CFS,False,0.497100191778483,0.5097925541371531,True,사용가능
01335578,(주)애니플러스,2023,CFS,199639542919.0,98515906429.0,101123636490.0,126894960073.0,,3189694397.0,111346904329.0,22862982635.0,10393572993.0,33735883028.0,성공,확정,False,0.0,12793430000.0,CFS,False,0.6356203696803957,0.5097925541371531,True,사용가능
01335578,(주)애니플러스,2024,CFS,255587888312.0,131747055312.0,123840833000.0,138023911205.0,,2461473376.0,130975963475.0,25139081598.0,18029079938.0,44565683980.0,성공,확정,False,1516159000.0,21072373000.0,CFS,False,0.540025241871055,0.5097925541371531,True,사용가능
01335578,(주)애니플러스,2025,CFS,271345115964.0,143193477369.0,128151638595.0,141773730256.0,,3781092780.0,150299705151.0,22683638558.0,14044673132.0,85644590005.0,성공,확정,False,1125679000.0,25251863000.0,CFS,False,0.5224849164958232,0.5097925541371531,True,사용가능
01343735,,2019,,,,,,,,,,,,실패,,,,,,False,,,False,본문없음
01343735,,2020,,,,,,,,,,,,실패,,,,,,False,,,False,본문없음
01343735,,2021,,,,,,,,,,,,실패,,,,,,False,,,False,본문없음
01343735,,2022,,,,,,,,,,,,실패,,,,,,False,,,False,본문없음
01364297,,2019,,,,,,,,,,,,실패,,,,,,False,,0.351857185404449,True,본문없음
01364297,(주)코퍼스코리아,2020,CFS,50351393445.0,12210217409.0,38141176036.0,16184745349.0,,686851263.0,21653561984.0,5350053659.0,2120741942.0,9807507440.0,성공,확정,False,894435304.0,4275000064.0,,False,0.32143589763169067,0.351857185404449,True,사용가능
01364297,(주)코퍼스코리아,2021,CFS,108707590562.0,59870741349.0,48836849213.0,23946300892.0,,742703352.0,33859196914.0,10292152960.0,8092226091.0,5945229921.0,성공,확정,False,1636268742.0,4983259632.0,CFS,False,0.22028177396078455,0.351857185404449,True,사용가능
01364297,(주)코퍼스코리아,2022,CFS,140299100400.0,92691796475.0,47607303925.0,43361249314.0,,18981354759.0,29268713289.0,9124945624.0,-1431942513.0,17100943254.0,성공,확정,False,990000000.0,7910329300.0,CFS,False,0.3090629176550301,0.351857185404449,True,사용가능
01364297,(주)코퍼스코리아,2023,CFS,136087723361.0,79171740609.0,56915982752.0,64182298394.0,,6523004075.0,44653729856.0,1698159467.0,3182189140.0,35373967693.0,성공,확정,False,0.0,23070218685.0,CFS,False,0.4716244552327734,0.351857185404449,True,사용가능
01364297,(주)코퍼스코리아,2024,CFS,86670908071.0,54497575555.0,32173332516.0,34954447207.0,,0.0,41832380954.0,-29362271394.0,-25120238593.0,-576502562.0,성공,확정,False,2223491780.0,33714158007.0,CFS,False,0.40330080744470387,0.351857185404449,True,사용가능
01364297,(주)코퍼스코리아,2025,CFS,66932726997.0,41494844518.0,25437882479.0,25586940682.0,,1956940471.0,32900432613.0,-7093848478.0,-13595975484.0,661443047.0,성공,확정,False,828547456.0,11899241388.0,CFS,False,0.38227847317720726,0.351857185404449,True,사용가능
01406265,주식회사 와이랩,2023,CFS,46289785553.0,14166641778.0,32123143775.0,297875106.0,,66336905.0,19417877182.0,-5513759393.0,-6088783916.0,-1666146000.0,성공,확정,False,0.0,49652000.0,,False,0.006435007257895905,0.006435007257895905,True,사용가능
01406265,주식회사 와이랩,2024,CFS,54063419425.0,14664899334.0,39398520091.0,318723362.0,,208581247.0,24966419682.0,-10038794764.0,-9501595225.0,-14617949788.0,성공,확정,False,0.0,60163000.0,CFS,False,0.005895360770551187,0.006435007257895905,True,사용가능
01406265,주식회사 와이랩,2025,CFS,40799773038.0,9807071946.0,30992701092.0,480861770.0,,296697603.0,37069228892.0,-8738323305.0,-8629634182.0,-11496412566.0,성공,확정,False,0.0,99284000.0,CFS,False,0.011785893258576121,0.006435007257895905,True,사용가능
01467451,(주)케이티밀리의서재,2023,OFS,78732177143.0,21010083742.0,57722093401.0,1173954080.0,,180899079.0,56572748963.0,10406126329.0,14537918835.0,9586004706.0,성공,확정,False,0.0,127907000.0,,False,0.014910728022518237,0.03752996375057326,True,사용가능
01467451,(주)케이티밀리의서재,2024,OFS,88201101312.0,17766820329.0,70434280983.0,3310184135.0,,260726208.0,72598807189.0,11001459438.0,11502934354.0,14012589199.0,성공,확정,False,384500000.0,881368000.0,OFS,False,0.03752996375057326,0.03752996375057326,True,사용가능
01467451,(주)케이티밀리의서재,2025,OFS,110102759082.0,23163106818.0,86939652264.0,4862760044.0,,74005903.0,88189777012.0,14370840675.0,15762338474.0,12772373694.0,성공,확정,False,1525356000.0,2726851000.0,OFS,False,0.04416565111123525,0.03752996375057326,True,사용가능
01508855,,2020,,,,,,,,,,,,실패,,,,,,False,,0.19292511180010913,True,본문없음
01508855,(주)블리츠웨이엔터테인먼트,2021,OFS,20557689115.0,4254460295.0,16303228820.0,190654320.0,,1143558732.0,15850396278.0,3062840559.0,-11035681507.0,4435974664.0,성공,확정,False,0.0,366248000.0,,False,0.009274112422533344,0.19292511180010913,True,사용가능
01508855,(주)블리츠웨이엔터테인먼트,2022,CFS,49916258522.0,11645965720.0,38270292802.0,9630099756.0,,2654600141.0,19148249408.0,-3643136406.0,-3505245600.0,-3368706883.0,성공,확정,False,0.0,1013570000.0,OFS,True,0.19292511180010913,0.19292511180010913,True,사용가능
01508855,(주)블리츠웨이엔터테인먼트,2023,CFS,43598752431.0,15502537947.0,28096214484.0,8283932948.0,,913144345.0,8939744033.0,-8087740075.0,-10041181452.0,-6397418198.0,성공,확정,False,0.0,1828117000.0,CFS,False,0.19000389887555313,0.19292511180010913,True,사용가능
01508855,(주)블리츠웨이엔터테인먼트,2024,CFS,53512255891.0,22019109341.0,31493146550.0,18044597194.0,,1268932535.0,36265077360.0,-6620604948.0,-8028412938.0,-953422777.0,성공,확정,False,620387000.0,3120482000.0,CFS,False,0.33720494293410724,0.19292511180010913,True,사용가능
01508855,(주)블리츠웨이엔터테인먼트,2025,CFS,40629357955.0,22531660204.0,18097697751.0,17715101421.0,,1606958144.0,30205067026.0,-9049022194.0,-13445998991.0,-1265155525.0,실패,,,,,CFS,False,0.43601726221272746,0.19292511180010913,True,주석대사실패
01513699,주식회사 포바이포,2022,CFS,66168527395.0,7993301645.0,58175225750.0,3411101173.0,,80963337.0,16194298353.0,-10498782236.0,-8775800027.0,121118521.0,성공,확정,False,0.0,278685000.0,,False,0.05155171661350527,0.22926402238679405,True,사용가능
01513699,주식회사 포바이포,2023,CFS,67013711064.0,24777618753.0,42236092311.0,18099190533.0,,1016358053.0,33751399462.0,-16258350170.0,-20571978089.0,-10210779553.0,성공,확정,False,0.0,1208540000.0,CFS,False,0.27008190183222,0.22926402238679405,True,사용가능
01513699,주식회사 포바이포,2024,CFS,59001944111.0,28490873991.0,30511070120.0,16388470667.0,,42496159.0,33275914511.0,-13890623243.0,-12295790748.0,-2629806839.0,성공,확정,False,962530000.0,1187023000.0,CFS,False,0.2777615367413736,0.22926402238679405,True,사용가능
01513699,주식회사 포바이포,2025,CFS,75780348550.0,35592702967.0,40187645583.0,14280514395.0,,39073291.0,33710336199.0,-7396321550.0,-10958570907.0,-2622964972.0,성공,확정,False,1090170000.0,997836000.0,CFS,False,0.18844614294136813,0.22926402238679405,True,사용가능
01518506,,2023,,,,,,,,,,,,실패,,,,,,False,,,False,본문없음
01518506,,2024,,,,,,,,,,,,실패,,,,,,False,,,False,본문없음
01518506,,2025,,,,,,,,,,,,실패,,,,,,False,,,False,본문없음
01584934,(주)핑거스토리,2022,OFS,18980723387.0,4671057279.0,14309666108.0,665193352.0,,,17409149957.0,986841680.0,-3606105255.0,1177183134.0,성공,확정,False,492526000.0,289300000.0,,False,0.035045732369483586,0.027421946368846553,True,사용가능
01584934,(주)핑거스토리,2023,OFS,33501433198.0,9633455073.0,23867978125.0,389789554.0,,,18424903125.0,1382110446.0,1729625547.0,2458684580.0,성공,확정,False,535390000.0,244312000.0,OFS,False,0.011635011305225892,0.027421946368846553,True,사용가능
01584934,(주)핑거스토리,2024,OFS,36508124369.0,10613878068.0,25894246301.0,722793701.0,,,18350259518.0,1506729855.0,1677827202.0,2366469676.0,성공,확정,False,126398000.0,134762000.0,OFS,False,0.01979816036820952,0.027421946368846553,True,사용가능
01584934,(주)핑거스토리,2025,CFS,50990299258.0,19861294695.0,31129004563.0,2783658832.0,,923140250.0,17299515760.0,847055617.0,3511556888.0,1662474857.0,성공,확정,False,35556000.0,86692000.0,OFS,True,0.05459192969069042,0.027421946368846553,True,사용가능
01605282,(주)닷밀,2024,OFS,45920636631.0,12650385624.0,33270251007.0,103251190.0,,245837544.0,23630302177.0,1023815806.0,960402797.0,3306711194.0,성공,확정,False,0.0,21474475.0,,False,0.0022484703517872706,0.0023565902683615847,False,적용대상아님
01605282,(주)닷밀,2025,OFS,45981374075.0,11681675546.0,34299698529.0,113330761.0,,325153745.0,33841306055.0,122524497.0,795505380.0,4158176988.0,성공,확정,False,0.0,30716497.0,OFS,False,0.002464710184935899,0.0023565902683615847,False,적용대상아님
01703849,(주)노머스,2024,CFS,98797027442.0,12655451457.0,86141575985.0,2110970912.0,,2559451493.0,68912539631.0,8181458723.0,9881745517.0,-32212663169.0,성공,확정,False,0.0,94822000.0,,False,0.021366745201309535,0.0195491272457412,True,사용가능
01703849,(주)노머스,2025,CFS,115399421477.0,11700652400.0,103698769077.0,2046205914.0,,1559160013.0,75725779285.0,12339888114.0,14847399441.0,762782738.0,성공,확정,False,0.0,131586000.0,CFS,False,0.017731509290172868,0.0195491272457412,True,사용가능
01704680,(주)엠83,2024,CFS,75374333554.0,24512099821.0,50862233733.0,10119957891.0,,1025468931.0,58163355345.0,1454115192.0,2819860069.0,-548092870.0,성공,확정,False,0.0,31605000.0,,False,0.1342626516724001,0.11953769183375806,True,사용가능
01704680,(주)엠83,2025,CFS,93563357851.0,49752879265.0,43810478586.0,9806631151.0,,7765106894.0,132396372517.0,-8966649833.0,-8856110682.0,-6719921033.0,성공,확정,False,267819000.0,91656000.0,CFS,False,0.10481273199511605,0.11953769183375806,True,사용가능
